-- phpMyAdmin SQL Dump
-- version 5.0.2
-- https://www.phpmyadmin.net/
--
-- Host: 127.0.0.1
-- Generation Time: Feb 08, 2021 at 04:47 PM
-- Server version: 10.4.13-MariaDB
-- PHP Version: 7.4.7

SET SQL_MODE = "NO_AUTO_VALUE_ON_ZERO";
START TRANSACTION;
SET time_zone = "+00:00";


/*!40101 SET @OLD_CHARACTER_SET_CLIENT=@@CHARACTER_SET_CLIENT */;
/*!40101 SET @OLD_CHARACTER_SET_RESULTS=@@CHARACTER_SET_RESULTS */;
/*!40101 SET @OLD_COLLATION_CONNECTION=@@COLLATION_CONNECTION */;
/*!40101 SET NAMES utf8mb4 */;

--
-- Database: `db_pos`
--

-- --------------------------------------------------------

--
-- Stand-in structure for view `paymenthistory`
-- (See below for the actual view)
--
CREATE TABLE `paymenthistory` (
`description` varchar(300)
,`credit` double
,`debit` double
,`date` timestamp
);

-- --------------------------------------------------------

--
-- Table structure for table `tbl_bank_account`
--

CREATE TABLE `tbl_bank_account` (
  `id` int(11) NOT NULL,
  `account_no` varchar(200) NOT NULL,
  `account_name` varchar(200) NOT NULL,
  `bank_name` varchar(200) NOT NULL,
  `balance` decimal(15,2) NOT NULL DEFAULT 0.00,
  `cretaed_at` timestamp NOT NULL DEFAULT current_timestamp(),
  `created_by` int(11) NOT NULL
) ENGINE=InnoDB DEFAULT CHARSET=utf8mb4;

--
-- Dumping data for table `tbl_bank_account`
--

INSERT INTO `tbl_bank_account` (`id`, `account_no`, `account_name`, `bank_name`, `balance`, `cretaed_at`, `created_by`) VALUES
(1, '102100140082996', 'SLN Traders', 'Peoples Bank', '247000.00', '2020-10-02 09:07:34', 1);

-- --------------------------------------------------------

--
-- Table structure for table `tbl_bank_transaction`
--

CREATE TABLE `tbl_bank_transaction` (
  `id` int(11) NOT NULL,
  `bank_account_id` int(11) NOT NULL,
  `amount` decimal(15,2) NOT NULL,
  `transaction_type` varchar(20) DEFAULT NULL,
  `description` varchar(300) NOT NULL,
  `date` date NOT NULL,
  `refrence_id` int(11) NOT NULL DEFAULT 0,
  `created_at` timestamp NOT NULL DEFAULT current_timestamp(),
  `created_by` int(11) NOT NULL
) ENGINE=InnoDB DEFAULT CHARSET=utf8mb4;

--
-- Dumping data for table `tbl_bank_transaction`
--

INSERT INTO `tbl_bank_transaction` (`id`, `bank_account_id`, `amount`, `transaction_type`, `description`, `date`, `refrence_id`, `created_at`, `created_by`) VALUES
(2, 1, '247000.00', 'Deposit', 'Opening Balance', '2021-01-10', 0, '2021-01-10 15:50:52', 1);

-- --------------------------------------------------------

--
-- Table structure for table `tbl_brand`
--

CREATE TABLE `tbl_brand` (
  `brand_id` int(10) NOT NULL,
  `brand_code` varchar(10) NOT NULL,
  `brand_name` varchar(20) NOT NULL
) ENGINE=InnoDB DEFAULT CHARSET=utf8mb4;

--
-- Dumping data for table `tbl_brand`
--

INSERT INTO `tbl_brand` (`brand_id`, `brand_code`, `brand_name`) VALUES
(1, 'B-01', 'Brand One'),
(2, 'B-02', 'Brand Two'),
(3, 'B-3', 'Brand Three'),
(4, 'B-0', 'NON BRAND'),
(5, 'NPN', 'Nippon'),
(6, 'BNGK', 'Bangkok'),
(7, 'KT', 'K Tech'),
(8, 'ML', 'Morex Lanka'),
(9, 'ARPC', 'Arpico'),
(11, 'SG K', 'Super Glue Kimcol'),
(12, 'SG H-T', 'Hi-Tech'),
(13, 'SG MB', 'Multibond'),
(14, 'WTR M', 'Water Master'),
(15, 'IND ', 'Indonesia'),
(16, 'TL A', 'AIKO'),
(17, 'JB ', 'JB Fishing I'),
(18, 'P A', 'ALCOA'),
(19, 'RG', 'Malysiya'),
(20, 'EC C', 'Causeway'),
(21, 'KPE', 'Yanmar'),
(22, 'SW', 'Winner'),
(23, 'S DBL', 'DBL'),
(24, 'Tools', 'YEII'),
(25, 'NBP', 'Pakistan'),
(26, 'NG C', 'China'),
(27, 'DASH', 'DASH'),
(28, '777', '777'),
(29, 'ABC', 'ABC'),
(30, 'JPN', 'Japan'),
(31, 'ASOKA 7', 'ASOKA 7'),
(32, 'PRMP', 'Parampara'),
(33, 'XMN', 'Ximin'),
(34, 'VTC', 'V-tech'),
(35, 'VN', 'Vision'),
(36, 'PVC', 'PVC'),
(37, 'FSR', 'Five Star'),
(38, 'FBJ', 'FBJ'),
(39, 'BMA', 'Bomma'),
(40, 'TSN', 'Tolsen'),
(41, 'ECLP', 'Eclips'),
(42, 'TYM', 'Toyoma'),
(43, 'ELPNT', 'Elephant'),
(44, 'ITSA', 'Intasa'),
(46, 'BLK', 'Baliga (India)'),
(47, 'MK', 'MAK'),
(48, 'MCSFT', 'Micro Soft'),
(49, 'OSFT', 'OCIAN SOFT'),
(52, 'SFT', 'OCEAN SOFT'),
(53, 'STRG', 'SuperStrong'),
(54, 'GMDSRSFT', 'GMD Super Soft'),
(55, 'LTRO', 'LITRO'),
(56, 'TWN', 'Taiwan'),
(57, 'Dmnd', 'DIAMOND'),
(58, 'SHNJI', 'SHEN JI'),
(59, 'KCA', 'Kacawa'),
(60, 'CLM', 'Cool man'),
(61, 'HSL', 'Hanza Lanka');

-- --------------------------------------------------------

--
-- Table structure for table `tbl_cart`
--

CREATE TABLE `tbl_cart` (
  `cart_id` int(11) NOT NULL,
  `sale_id` int(11) NOT NULL DEFAULT 0,
  `hold_id` int(11) NOT NULL DEFAULT 0,
  `item_id` int(11) NOT NULL,
  `batch_no` varchar(50) DEFAULT NULL,
  `item_cost` decimal(10,2) NOT NULL DEFAULT 0.00,
  `indirect_cost` decimal(10,2) NOT NULL DEFAULT 0.00,
  `item_price` decimal(10,2) NOT NULL DEFAULT 0.00,
  `retail_price` decimal(10,2) NOT NULL DEFAULT 0.00,
  `whole_sale_price` decimal(10,2) NOT NULL DEFAULT 0.00,
  `item_discount` decimal(10,2) NOT NULL DEFAULT 0.00,
  `item_quantity` decimal(10,2) NOT NULL DEFAULT 0.00,
  `created_by` int(11) NOT NULL
) ENGINE=InnoDB DEFAULT CHARSET=utf8mb4;

-- --------------------------------------------------------

--
-- Table structure for table `tbl_category`
--

CREATE TABLE `tbl_category` (
  `category_id` int(10) NOT NULL,
  `category_code` varchar(20) NOT NULL,
  `category_name` varchar(20) NOT NULL
) ENGINE=InnoDB DEFAULT CHARSET=utf8mb4;

--
-- Dumping data for table `tbl_category`
--

INSERT INTO `tbl_category` (`category_id`, `category_code`, `category_name`) VALUES
(1, 'saw', 'Hand saw '),
(6, 'Hook', 'Hook'),
(7, 'RP', 'Rope'),
(8, 'PDR', 'Powder'),
(9, 'WS', 'Wood Stick'),
(10, 'WB 5L', 'Water Bottle'),
(11, '7\" F', '7\" Float'),
(12, 'SBP G7', 'S Boya Pack G7'),
(13, 'LBP R G8', 'L Boya Rigifoam'),
(14, 'LB G8', 'L Boya G8'),
(15, '25 RB', '25kg Rigifoam Box'),
(16, 'SG K', 'Super Glue'),
(17, 'Boya', 'Boya'),
(18, 'SB', 'Sopping Bag'),
(19, 'CB', 'Cloth'),
(20, 'BD C', 'Boad Carpet'),
(21, 'CKR S', 'Cooker Steel '),
(22, 'CKR N', 'Cooker'),
(23, 'BD F', 'Fan'),
(24, '', 'Bucket'),
(26, 'SHFT MB', 'Shaft'),
(27, 'HSC ', 'Hose Clip'),
(29, 'ACT', 'ACIT'),
(30, 'MT R', 'Mat Roll'),
(31, 'KNS', 'Steel'),
(32, 'RS', 'Resin'),
(33, 'BP', 'Paint Blue'),
(35, 'YP', 'Paint'),
(37, 'RL', 'Roller'),
(39, 'B', 'Brush'),
(40, 'KN N', 'Knife'),
(41, 'GLW ', 'Hand Glow'),
(42, 'C NL', 'Nails'),
(43, 'GR  D', 'Disc'),
(44, 'SPD', 'Plate'),
(45, 'SS M', 'Spoon'),
(46, 'F P', 'Pot'),
(47, 'TSC M', 'Cup'),
(48, 'H M', 'Mustad'),
(49, 'TL AS-883', 'Torch Light'),
(50, 'FL', 'Light'),
(51, 'NT ', 'Nylon Twine'),
(52, 'STY S', 'Shoe'),
(53, 'TR', 'Tape'),
(54, 'PBL', 'Bottel'),
(55, 'WDW', 'Dish Wash'),
(56, 'RLTR', 'Regulater'),
(58, 'Y PRTS', 'YAnmar'),
(59, 'Y PArt', 'Yanmar Parts'),
(60, 'MB', 'Gum'),
(62, 'FM', 'FM Pin'),
(63, 'SW T', 'Tools'),
(64, 'BARU', 'BARU'),
(65, 'SW', 'SWIVELL'),
(66, 'Rubber', 'Rubber Fish'),
(67, 'Plastic', 'Plastic'),
(68, 'BELT', 'BELT'),
(69, 'Screwdriver', 'Screwdriver'),
(70, 'Cable MP', 'Cable'),
(71, 'Vemba', 'Vemba V'),
(72, 'XL', 'Cycle'),
(74, 'Knife', 'Knife ST'),
(75, 'Tube', 'Tube'),
(76, 'WT', 'Water Pump 2'),
(77, 'WP', 'Water Pump '),
(78, 'Battery', 'Battery S'),
(79, 'Compass', 'M'),
(80, 'Tape', 'Roll'),
(81, 'IN', 'Stick'),
(82, 'LCK', 'Lock'),
(83, 'WR', 'Wire'),
(84, 'FLG', 'FLUG'),
(86, 'FG', 'Flag'),
(87, 'GS', 'Grees'),
(89, 'CTR', 'Connector'),
(91, 'HSW', 'SAW'),
(92, 'CIN', 'Chain'),
(93, 'SPPR', 'Sain Paper'),
(94, 'PLTN', 'Polyethyne '),
(95, 'RBN', 'Ribbon'),
(96, 'PJ', 'Panju'),
(98, 'Kcl', 'Kachal'),
(101, 'FSL', 'Fishing Line '),
(102, 'PMP', 'Pump'),
(104, 'PLTE', 'Samburani'),
(105, 'JKT', 'Jacket'),
(106, 'MAK', 'OIL'),
(107, 'TB XL', 'Baral'),
(108, 'cool box', 'Cool Box'),
(109, 'RGFM', 'Rigifoam Box 15kg '),
(110, 'IICE', 'ICE'),
(111, 'DISL', 'Diesel'),
(112, 'Boat Anchor', 'Boat Anchor'),
(115, 'Gas', 'GAS'),
(116, 'Cuttle Fish', 'Cuttle Fish');

-- --------------------------------------------------------

--
-- Table structure for table `tbl_expences`
--

CREATE TABLE `tbl_expences` (
  `expences_id` int(11) NOT NULL,
  `amount` double NOT NULL,
  `discription` varchar(300) NOT NULL,
  `Date` timestamp NOT NULL DEFAULT current_timestamp()
) ENGINE=InnoDB DEFAULT CHARSET=utf8mb4;

--
-- Dumping data for table `tbl_expences`
--

INSERT INTO `tbl_expences` (`expences_id`, `amount`, `discription`, `Date`) VALUES
(1, 5000, 'petrol for bike', '2020-07-27 18:30:00'),
(3, 10000, 'Bill', '2020-08-07 18:30:00'),
(4, 6000, 'Salary', '2020-08-27 18:30:00'),
(5, 300, 'Break Fast', '2021-01-10 18:30:00'),
(6, 20, 'Donation', '2021-01-11 18:30:00'),
(7, 240, 'Bresk Fast', '2021-01-12 18:30:00'),
(8, 240, 'BF', '2021-01-13 18:30:00'),
(9, 2250, 'Paper for Print Work', '2021-01-15 18:30:00'),
(10, 100, 'BF', '2021-01-14 18:30:00'),
(11, 250, 'BF', '2021-01-15 18:30:00');

-- --------------------------------------------------------

--
-- Table structure for table `tbl_invoice`
--

CREATE TABLE `tbl_invoice` (
  `id` int(11) NOT NULL,
  `people_id` int(11) NOT NULL,
  `reference` varchar(250) DEFAULT NULL,
  `total` double NOT NULL,
  `discount` double NOT NULL,
  `paid_amount` double NOT NULL,
  `refund_amount` double NOT NULL,
  `profit` double NOT NULL DEFAULT 0,
  `indirect_profit` double NOT NULL DEFAULT 0,
  `status` varchar(50) NOT NULL DEFAULT 'Closed',
  `created_at` timestamp NOT NULL DEFAULT current_timestamp(),
  `created_by` int(11) NOT NULL
) ENGINE=InnoDB DEFAULT CHARSET=utf8mb4;

--
-- Dumping data for table `tbl_invoice`
--

INSERT INTO `tbl_invoice` (`id`, `people_id`, `reference`, `total`, `discount`, `paid_amount`, `refund_amount`, `profit`, `indirect_profit`, `status`, `created_at`, `created_by`) VALUES
(4, 1, '', 200, 0, 200, 0, 120, 0, 'Closed', '2021-01-05 10:25:33', 1),
(6, 1, '', 170, 0, 170, 0, 20, 0, 'Closed', '2021-01-06 01:29:58', 1),
(7, 1, '', 1900, 0, 1900, 0, 200, 0, 'Closed', '2021-01-06 01:53:08', 1),
(8, 1, '', 100, 0, 100, 0, 15, 0, 'Closed', '2021-01-06 02:59:01', 1),
(9, 1, '', 690, 0, 690, 0, 110, 0, 'Closed', '2021-01-06 03:01:27', 1),
(10, 11, '', 1500, 0, 1500, 0, 420, 0, 'Closed', '2021-01-06 03:04:23', 1),
(11, 12, '', 1050, 0, 1050, 0, 255, 0, 'Closed', '2021-01-06 03:12:24', 1),
(12, 13, '', 500, 0, 500, 0, 140, 0, 'Closed', '2021-01-06 03:14:05', 1),
(13, 1, '', 2000, 0, 2000, 0, 400, 0, 'Closed', '2021-01-06 04:13:43', 1),
(14, 1, '', 170, 0, 170, 0, 10, 0, 'Closed', '2021-01-06 04:34:09', 1),
(15, 1, '', 400, 0, 400, 0, 150, 0, 'Closed', '2021-01-06 06:02:19', 1),
(16, 1, '', 40, 0, 40, 0, 15, 0, 'Closed', '2021-01-06 06:59:22', 1),
(17, 1, '', 60, 0, 60, 0, 10, 0, 'Closed', '2021-01-06 07:36:53', 1),
(18, 1, '', 20, 0, 20, 0, 10, 0, 'Closed', '2021-01-06 07:52:35', 1),
(19, 1, '', -20, 0, -20, 0, -10, 0, 'Closed', '2021-01-06 07:55:47', 1),
(20, 1, '', 30, 0, 30, 0, 5, 0, 'Closed', '2021-01-06 07:56:08', 1),
(21, 1, '', 180000, 0, 180000, 0, 30000, 0, 'Closed', '2021-01-06 08:28:04', 1),
(22, 1, '', -180000, 0, -180000, 0, -30000, 0, 'Closed', '2021-01-06 08:29:07', 1),
(23, 1, '', 740, 0, 740, 0, 176, 0, 'Closed', '2021-01-06 09:42:23', 1),
(24, 1, '', 1600, 0, 1600, 0, 100, 0, 'Closed', '2021-01-06 10:58:42', 1),
(25, 1, '', 240, 0, 240, 0, 50, 0, 'Closed', '2021-01-06 12:04:32', 1),
(26, 1, '', 150, 0, 150, 0, 65, 0, 'Closed', '2021-01-06 12:34:38', 1),
(30, 1, '', 1260, 0, 1260, 0, 190, 0, 'Closed', '2021-01-07 02:17:45', 1),
(31, 1, '', 400, 0, 400, 0, 60, 0, 'Closed', '2021-01-07 02:28:38', 1),
(32, 1, '', 550, 0, 550, 0, 150, 0, 'Closed', '2021-01-07 02:29:50', 1),
(33, 1, '', 550, 0, 550, 0, 150, 0, 'Closed', '2021-01-07 02:49:46', 1),
(34, 1, '', 300, 0, 300, 0, 70, 0, 'Closed', '2021-01-07 02:53:52', 1),
(35, 1, '', 100, 0, 100, 0, 40, 0, 'Closed', '2021-01-07 03:29:08', 1),
(36, 1, '', 3680, 7, 3680, 0, 766.5, 0, 'Closed', '2021-01-07 05:23:38', 1),
(37, 1, '', 2637, 0, 2637, 0, 466.5, 0, 'Closed', '2021-01-07 05:27:18', 1),
(38, 1, '', -3680, -7, -3680, 0, -766.5, 0, 'Closed', '2021-01-07 05:33:45', 1),
(39, 1, '', 1000, 0, 1000, 0, 100, 0, 'Closed', '2021-01-07 05:38:27', 1),
(40, 1, '', 150, 0, 150, 0, 60, 0, 'Closed', '2021-01-07 05:42:24', 1),
(41, 1, '', 1100, 0, 1100, 0, 150, 0, 'Closed', '2021-01-07 06:04:58', 1),
(42, 1, '', 1940, 0, 1940, 0, 460, 0, 'Closed', '2021-01-07 06:35:22', 1),
(43, 1, '', 1290, 0, 1290, 0, 165, 0, 'Closed', '2021-01-07 06:42:01', 1),
(44, 1, '', -1290, 0, -1290, 0, -165, 0, 'Closed', '2021-01-07 06:42:30', 1),
(45, 1, '', 3000, 0, 3000, 0, 1300, 0, 'Closed', '2021-01-07 07:08:45', 1),
(46, 1, '', 20000, 0, 20000, 0, 3000, 0, 'Closed', '2021-01-07 07:45:27', 1),
(47, 1, '', -20000, 0, -20000, 0, -3000, 0, 'Closed', '2021-01-07 07:47:55', 1),
(48, 1, '', 300, 0, 300, 0, 70, 0, 'Closed', '2021-01-07 09:38:08', 1),
(49, 1, '', 100, 0, 100, 0, 30, 0, 'Closed', '2021-01-07 09:38:32', 1),
(50, 1, '', 1460, 2, 1460, 0, 187, 0, 'Closed', '2021-01-07 09:45:13', 1),
(51, 1, '', 2690, 7, 2690, 0, 446.5, 0, 'Closed', '2021-01-07 11:14:01', 1),
(52, 1, '', 100, 0, 100, 0, 60, 0, 'Closed', '2021-01-07 11:16:21', 1),
(53, 14, '', 450, 0, 0, 0, 100, 0, 'Closed', '2021-01-07 11:18:28', 1),
(54, 1, '', 3500, 50.6, 3500, 0, 621.2, 0, 'Closed', '2021-01-07 12:36:04', 1),
(55, 1, '', 1400, 0, 1400, 0, 335, 0, 'Closed', '2021-01-07 12:38:47', 1),
(62, 1, '', -38000, 0, -38000, 0, -3000, 0, 'Closed', '2021-01-07 13:52:37', 1),
(63, 21, '', 40000, 0, 20000, 0, 5000, 0, 'Closed', '2021-01-06 18:30:00', 1),
(64, 1, '', -38000, 0, -38000, 0, -3000, 0, 'Closed', '2021-01-07 13:55:09', 1),
(65, 1, '', 1580, 0, 1580, 0, 303, 0, 'Closed', '2021-01-07 14:28:26', 1),
(66, 1, '', 1600, 0, 1600, 0, 650, 0, 'Closed', '2021-01-08 02:24:57', 1),
(67, 1, '', 8100, 0, 8100, 0, 720, 0, 'Closed', '2021-01-08 02:32:47', 1),
(68, 1, '', 100, 0, 100, 0, 30, 0, 'Closed', '2021-01-08 02:33:07', 1),
(69, 1, '', 1000, 0, 1000, 0, 240, 0, 'Closed', '2021-01-08 02:35:24', 1),
(70, 1, '', 100, 0, 100, 0, 15, 0, 'Closed', '2021-01-08 03:14:08', 1),
(71, 22, '', 5275, 0, 0, 0, 898, 0, 'Closed', '2021-01-08 03:30:01', 1),
(72, 22, '', -720, 0, 0, 0, -10, 0, 'Closed', '2021-01-08 03:34:17', 1),
(73, 1, '', 700, 0, 700, 0, 130, 0, 'Closed', '2021-01-08 03:40:12', 1),
(74, 1, '', 2650, 10, 2650, 0, 434, 0, 'Closed', '2021-01-08 04:24:09', 1),
(75, 1, '', 1000, 0, 1000, 0, 169, 0, 'Closed', '2021-01-08 04:28:17', 1),
(76, 1, '', 770, 0, 770, 0, 190, 0, 'Closed', '2021-01-08 04:30:30', 1),
(77, 22, '', 1800, 0, 0, 0, 346, 0, 'Closed', '2021-01-08 04:39:18', 1),
(78, 1, '', -450, 0, -450, 0, -75, 0, 'Closed', '2021-01-08 04:40:42', 1),
(79, 50, 'AlabDeen', 4170, 5, 4170, 0, 945, 0, 'Closed', '2021-01-07 18:30:00', 1),
(80, 1, '', 100, 0, 100, 0, 40, 0, 'Closed', '2021-01-08 05:01:36', 1),
(81, 1, '', 400, 0, 400, 0, 60, 0, 'Closed', '2021-01-08 05:08:24', 1),
(82, 22, '', 1100, 0, 0, 0, 300, 0, 'Closed', '2021-01-08 05:34:52', 1),
(83, 22, '', 500, 0, 0, 0, 100, 0, 'Closed', '2021-01-08 05:45:32', 1),
(84, 1, '', 9525, 0, 9525, 0, 762, 0, 'Closed', '2021-01-08 05:58:38', 1),
(85, 1, '', 150, 10, 150, 0, 50, 0, 'Closed', '2021-01-08 06:06:41', 1),
(86, 22, '', 1200, 0, 1200, 0, 269, 0, 'Closed', '2021-01-08 06:28:21', 1),
(87, 1, '', 3240, 0, 3240, 0, 259.2, 0, 'Closed', '2021-01-08 06:56:47', 1),
(88, 1, '', -3240, 0, -3240, 0, -259.2, 0, 'Closed', '2021-01-08 06:59:44', 1),
(89, 50, 'Rafai', 6890, 0, 6890, 0, 919.2, 0, 'Closed', '2021-01-07 18:30:00', 1),
(90, 1, '', 970, 0, 970, 0, 184, 0, 'Closed', '2021-01-08 07:06:53', 1),
(91, 1, '', 30, 0, 30, 0, 10, 0, 'Closed', '2021-01-08 07:08:44', 1),
(92, 14, '', 1170, 0, 0, 0, 198, 0, 'Closed', '2021-01-08 08:50:42', 1),
(93, 14, '', 50, 0, 0, 0, 20, 0, 'Closed', '2021-01-08 12:31:01', 1),
(94, 50, 'Rafai', 1150, 0, 1150, 0, 180, 0, 'Closed', '2021-01-07 18:30:00', 1),
(95, 1, '', 3056, 0, 3056, 0, 363.5, 0, 'Closed', '2021-01-08 12:56:27', 1),
(96, 14, '', 20, 0, 0, 0, 10, 0, 'Closed', '2021-01-08 12:59:29', 1),
(98, 1, '', 400, 0, 400, 0, 60, 0, 'Closed', '2021-01-08 13:04:00', 1),
(100, 1, '', 3056, 399, 3056, 0, 762.5, 0, 'Closed', '2021-01-08 13:07:26', 1),
(101, 1, '', -6112, 0, -6112, 0, -727, 0, 'Closed', '2021-01-08 13:13:23', 1),
(102, 1, '', 100, 0, 100, 0, 30, 0, 'Closed', '2021-01-08 13:36:11', 1),
(103, 1, '', 375, 0, 375, 0, 75, 0, 'Closed', '2021-01-09 02:31:47', 1),
(104, 1, '', 550, 0, 550, 0, 210, 0, 'Closed', '2021-01-09 02:34:41', 1),
(105, 1, '', 250, 0, 250, 0, 40, 0, 'Closed', '2021-01-09 02:35:52', 1),
(106, 1, '', 1260, 0, 1260, 0, 160, 0, 'Closed', '2021-01-09 02:40:03', 1),
(107, 1, '', 4950, 0, 4950, 0, 435, 0, 'Closed', '2021-01-09 02:43:24', 1),
(108, 1, '', 400, 0, 400, 0, 60, 0, 'Closed', '2021-01-09 02:47:22', 1),
(109, 1, '', 100, 0, 100, 0, 50, 0, 'Closed', '2021-01-09 02:57:13', 1),
(110, 1, '', 2200, 50, 2200, 0, 600, 0, 'Closed', '2021-01-09 03:15:52', 1),
(111, 14, '', 245, 0, 0, 0, 98, 0, 'Closed', '2021-01-09 03:20:25', 1),
(112, 1, '', 170, 0, 170, 0, 20, 0, 'Closed', '2021-01-09 03:22:59', 1),
(113, 1, '', 1750, 50, 1750, 0, 290, 0, 'Closed', '2021-01-09 03:31:15', 1),
(114, 50, 'Alabdeen', 2460, 0, 2460, 0, 685, 0, 'Closed', '2021-01-08 18:30:00', 1),
(115, 1, '', 897, 0, 897, 0, 338, 0, 'Closed', '2021-01-09 04:26:44', 1),
(116, 1, '', 140, 0, 140, 0, 20, 0, 'Closed', '2021-01-09 04:30:28', 1),
(117, 1, '', 100, 0, 100, 0, 50, 0, 'Closed', '2021-01-09 04:33:31', 1),
(118, 1, '', 1150, 0, 1150, 0, 190, 0, 'Closed', '2021-01-09 04:35:26', 1),
(119, 1, '', 500, 0, 500, 0, -50, 0, 'Closed', '2021-01-09 04:36:24', 1),
(120, 1, '', 300, 0, 300, 0, 60, 0, 'Closed', '2021-01-09 04:40:10', 1),
(121, 1, 'Mohamed Sacha', 1680, 0, 1680, 0, 320, 0, 'Closed', '2021-01-09 04:44:52', 1),
(122, 1, '', 700, 0, 700, 0, 90, 0, 'Closed', '2021-01-09 04:52:49', 1),
(123, 14, '', 550, 0, 0, 0, 55, 0, 'Closed', '2021-01-09 04:54:40', 1),
(124, 24, '', 1700, 0, 0, 0, 285, 0, 'Closed', '2021-01-09 05:01:16', 1),
(125, 50, 'Kiyathu', 3996.5, 0, 750, 0, 804, 0, 'Closed', '2021-01-08 18:30:00', 1),
(127, 1, '', 175, 0, 175, 0, 70, 0, 'Closed', '2021-01-09 05:29:00', 1),
(128, 14, '', 150, 0, 0, 0, 60, 0, 'Closed', '2021-01-09 05:32:09', 1),
(129, 1, '', 50, 0, 50, 0, 10, 0, 'Closed', '2021-01-09 06:16:34', 1),
(130, 1, '', 100, 0, 100, 0, 40, 0, 'Closed', '2021-01-09 06:51:16', 1),
(131, 25, '', 31700, 0, 0, 0, 5050, 0, 'Closed', '2021-01-09 07:06:06', 1),
(132, 1, '', -180, 0, -180, 0, -20, 0, 'Closed', '2021-01-09 07:10:17', 1),
(133, 23, 'Nasar Thandayal', 5460, 0, 0, 0, 1021.2, 0, 'Closed', '2021-01-09 07:18:49', 1),
(134, 23, 'Aswer', 5280, 0, 0, 0, 839, 0, 'Closed', '2021-01-08 18:30:00', 1),
(135, 1, '', 375, 0, 375, 0, 175, 0, 'Closed', '2021-01-09 07:25:05', 1),
(136, 22, '', 360, 0, 0, 0, 40, 0, 'Closed', '2021-01-09 08:14:24', 1),
(137, 1, '', 200, 0, 200, 0, 60, 0, 'Closed', '2021-01-09 10:18:06', 1),
(138, 1, '', 1650, 0, 1650, 0, 300, 0, 'Closed', '2021-01-09 13:36:26', 1),
(139, 1, '', 18600, 0, 18600, 0, 1536, 0, 'Closed', '2021-01-09 14:03:06', 1),
(140, 1, '', 2430, 0, 2430, 0, 504, 0, 'Closed', '2021-01-10 03:17:44', 1),
(142, 1, '', 3450, 0, 3450, 0, 440, 0, 'Closed', '2021-01-10 03:43:45', 1),
(143, 1, '', 9400, 0, 9400, 0, 800, 0, 'Closed', '2021-01-10 03:44:43', 1),
(144, 1, '', 340, 0, 340, 0, 25, 0, 'Closed', '2021-01-10 03:49:35', 1),
(145, 1, '', 925, 0, 925, 0, 240, 0, 'Closed', '2021-01-10 04:23:25', 1),
(146, 1, '', 250, 0, 250, 0, 50, 0, 'Closed', '2021-01-10 04:28:40', 1),
(147, 1, '', 2100, 0, 2100, 0, 570, 0, 'Closed', '2021-01-10 04:44:49', 1),
(148, 1, '', 320, 0, 320, 0, 70, 0, 'Closed', '2021-01-10 04:45:33', 1),
(149, 1, '', 1500, 0, 1500, 0, 60, 0, 'Closed', '2021-01-10 04:51:23', 1),
(150, 1, '', 3450, 0, 3450, 0, 336, 0, 'Closed', '2021-01-10 04:52:31', 1),
(151, 1, '', 50, 0, 50, 0, 10, 0, 'Closed', '2021-01-10 04:59:20', 1),
(152, 16, '', 2190, 0, 900, 0, 595, 0, 'Closed', '2021-01-09 18:30:00', 1),
(153, 1, '', 950, 0, 950, 0, 154, 0, 'Closed', '2021-01-10 05:16:10', 1),
(154, 1, '', 145, 0, 145, 0, 40, 0, 'Closed', '2021-01-10 05:19:35', 1),
(155, 1, '', 1300, 0, 1300, 0, 300, 0, 'Closed', '2021-01-10 05:36:00', 1),
(156, 1, '', 20, 0, 20, 0, 10, 0, 'Closed', '2021-01-10 05:36:57', 1),
(157, 1, '', 95, 0, 95, 0, 38, 0, 'Closed', '2021-01-10 06:24:31', 1),
(158, 1, '', 150, 0, 150, 0, 70, 0, 'Closed', '2021-01-10 06:42:31', 1),
(159, 1, '', 20, 0, 20, 0, 10, 0, 'Closed', '2021-01-09 18:30:00', 1),
(160, 1, '', 100, 0, 100, 0, 30, 0, 'Closed', '2021-01-10 07:30:08', 1),
(161, 26, '', 1590, 0, 0, 0, -60, 0, 'Closed', '2021-01-09 18:30:00', 1),
(162, 1, '', 200, 5, 130, 0, 50, 0, 'CLOSED', '2021-01-09 18:30:00', 1),
(163, 1, '', 1450, 0, 1450, 0, 380, 0, 'Closed', '2021-01-11 02:59:40', 1),
(164, 1, '', 750, 0, 750, 0, 210, 0, 'Closed', '2021-01-11 03:00:26', 1),
(165, 1, '', 650, 0, 650, 0, 180, 0, 'CLOSED', '2021-01-11 03:09:05', 1),
(166, 29, 'Jamal Mama', 3950, 200, 200, 0, 1115, 0, 'Closed', '2021-01-10 18:30:00', 1),
(167, 29, '', 50, 0, 0, 0, 24, 0, 'CLOSED', '2021-01-11 03:54:50', 1),
(168, 1, '', 800, 0, 800, 0, 150, 0, 'CLOSED', '2021-01-11 03:56:15', 1),
(169, 1, '', 550, 0, 550, 0, 94, 0, 'CLOSED', '2021-01-11 04:22:38', 1),
(170, 1, '', 50, 0, 50, 0, 15, 0, 'CLOSED', '2021-01-11 05:09:02', 1),
(171, 1, '', 1500, 0, 1500, 0, 400, 0, 'CLOSED', '2021-01-11 05:17:39', 1),
(172, 1, '', 80, 0, 80, 0, 10, 0, 'CLOSED', '2021-01-11 05:24:24', 1),
(173, 1, '', 20, 0, 20, 0, 8, 0, 'CLOSED', '2021-01-11 05:54:49', 1),
(174, 23, 'Ismail Nana', 94192.5, 0, 0, 0, 14452, 0, 'Closed', '2021-01-10 18:30:00', 1),
(175, 1, '', 2135.2, 0, 4035.2, 0, 467.9, 0, 'CLOSED', '2021-01-10 18:30:00', 1),
(176, 1, '', 270, 0, 270, 0, 20, 0, 'CLOSED', '2021-01-11 10:10:13', 1),
(177, 10, '', 15395, 0, 0, 0, 2309, 0, 'Closed', '2021-01-10 18:30:00', 1),
(178, 1, '', 1576, 0, 1576, 0, 326, 0, 'CLOSED', '2021-01-11 11:38:56', 1),
(179, 1, '', 200, 0, 200, 0, 115, 0, 'CLOSED', '2021-01-11 11:44:45', 1),
(180, 1, '', 1400, 11.5, 1400, 0, 227.75, 0, 'CLOSED', '2021-01-11 13:05:44', 1),
(181, 14, 'LM 9510 Lorry Service', 5500, 0, 0, 0, 550, 0, 'CLOSED', '2021-01-11 13:21:47', 1),
(182, 14, 'Shop Use', 150, 0, 0, 0, 60, 0, 'Closed', '2021-01-10 18:30:00', 1),
(183, 1, '', 1100, 0, 1100, 0, 150, 0, 'Closed', '2021-01-12 02:58:29', 1),
(184, 1, '', 1260, 10, 1260, 0, 160, 0, 'Closed', '2021-01-12 03:30:57', 1),
(185, 48, 'Rikkas Moulavi', 3900, 2.8, 3900, 0, 795.6, 0, 'Closed', '2021-01-11 18:30:00', 1),
(186, 14, '208 BCO Work', 130, 0, 0, 0, 20, 0, 'Closed', '2021-01-12 04:01:19', 1),
(187, 1, '', 100, 0, 100, 0, 50, 0, 'Closed', '2021-01-12 04:05:55', 1),
(188, 14, '208 BCO Boad Work', 788.4, 0, 0, 0, 225.8, 0, 'Closed', '2021-01-12 04:13:20', 1),
(189, 14, '208 BCO Work BC', -180, 0, 0, 0, -30, 0, 'Closed', '2021-01-12 04:25:36', 1),
(190, 1, '', 175, 1.4, 175, 0, 37.8, 0, 'Closed', '2021-01-12 04:30:55', 1),
(191, 37, '', 17800.5, 0, 0, 0, 4153.75, 0, 'Closed', '2021-01-11 18:30:00', 1),
(192, 1, '', 600, 0, 600, 0, 170, 0, 'Closed', '2021-01-12 05:12:00', 1),
(193, 1, '', 350, 0, 350, 0, 150, 0, 'Closed', '2021-01-12 05:41:05', 1),
(195, 14, '', 100, 0, 0, 0, 30, 0, 'Closed', '2021-01-11 18:30:00', 1),
(196, 14, 'LM Lorry', 20, 0, 0, 0, 4, 0, 'Closed', '2021-01-12 08:20:50', 1),
(197, 1, '', 100, 0, 100, 0, 30, 0, 'Closed', '2021-01-12 11:54:18', 1),
(198, 1, '', 400, 0, 400, 0, 160, 0, 'Closed', '2021-01-12 12:09:18', 1),
(199, 1, '', 600, 0, 600, 0, 50, 0, 'Closed', '2021-01-12 12:25:43', 1),
(200, 25, '12.01.2020 MRF', 6120, 0, 0, 0, 960, 0, 'Closed', '2021-01-12 13:34:15', 1),
(201, 1, '', 2325, 0, 475, 0, 230, 0, 'Closed', '2021-01-12 18:30:00', 1),
(202, 50, 'Matheen', 8680, 4, 8680, 0, 1149.2, 0, 'Closed', '2021-01-12 18:30:00', 1),
(203, 1, '', 50, 0, 50, 0, 24, 0, 'Closed', '2021-01-13 05:14:20', 1),
(204, 29, 'NAWAS', 5630, 2.5, 0, 0, 881, 0, 'Closed', '2021-01-13 06:23:08', 1),
(205, 1, '', 100, 3.5, 100, 0, 17.25, 0, 'Closed', '2021-01-13 07:04:24', 1),
(206, 1, '', 200, 0, 200, 0, 115, 0, 'Closed', '2021-01-13 07:52:13', 1),
(207, 1, '', -1200, 0, -1200, 0, -480, 0, 'Closed', '2021-01-13 08:12:56', 1),
(208, 1, '', 880, 0, 880, 0, 80, 0, 'Closed', '2021-01-13 08:17:44', 1),
(209, 1, '', 1300, 0, 1300, 0, 10, 0, 'Closed', '2021-01-13 09:01:41', 1),
(210, 1, '', 1100, 0, 1100, 0, 150, 0, 'Closed', '2021-01-13 13:19:19', 1),
(211, 1, '', 680, 9.2, 680, 0, 125.2, 0, 'Closed', '2021-01-14 03:05:49', 1),
(212, 1, '', 850, 0, 850, 0, 198, 0, 'Closed', '2021-01-14 03:47:01', 1),
(213, 1, '', 480, 0, 480, 0, 240, 0, 'Closed', '2021-01-14 04:30:08', 1),
(214, 25, '', 17200, 0, 0, 0, 2200, 0, 'Closed', '2021-01-14 04:36:00', 1),
(215, 1, '', 1100, 0, 1100, 0, 310, 0, 'Closed', '2021-01-14 05:21:41', 1),
(216, 1, '', 1100, 0, 1100, 0, 150, 0, 'Closed', '2021-01-14 05:38:03', 1),
(217, 14, 'Lorry', 700, 0, 0, 0, 115, 0, 'Closed', '2021-01-13 18:30:00', 1),
(218, 1, '', 3100, 9.6, 3100, 0, 741.7, 0, 'Closed', '2021-01-14 06:43:00', 1),
(219, 1, '', 160, 2.5, 160, 0, 65, 0, 'Closed', '2021-01-14 07:05:32', 1),
(220, 1, '', 1750, 0, 1550, 0, 80, 0, 'Closed', '2021-01-13 18:30:00', 1),
(221, 48, 'Rikkas Maulavi', 4110, 2.4, 2490, 0, 703.8, 0, 'Closed', '2021-01-13 18:30:00', 1),
(222, 38, 'Muhamed Satchcha', 48181.5, -0.5, 3240, 0, 7841.3, 0, 'Closed', '2021-01-13 18:30:00', 1),
(223, 1, 'Asmir Nana', 2240, 0, 2040, 0, 340, 0, 'Closed', '2021-01-13 18:30:00', 1),
(224, 25, '', 4233.6, 0, 0, 0, 907.2, 0, 'Closed', '2021-01-14 13:12:51', 1),
(225, 38, 'ICE & DIESEL BILL', 84840, 0, 0, 0, 6120, 0, 'Closed', '2021-01-13 18:30:00', 1),
(226, 1, '', 800, 0, 320, 0, 50, 0, 'Closed', '2021-01-14 18:30:00', 1),
(227, 14, '', 1100, 0, 0, 0, 150, 0, 'Closed', '2021-01-14 18:30:00', 1),
(228, 1, '', 475, 0, 475, 0, 190, 0, 'Closed', '2021-01-14 18:30:00', 1),
(229, 14, 'New Bill Pending AC', 12275, 0, 0, 0, 2205, 0, 'Closed', '2021-01-14 18:30:00', 1),
(230, 48, 'Rikkas Moulavi', 10700, 0, 0, 0, 3000, 0, 'Closed', '2021-01-14 18:30:00', 1),
(231, 19, '', 3315, 0, 0, 0, 823, 0, 'Closed', '2021-01-14 18:30:00', 1),
(232, 1, '', 1275, 0, 1230, 0, 243, 0, 'Closed', '2021-01-14 18:30:00', 1),
(233, 1, '', 4402.8, 0, 4402.8, 0, 842.8, 0, 'Closed', '2021-01-15 10:02:17', 1),
(234, 49, 'Jesim Nana', 300, 0, 0, 0, 50, 0, 'Closed', '2021-01-14 18:30:00', 1),
(235, 1, '', 1100, 0, 1100, 0, 340, 0, 'Closed', '2021-01-15 10:47:18', 1),
(236, 1, '', 310, 0, 310, 0, 18, 0, 'Closed', '2021-01-15 10:48:08', 1),
(237, 1, '', 400, 0, 0, 0, 74, 0, 'Closed', '2021-01-14 18:30:00', 1),
(238, 1, '', 700, 5, 700, 0, 175, 0, 'Closed', '2021-01-15 11:40:43', 1),
(239, 1, '', 2200, 50, 2200, 0, 600, 0, 'Closed', '2021-01-15 12:05:03', 1),
(240, 1, '', 1295, 0, 210, 0, 190, 0, 'Closed', '2021-01-14 18:30:00', 1),
(241, 1, '', 9570, 0, 5700, 0, 1290, 0, 'Closed', '2021-01-14 18:30:00', 1),
(242, 1, '', 650, 0, 650, 0, 28, 0, 'Closed', '2021-01-16 02:06:29', 1),
(243, 1, '', 1200, 0, 1200, 0, 200, 0, 'Closed', '2021-01-16 02:33:37', 1),
(244, 1, '', 780, 0, 780, 0, 187, 0, 'Closed', '2021-01-16 02:40:33', 1),
(245, 13, '', 1600, 0, 0, 0, 38, 0, 'Closed', '2021-01-16 02:42:13', 1),
(246, 9, '', 1450, 0, 0, 0, 270, 0, 'Closed', '2021-01-15 18:30:00', 1),
(247, 12, '', 700, 0, 0, 0, 198, 0, 'Closed', '2021-01-16 02:46:01', 1),
(248, 1, '', 120, 5, 120, 0, 25, 0, 'Closed', '2021-01-16 02:50:04', 1),
(249, 18, '', 450, 0, 0, 0, 124, 0, 'Closed', '2021-01-16 02:52:16', 1),
(250, 19, '', 1120, 0, 0, 0, 260, 0, 'Closed', '2021-01-15 18:30:00', 1),
(251, 1, '', 4660, 5.5, 4660, 0, 542.5, 0, 'Closed', '2021-01-16 03:00:05', 1),
(252, 1, '', 1100, 0, 1100, 0, 225, 0, 'Closed', '2021-01-16 03:01:54', 1),
(253, 1, '', 950, 0, 950, 0, 350, 0, 'Closed', '2021-01-16 03:05:24', 1),
(254, 1, '', 250, 0, 250, 0, 50, 0, 'Closed', '2021-01-16 03:06:45', 1),
(255, 1, '', 200, 0, 200, 0, 30, 0, 'Closed', '2021-01-16 03:07:07', 1),
(256, 1, '', 300, 0, 300, 0, 50, 0, 'Closed', '2021-01-16 03:17:10', 1),
(257, 1, '', 1300, 0, 1300, 0, 56, 0, 'Closed', '2021-01-16 03:30:12', 1),
(258, 1, '', 2500, 10, 2500, 0, 493, 0, 'Closed', '2021-01-16 03:31:54', 1),
(259, 1, '', 310, 0, 310, 0, 18, 0, 'Closed', '2021-01-16 03:36:52', 1),
(260, 1, '', 1100, 20, 1100, 0, 110, 0, 'Closed', '2021-01-15 18:30:00', 1),
(261, 25, 'Buhar Deen', 650, 0, 0, 0, 220, 0, 'Closed', '2021-01-15 18:30:00', 1),
(262, 1, '', 310, 0, 310, 0, 40, 0, 'Closed', '2021-01-16 03:44:56', 1),
(263, 1, '', 200, 0, 200, 0, 30, 0, 'Closed', '2021-01-16 03:45:14', 1),
(264, 25, 'Irfan Nana', 2100, 0, 0, 0, 550, 0, 'Closed', '2021-01-15 18:30:00', 1),
(265, 1, '', 5220, 41.2, 5220, 0, 1255.9, 0, 'Closed', '2021-01-15 18:30:00', 1),
(266, 50, 'Arus Deen', 2000, 0, 2000, 0, 440, 0, 'Closed', '2021-01-15 18:30:00', 1),
(267, 1, '', 720, 5, 720, 0, 250, 0, 'Closed', '2021-01-16 10:47:56', 1),
(268, 1, '', 3400, 0, 3400, 0, 825, 0, 'Closed', '2021-01-16 11:01:33', 1),
(269, 1, '', 4525, 100, 190, 0, 990, 0, 'Closed', '2021-01-15 18:30:00', 1),
(270, 1, '', 500, 0, 500, 0, 190, 0, 'Closed', '2021-01-16 13:29:32', 1),
(271, 1, '', 1530, 0, 1430, 0, 325, 0, 'Closed', '2021-01-15 18:30:00', 1),
(272, 1, 'Abusali Nana', 3200, 0, 3200, 0, 413, 0, 'Closed', '2021-01-17 02:49:41', 1),
(273, 16, '', 389, 0, 0, 0, 109, 0, 'Closed', '2021-01-16 18:30:00', 1),
(274, 1, '', 700, 0, 650, 0, 72, 0, 'Closed', '2021-01-16 18:30:00', 1),
(275, 11, '', 150, 0, 0, 0, 30, 0, 'Closed', '2021-01-17 03:22:42', 1),
(276, 17, '', 1250, 0, 0, 0, 350, 0, 'Closed', '2021-01-17 03:23:09', 1),
(277, 1, '', 60000, 0, 60000, 0, 900, 0, 'Closed', '2021-01-17 03:27:50', 1),
(278, 1, '', 600, 0, 600, 0, 150, 0, 'Closed', '2021-01-17 03:35:30', 1),
(279, 11, '', 2000, 0, 0, 0, 560, 0, 'Closed', '2021-01-17 03:48:19', 1),
(280, 13, '', 500, 0, 0, 0, 140, 0, 'Closed', '2021-01-17 03:48:47', 1),
(281, 1, '', 200, 0, 200, 0, 55, 0, 'Closed', '2021-01-17 03:54:11', 1),
(282, 50, 'Atchchi', 2415, 0, 0, 0, 422, 0, 'Closed', '2021-01-17 04:20:50', 1),
(283, 1, '', 550, 0, 550, 0, 150, 0, 'Closed', '2021-01-17 04:44:50', 1),
(284, 17, '', 650, 0, 0, 0, 28, 0, 'Closed', '2021-01-17 04:45:19', 1),
(285, 1, '', 950, 0, 950, 0, 98, 0, 'Closed', '2021-01-17 05:27:26', 1),
(286, 1, '', 9400, 0, 9400, 0, 900, 0, 'Closed', '2021-01-17 05:34:48', 1),
(287, 23, 'ismail Nana B.No 460', 6255, 0, 0, 0, 1107, 0, 'Closed', '2021-01-17 05:45:14', 1),
(288, 1, '', 1650, 0, 1400, 0, 380, 0, 'Open', '2021-01-16 18:30:00', 1),
(289, 25, 'MRF New Boad', 11025, 0, 0, 0, 2117, 0, 'Closed', '2021-01-16 18:30:00', 1),
(290, 1, '', 1670, 0, 220, 0, 340, 0, 'Closed', '2021-01-17 18:30:00', 1),
(291, 1, '', 1500, 0, 1500, 0, 720, 0, 'Closed', '2021-01-18 03:28:26', 1),
(292, 25, 'Sir', 3000, 0, 0, 0, 500, 0, 'Closed', '2021-01-17 18:30:00', 1),
(293, 14, 'Walapoththa', 1100, 0, 0, 0, 150, 0, 'Closed', '2021-01-18 04:30:15', 1),
(294, 15, '', 300, 0, 0, 0, 30, 0, 'Closed', '2021-01-18 04:41:32', 1),
(295, 14, 'Line Box Work', 33185, 0, 0, 0, 4370.5, 0, 'Closed', '2021-01-17 18:30:00', 1),
(296, 1, '', 250, 0, 250, 0, 60, 0, 'Closed', '2021-01-18 07:26:54', 1),
(297, 49, '', 6750, 0, 0, 0, 850, 0, 'Closed', '2021-01-23 06:22:40', 1);

-- --------------------------------------------------------

--
-- Table structure for table `tbl_item`
--

CREATE TABLE `tbl_item` (
  `itm_id` int(10) NOT NULL,
  `itm_barcode` varchar(30) DEFAULT NULL,
  `itm_code` int(11) NOT NULL,
  `itm_name` varchar(150) NOT NULL,
  `itm_categary_id` int(11) NOT NULL,
  `itm_brand_id` int(11) NOT NULL,
  `itm_alert` double NOT NULL,
  `itm_desc` varchar(200) DEFAULT NULL,
  `itm_unite_type` varchar(20) NOT NULL,
  `mf_date` date DEFAULT NULL,
  `exp_date` date DEFAULT NULL,
  `cost` decimal(15,2) NOT NULL DEFAULT 0.00,
  `sale_price` decimal(15,2) NOT NULL DEFAULT 0.00,
  `quantity` decimal(15,2) NOT NULL DEFAULT 0.00,
  `is_featured` tinyint(1) NOT NULL DEFAULT 0,
  `is_active` tinyint(1) NOT NULL DEFAULT 1,
  `created_at` timestamp NOT NULL DEFAULT current_timestamp(),
  `created_by` int(11) NOT NULL
) ENGINE=InnoDB DEFAULT CHARSET=utf8mb4;

--
-- Dumping data for table `tbl_item`
--

INSERT INTO `tbl_item` (`itm_id`, `itm_barcode`, `itm_code`, `itm_name`, `itm_categary_id`, `itm_brand_id`, `itm_alert`, `itm_desc`, `itm_unite_type`, `mf_date`, `exp_date`, `cost`, `sale_price`, `quantity`, `is_featured`, `is_active`, `created_at`, `created_by`) VALUES
(19, '', 371, 'Rope-6MM', 7, 5, 10, '', 'PCS', NULL, NULL, '822.00', '1000.00', '39.00', 0, 1, '2021-01-04 14:51:56', 1),
(21, '', 1, 'Rope - 5MM', 7, 5, 10, '', 'PCS', NULL, NULL, '700.00', '750.00', '17.00', 0, 1, '2021-01-04 14:53:38', 1),
(22, NULL, 2, 'Rope-8MM', 7, 5, 10, '', 'PCS', NULL, NULL, '1505.00', '1700.00', '17.00', 0, 1, '2021-01-04 14:55:50', 1),
(23, '', 3, 'Rope-3MM', 7, 6, 10, '', 'PCS', NULL, NULL, '375.00', '450.00', '26.00', 1, 1, '2021-01-04 14:57:43', 1),
(24, NULL, 4, 'Rope-2MM', 7, 5, 10, '', 'PCS', NULL, NULL, '200.00', '250.00', '14.00', 0, 1, '2021-01-04 14:58:29', 1),
(25, NULL, 5, 'Rope-1MM', 7, 6, 10, '', 'PCS', NULL, NULL, '170.00', '200.00', '41.00', 0, 1, '2021-01-04 15:00:15', 1),
(26, '', 6, 'Rope-4MM', 7, 6, 10, '', 'PCS', NULL, NULL, '590.00', '675.00', '85.00', 1, 1, '2021-01-04 15:01:45', 1),
(27, NULL, 7, 'Hand saw k_tech 22\"', 1, 7, 10, '', 'PCS', NULL, NULL, '700.00', '800.00', '15.00', 0, 1, '2021-01-04 15:07:24', 1),
(28, NULL, 8, 'Hand Saw K_Tech 20\"', 1, 7, 10, '', 'PCS', NULL, NULL, '650.00', '750.00', '32.00', 0, 1, '2021-01-04 15:09:22', 1),
(29, '', 9, 'Powder', 8, 8, 50, '', 'KG', NULL, NULL, '70.00', '100.00', '122.75', 0, 1, '2021-01-04 15:12:36', 1),
(30, '', 10, 'Wood stick ', 9, 0, 10, '', 'PCS', NULL, NULL, '175.00', '200.00', '16.00', 0, 1, '2021-01-04 15:15:00', 1),
(31, '', 11, 'Water Bottle 5L', 10, 0, 50, '', 'PCS', NULL, NULL, '90.00', '150.00', '82.00', 0, 1, '2021-01-04 15:17:43', 1),
(33, '', 12, '7\" Float ', 11, 0, 300, '', 'PCS', NULL, NULL, '65.00', '80.00', '343.00', 0, 1, '2021-01-05 02:26:21', 1),
(35, '', 13, 'S Boya Pack G7', 12, 9, 100, '', 'PCS', NULL, NULL, '456.00', '600.00', '152.00', 0, 1, '2021-01-05 02:29:27', 1),
(37, '', 14, 'L Boya G8', 14, 9, 50, '', 'PCS', NULL, NULL, '84.00', '100.00', '157.00', 0, 1, '2021-01-05 02:42:55', 1),
(38, '', 15, 'Rigifoam Box 25kg ', 15, 9, 100, '', 'PCS', NULL, NULL, '340.00', '420.00', '406.00', 0, 1, '2021-01-05 02:45:28', 1),
(39, '', 16, 'Super Glue Kimcol', 16, 11, 14, '', 'PCS', NULL, NULL, '40.00', '50.00', '92.00', 0, 1, '2021-01-05 02:48:58', 1),
(40, '', 17, 'Super Glue HI-Tech', 16, 12, 14, '', 'PCS', NULL, NULL, '40.00', '60.00', '40.00', 0, 1, '2021-01-05 02:56:26', 1),
(41, NULL, 18, 'Super Glue Multibond', 16, 13, 5, '', 'PCS', NULL, NULL, '40.00', '60.00', '11.00', 0, 1, '2021-01-05 02:58:20', 1),
(43, NULL, 19, 'Fiber Glass Boya Red', 17, 0, 10, '', 'PCS', NULL, NULL, '850.00', '950.00', '3.00', 0, 1, '2021-01-05 03:00:38', 1),
(45, NULL, 20, 'Shopping Bag 2/=', 18, 0, 100, '', 'PCS', NULL, NULL, '1.70', '2.00', '1800.00', 0, 1, '2021-01-05 03:02:35', 1),
(46, NULL, 21, 'Shopping Bag 3/=', 18, 0, 100, '', 'PCS', NULL, NULL, '2.50', '3.00', '200.00', 0, 1, '2021-01-05 03:03:59', 1),
(48, '', 22, 'Shopping Bag 1/=', 18, 0, 100, '', 'PCS', NULL, NULL, '0.90', '1.00', '300.00', 0, 1, '2021-01-05 03:05:09', 1),
(50, NULL, 23, 'Cloth Bag', 19, 0, 10, '', 'PCS', NULL, NULL, '70.00', '100.00', '28.00', 0, 1, '2021-01-05 03:26:21', 1),
(51, '', 24, 'Board Carpet Blue', 20, 0, 2, '', 'PCS', NULL, NULL, '2800.00', '4200.00', '3.00', 0, 1, '2021-01-05 03:31:15', 1),
(53, NULL, 25, 'Cooker Steel ', 21, 0, 5, '', 'PCS', NULL, NULL, '1225.00', '1600.00', '5.00', 0, 1, '2021-01-05 03:37:58', 1),
(56, NULL, 26, 'Cooker Nickel', 22, 0, 5, '', 'PCS', NULL, NULL, '3000.00', '3500.00', '9.00', 0, 1, '2021-01-05 03:39:39', 1),
(57, NULL, 27, 'Boad Fan', 23, 0, 5, '', 'PCS', NULL, NULL, '35000.00', '42000.00', '6.00', 0, 1, '2021-01-05 03:41:32', 1),
(58, '', 28, 'Bucket Kesel Watta Brand', 24, 14, 14, '', 'PCS', NULL, NULL, '230.00', '300.00', '28.00', 0, 1, '2021-01-05 03:44:39', 1),
(59, NULL, 29, 'Bucket Kesal Watta 8\" Normal', 24, 14, 5, '', 'PCS', NULL, NULL, '210.00', '250.00', '7.00', 0, 1, '2021-01-05 03:46:13', 1),
(60, '', 30, 'Rice Bucket L', 24, 5, 5, '', 'PCS', NULL, NULL, '215.00', '350.00', '11.00', 0, 1, '2021-01-05 03:48:06', 1),
(61, NULL, 31, 'Shaft Marine Boad 6 Feet', 26, 0, 2, '', 'PCS', NULL, NULL, '21000.00', '27000.00', '5.00', 0, 1, '2021-01-05 03:50:57', 1),
(62, '', 33, 'Hose Clip 3\" Normal', 27, 0, 10, '', 'PCS', NULL, NULL, '30.00', '50.00', '47.00', 0, 1, '2021-01-05 03:56:08', 1),
(64, '', 34, 'Hose Clip Nickel 1\"', 27, 0, 5, '', 'PCS', NULL, NULL, '80.00', '100.00', '15.00', 0, 1, '2021-01-05 03:56:57', 1),
(65, '', 35, 'Hose Clip Nickel 1.5\"', 27, 0, 10, '', 'PCS', NULL, NULL, '100.00', '125.00', '90.00', 0, 1, '2021-01-05 03:57:56', 1),
(68, NULL, 36, 'Hose Clip Nickel 4\"', 27, 0, 10, '', 'PCS', NULL, NULL, '180.00', '200.00', '21.00', 0, 1, '2021-01-05 03:59:01', 1),
(69, '', 37, 'Hose Clip Nickel 2.5\"', 27, 0, 10, '', 'PCS', NULL, NULL, '125.00', '150.00', '42.00', 0, 1, '2021-01-05 04:00:10', 1),
(70, '', 38, 'Hose Clip 0.5\" Normal', 27, 0, 25, '', 'PCS', NULL, NULL, '10.00', '20.00', '55.00', 0, 1, '2021-01-05 04:01:05', 1),
(71, '', 39, 'Acit Fiber', 29, 0, 5, '', 'KG', NULL, NULL, '850.00', '2000.00', '13.42', 0, 1, '2021-01-05 04:05:45', 1),
(72, '', 40, 'Mat Roll', 30, 0, 30, '...', 'KG', NULL, NULL, '350.00', '420.00', '32.69', 0, 1, '2021-01-05 04:14:00', 1),
(81, NULL, 41, 'Wood Hook (VZZ)', 6, 0, 10, '', 'PCS', NULL, NULL, '600.00', '900.00', '19.00', 0, 1, '2021-01-05 05:11:06', 1),
(82, '', 42, 'Nickel Hook (UVZ)', 6, 0, 24, '', 'PCS', NULL, NULL, '560.00', '750.00', '42.00', 0, 1, '2021-01-05 05:16:02', 1),
(83, NULL, 43, 'Nickel Small Hook ', 6, 0, 5, '', 'PCS', NULL, NULL, '500.00', '650.00', '9.00', 0, 1, '2021-01-05 05:17:59', 1),
(85, NULL, 44, 'Nickel Stick Hook (VUZ)', 6, 0, 10, '', 'PCS', NULL, NULL, '650.00', '1000.00', '28.00', 0, 1, '2021-01-05 05:20:13', 1),
(86, '', 45, 'Nickel Hook Rope Stick (VZZ) 3 Nool', 0, 0, 5, '', 'PCS', NULL, NULL, '600.00', '900.00', '5.00', 0, 1, '2021-01-05 05:22:05', 1),
(89, '', 46, 'Nickel Hook rope 4 Nool', 6, 0, 5, '', 'PCS', NULL, NULL, '900.00', '1200.00', '3.00', 0, 1, '2021-01-05 05:23:44', 1),
(90, '', 47, 'Steel Hook Rope 4 Nool (SUZ)', 6, 0, 5, '', 'PCS', NULL, NULL, '350.00', '500.00', '7.00', 0, 1, '2021-01-05 05:26:34', 1),
(91, '', 48, 'Steel Hook Rope (RUU)', 6, 0, 5, '', 'PCS', NULL, NULL, '255.00', '400.00', '11.00', 0, 1, '2021-01-05 05:28:00', 1),
(93, '', 49, 'Steel Hook Rope (RUZ)', 0, 0, 5, '', 'PCS', NULL, NULL, '250.00', '350.00', '3.00', 0, 1, '2021-01-05 05:30:01', 1),
(95, '', 50, 'Nickel Hook Rope (ZYZZ)', 6, 0, 5, '', 'PCS', NULL, NULL, '900.00', '1500.00', '6.00', 0, 1, '2021-01-05 05:34:54', 1),
(96, '', 51, 'Nickel Hook Rope (RQUR)', 6, 0, 5, '', 'PCS', NULL, NULL, '2152.00', '3500.00', '1.00', 0, 1, '2021-01-05 05:35:53', 1),
(97, '', 52, 'Avalon Billi (QRZZ)', 6, 0, 10, '', 'PCS', NULL, NULL, '1200.00', '1500.00', '13.00', 0, 1, '2021-01-05 05:45:57', 1),
(98, NULL, 53, 'katchal Nickal Steel ', 31, 0, 10, '', 'PCS', NULL, NULL, '600.00', '800.00', '19.00', 0, 1, '2021-01-05 05:49:39', 1),
(100, '', 54, 'Resin', 32, 8, 225, '', 'KG', NULL, NULL, '375.00', '450.00', '199.09', 0, 1, '2021-01-05 05:50:48', 1),
(103, '', 55, 'Paint Blue ', 33, 0, 1, '...', 'KG', NULL, NULL, '1700.00', '3000.00', '2.00', 0, 1, '2021-01-05 05:56:17', 1),
(105, NULL, 56, 'Paint Yellow', 35, 0, 1, '', 'PCS', NULL, NULL, '1700.00', '3000.00', '2.56', 0, 1, '2021-01-05 06:17:35', 1),
(106, NULL, 57, 'Paint Green', 35, 0, 2, '', 'KG', NULL, NULL, '1700.00', '3000.00', '3.73', 0, 1, '2021-01-05 06:18:59', 1),
(107, NULL, 58, 'Paint Black', 35, 0, 1, '', 'KG', NULL, NULL, '1700.00', '3000.00', '1.00', 0, 1, '2021-01-05 06:19:38', 1),
(110, '', 59, 'Paint Red', 35, 0, 2, '', 'PCS', NULL, NULL, '1700.00', '3000.00', '4.78', 0, 1, '2021-01-05 06:20:59', 1),
(111, '', 60, 'Roller ', 37, 0, 10, '', 'PCS', NULL, NULL, '40.00', '100.00', '23.00', 0, 1, '2021-01-05 06:22:22', 1),
(112, NULL, 61, 'Brush Haris 3\"  ', 39, 0, 5, '', 'PCS', NULL, NULL, '690.00', '710.00', '9.00', 0, 1, '2021-01-05 06:24:02', 1),
(113, '', 62, 'Brush Harish 2.5\"', 39, 0, 2, '', 'PCS', NULL, NULL, '660.00', '685.00', '4.00', 0, 1, '2021-01-05 06:24:44', 1),
(114, NULL, 63, 'Brush Harish 1.5\"', 39, 0, 5, '', 'PCS', NULL, NULL, '250.00', '270.00', '3.00', 0, 1, '2021-01-05 06:25:28', 1),
(115, NULL, 64, 'Brush EZY 1.5\"', 39, 0, 5, '', 'PCS', NULL, NULL, '200.00', '220.00', '16.00', 0, 1, '2021-01-05 06:27:03', 1),
(116, '', 65, 'Brush EZY 1\"', 39, 0, 10, '', 'PCS', NULL, NULL, '170.00', '190.00', '33.00', 0, 1, '2021-01-05 06:28:30', 1),
(117, '', 66, 'Brush EZY 2\"', 39, 0, 5, '', 'PCS', NULL, NULL, '260.00', '275.00', '6.00', 0, 1, '2021-01-05 06:29:14', 1),
(118, NULL, 67, 'Knife Normal', 40, 0, 100, '', 'PCS', NULL, NULL, '10.00', '20.00', '417.00', 0, 1, '2021-01-05 06:47:47', 1),
(119, '', 68, 'Hand Glow Normal', 41, 15, 100, '', 'PCS', NULL, NULL, '95.00', '125.00', '258.00', 0, 1, '2021-01-05 06:49:08', 1),
(120, NULL, 69, 'Hand Glow Yellow', 41, 0, 12, '', 'PCS', NULL, NULL, '270.00', '300.00', '13.00', 0, 1, '2021-01-05 06:49:57', 1),
(121, NULL, 70, 'Concrete Nails 2\"', 42, 0, 1, '', 'KG', NULL, NULL, '500.00', '1000.00', '1.60', 0, 1, '2021-01-05 06:51:18', 1),
(123, NULL, 71, 'Concrete Nails 1.5\"', 42, 0, 1, '', 'KG', NULL, NULL, '500.00', '1000.00', '0.10', 0, 1, '2021-01-05 06:52:03', 1),
(124, NULL, 72, 'Concrete Nails 3\"', 42, 0, 1, '', 'KG', NULL, NULL, '500.00', '1000.00', '2.20', 0, 1, '2021-01-05 06:52:38', 1),
(125, NULL, 73, 'Grinder Disc 4.5\"', 0, 0, 10, '', 'PCS', NULL, NULL, '180.00', '200.00', '19.00', 0, 1, '2021-01-05 06:55:03', 1),
(126, NULL, 74, 'Grinder Disc 4\"', 43, 0, 10, '', 'PCS', NULL, NULL, '100.00', '110.00', '21.00', 0, 1, '2021-01-05 06:57:20', 1),
(127, NULL, 75, 'Cutting Disc 4\"', 43, 0, 10, '', 'PCS', NULL, NULL, '50.00', '80.00', '31.00', 0, 1, '2021-01-05 06:58:04', 1),
(128, NULL, 76, 'Cutting Disc 4.5\"', 43, 0, 25, '', 'PCS', NULL, NULL, '50.00', '80.00', '106.00', 0, 1, '2021-01-05 06:58:47', 1),
(129, '', 77, 'Silver Plate Design', 44, 0, 10, '', 'PCS', NULL, NULL, '80.00', '100.00', '25.00', 0, 1, '2021-01-05 07:15:15', 1),
(130, '', 78, 'Silver Plate Plane', 44, 0, 5, '', 'PCS', NULL, NULL, '95.00', '150.00', '8.00', 0, 1, '2021-01-05 07:15:43', 1),
(131, NULL, 79, 'Spoon Stick M (ZTU)', 45, 0, 5, '', 'PCS', NULL, NULL, '45.00', '120.00', '10.00', 0, 1, '2021-01-05 07:17:10', 1),
(132, NULL, 80, 'Spoon Stick S (SU)', 45, 0, 5, '', 'PCS', NULL, NULL, '35.00', '100.00', '20.00', 0, 1, '2021-01-05 07:17:52', 1),
(133, NULL, 81, 'Fry Pot', 46, 0, 5, '', 'PCS', NULL, NULL, '210.00', '270.00', '5.00', 0, 1, '2021-01-05 07:18:47', 1),
(134, '', 82, 'Tea Silver Cup M', 47, 0, 10, '', 'PCS', NULL, NULL, '180.00', '220.00', '15.00', 0, 1, '2021-01-05 07:20:09', 1),
(135, NULL, 83, 'Tea Silver Cup S', 47, 0, 10, '', 'PCS', NULL, NULL, '100.00', '125.00', '21.00', 0, 1, '2021-01-05 07:20:34', 1),
(136, NULL, 84, 'Tea Plastic Cup S', 47, 0, 25, '', 'PCS', NULL, NULL, '15.00', '25.00', '68.00', 0, 1, '2021-01-05 07:21:30', 1),
(137, NULL, 85, 'Plastic Mug L', 47, 0, 25, '', 'PCS', NULL, NULL, '55.00', '80.00', '64.00', 0, 1, '2021-01-05 07:22:17', 1),
(138, NULL, 86, 'Plastic Mug M', 47, 0, 25, '', 'PCS', NULL, NULL, '35.00', '50.00', '120.00', 0, 1, '2021-01-05 07:23:04', 1),
(139, NULL, 87, 'Fisher Man Basket(RSU)', 24, 0, 5, '', 'PCS', NULL, NULL, '235.00', '300.00', '16.00', 0, 1, '2021-01-05 07:24:22', 1),
(140, '', 88, 'Rice Bucket S', 24, 0, 1, '', 'PCS', NULL, NULL, '220.00', '250.00', '3.00', 0, 1, '2021-01-05 07:26:47', 1),
(141, NULL, 89, 'Halco 190', 48, 0, 5, '', 'PCS', NULL, NULL, '1200.00', '1400.00', '8.00', 0, 1, '2021-01-05 07:31:35', 1),
(142, NULL, 90, 'Halco Normal ', 48, 0, 10, '', 'PCS', NULL, NULL, '650.00', '750.00', '42.00', 0, 1, '2021-01-05 07:36:28', 1),
(143, NULL, 91, 'Torch Light AIKO AS-833 (TSU)', 49, 16, 5, '', 'PCS', NULL, NULL, '435.00', '550.00', '6.00', 0, 1, '2021-01-05 07:38:45', 1),
(144, NULL, 92, 'Torch Light AIKO AS-740 ', 49, 16, 1, '', 'PCS', NULL, NULL, '400.00', '450.00', '1.00', 0, 1, '2021-01-05 07:40:01', 1),
(145, NULL, 93, 'Torch Light AIKO AS-685 (VYZ)', 49, 16, 20, '', 'PCS', NULL, NULL, '690.00', '950.00', '36.00', 0, 1, '2021-01-05 07:43:21', 1),
(146, NULL, 94, 'Torch Light AIKO KM-2651', 49, 0, 1, '', 'PCS', NULL, NULL, '850.00', '950.00', '1.00', 0, 1, '2021-01-05 07:44:17', 1),
(147, '', 95, 'Flash Light ', 50, 0, 25, '', 'PCS', NULL, NULL, '400.00', '550.00', '36.00', 0, 1, '2021-01-05 07:58:08', 1),
(148, '', 96, 'Nylon Twine Green 24 LG JB', 51, 17, 10, '', 'PCS', NULL, NULL, '160.00', '170.00', '30.00', 0, 1, '2021-01-05 08:02:39', 1),
(149, '', 97, 'Nylon Twine Green 24 RG JB', 51, 17, 10, '', 'PCS', NULL, NULL, '160.00', '170.00', '32.00', 0, 1, '2021-01-05 08:05:22', 1),
(150, NULL, 98, 'Nylon Twine Green 21 RG JB', 51, 17, 10, '', 'PCS', NULL, NULL, '160.00', '170.00', '3.00', 0, 1, '2021-01-05 08:06:55', 1),
(151, NULL, 99, 'Nylon Twine Green 18 LG JB', 51, 17, 10, '', 'PCS', NULL, NULL, '160.00', '170.00', '5.00', 0, 1, '2021-01-05 08:09:12', 1),
(152, NULL, 100, 'Nylon Twine Green 21 LG JB', 0, 0, 10, '', 'PCS', NULL, NULL, '160.00', '170.00', '5.00', 0, 1, '2021-01-05 08:10:18', 1),
(154, NULL, 101, 'Nylon Twine Green 27 RG JB', 51, 17, 10, '', 'PCS', NULL, NULL, '160.00', '170.00', '28.00', 0, 1, '2021-01-05 08:11:51', 1),
(155, NULL, 102, 'Nylon Twine White 24 LW JB', 51, 17, 10, '', 'PCS', NULL, NULL, '150.00', '170.00', '29.00', 0, 1, '2021-01-05 08:19:03', 1),
(156, '', 103, 'Nylon Twine White 21 LW JB', 51, 17, 10, '...', 'PCS', NULL, NULL, '150.00', '170.00', '61.00', 0, 1, '2021-01-05 08:21:39', 1),
(157, NULL, 104, 'Safty Shoe (QWUZ)', 52, 0, 2, '', 'PCS', NULL, NULL, '1700.00', '2500.00', '3.00', 0, 1, '2021-01-05 08:43:55', 1),
(158, NULL, 105, 'Safty Shoe Normal (QZUR)', 52, 0, 1, '', 'PCS', NULL, NULL, '1000.00', '2000.00', '1.00', 0, 1, '2021-01-05 08:45:00', 1),
(159, NULL, 106, 'Pot Rice ', 46, 0, 1, '', 'PCS', NULL, NULL, '400.00', '500.00', '2.00', 0, 1, '2021-01-05 10:41:02', 1),
(160, NULL, 107, 'Pot ALCOA (TSU)', 46, 18, 5, '', 'PCS', NULL, NULL, '435.00', '550.00', '7.00', 0, 1, '2021-01-05 10:42:25', 1),
(161, NULL, 108, 'Pot Curry MARC 20CM', 46, 0, 1, '', 'PCS', NULL, NULL, '380.00', '440.00', '2.00', 0, 1, '2021-01-05 10:43:24', 1),
(162, '', 109, 'Battery Acit', 29, 0, 20, '', 'PCS', NULL, NULL, '160.00', '180.00', '111.00', 0, 1, '2021-01-05 10:44:20', 1),
(163, NULL, 110, 'Tape roll 2\"', 53, 0, 10, '', 'PCS', NULL, NULL, '200.00', '250.00', '44.00', 0, 1, '2021-01-05 10:45:38', 1),
(164, NULL, 111, 'Plastic Bottel 3In One (ZWX)', 54, 0, 5, '', 'PCS', NULL, NULL, '80.00', '180.00', '10.00', 0, 1, '2021-01-05 10:47:53', 1),
(165, NULL, 112, 'Plastic Bottel 3In One (QZZ)', 54, 0, 5, '', 'PCS', NULL, NULL, '100.00', '200.00', '5.00', 0, 1, '2021-01-05 10:48:58', 1),
(166, '', 113, 'Plastic Bottel S Normal', 54, 0, 5, '', 'PCS', NULL, NULL, '40.00', '50.00', '2.00', 0, 1, '2021-01-05 10:50:47', 1),
(167, NULL, 114, 'Plastic Bottel M Normal', 54, 0, 10, '', 'PCS', NULL, NULL, '65.00', '80.00', '26.00', 0, 1, '2021-01-05 10:52:48', 1),
(168, NULL, 115, 'pot Rice 3 No (QRU)', 46, 0, 5, '', 'PCS', NULL, NULL, '125.00', '220.00', '12.00', 0, 1, '2021-01-05 10:55:51', 1),
(169, NULL, 116, 'Pot Rice 6 No (QVZ)', 0, 0, 1, '', 'PCS', NULL, NULL, '160.00', '250.00', '3.00', 0, 1, '2021-01-05 10:57:34', 1),
(170, NULL, 117, 'Pot Rice 8 No (QXZ)', 0, 0, 5, '', 'PCS', NULL, NULL, '180.00', '0.00', '9.00', 0, 1, '2021-01-05 10:59:34', 1),
(171, NULL, 118, 'Pot 13CM Rice (RYU)', 46, 0, 5, '', 'PCS', NULL, NULL, '295.00', '375.00', '8.00', 0, 1, '2021-01-05 11:00:42', 1),
(172, '', 119, 'Plastic Bottle Orginal', 54, 0, 10, '', 'PCS', NULL, NULL, '85.00', '100.00', '24.00', 0, 1, '2021-01-05 11:02:02', 1),
(173, NULL, 120, 'Water Pump 24 DC', 0, 0, 5, '', 'PCS', NULL, NULL, '8600.00', '10000.00', '1.00', 0, 1, '2021-01-05 11:03:23', 1),
(174, NULL, 121, 'wire Dish Wash', 55, 0, 25, '', 'PCS', NULL, NULL, '25.00', '40.00', '251.00', 0, 1, '2021-01-05 11:07:20', 1),
(175, NULL, 122, 'Regulater (UVZ)', 56, 19, 12, '', 'PCS', NULL, NULL, '560.00', '700.00', '32.00', 0, 1, '2021-01-05 11:09:46', 1),
(176, NULL, 123, 'Araldite ', 59, 0, 10, '', 'PCS', NULL, NULL, '220.00', '250.00', '49.00', 0, 1, '2021-01-05 11:25:22', 1),
(177, NULL, 124, 'Multibond 21ML', 60, 0, 10, '', 'PCS', NULL, NULL, '170.00', '180.00', '21.00', 0, 1, '2021-01-05 11:29:12', 1),
(178, NULL, 125, 'Multibond 30ML', 60, 0, 5, '', 'PCS', NULL, NULL, '195.00', '205.00', '9.00', 0, 1, '2021-01-05 11:29:55', 1),
(179, NULL, 126, 'Easy Cut Causeway', 60, 20, 2, '', 'PCS', NULL, NULL, '385.00', '395.00', '6.00', 0, 1, '2021-01-05 11:32:23', 1),
(180, '', 127, 'DBL Sifter', 63, 23, 1, '', 'PCS', NULL, NULL, '1700.00', '1800.00', '1.00', 0, 1, '2021-01-05 12:54:18', 1),
(181, NULL, 128, '2SM Kaplin Oil Seal', 60, 21, 5, '', 'PCS', NULL, NULL, '850.00', '900.00', '13.00', 0, 1, '2021-01-05 13:48:29', 1),
(182, NULL, 129, 'L Bush Rod Oil Seal', 59, 21, 5, '', 'PCS', NULL, NULL, '200.00', '250.00', '19.00', 0, 1, '2021-01-05 13:49:29', 1),
(183, NULL, 130, 'Gum Seal', 59, 21, 5, '', 'PCS', NULL, NULL, '1500.00', '1650.00', '12.00', 0, 1, '2021-01-05 13:50:13', 1),
(184, NULL, 131, 'Cooler Orin', 59, 21, 5, '', 'PCS', NULL, NULL, '180.00', '200.00', '20.00', 0, 1, '2021-01-05 13:50:55', 1),
(185, NULL, 132, 'FM Pin', 62, 0, 5, '', 'PCS', NULL, NULL, '80.00', '100.00', '1.00', 0, 1, '2021-01-05 13:52:10', 1),
(186, '', 133, 'Mutti Packin', 59, 21, 5, '', 'PCS', NULL, NULL, '40.00', '100.00', '38.00', 0, 1, '2021-01-05 13:52:55', 1),
(187, '', 134, 'Filter Packin', 59, 21, 5, '', 'PCS', NULL, NULL, '85.00', '125.00', '96.00', 0, 1, '2021-01-05 13:53:33', 1),
(188, NULL, 135, 'L Thanni Pump Paal Wasar', 59, 21, 5, '', 'PCS', NULL, NULL, '85.00', '100.00', '9.00', 0, 1, '2021-01-05 13:54:34', 1),
(189, NULL, 136, 'S Thanni Pump Paal Wasar', 59, 21, 5, '', 'PCS', NULL, NULL, '70.00', '80.00', '39.00', 0, 1, '2021-01-05 13:57:03', 1),
(190, '', 137, 'L Thanni Katta ', 59, 21, 10, '', 'PCS', NULL, NULL, '95.00', '125.00', '71.00', 0, 1, '2021-01-05 13:57:58', 1),
(191, '', 138, 'L Thanni Pump Oil Seal', 59, 21, 5, '', 'PCS', NULL, NULL, '400.00', '450.00', '4.00', 0, 1, '2021-01-05 13:58:52', 1),
(192, '', 139, '2SM Orin Pack ', 59, 21, 5, '', 'PCS', NULL, NULL, '250.00', '350.00', '26.00', 0, 1, '2021-01-05 13:59:51', 1),
(193, NULL, 140, 'S Thanni Katta Spring', 59, 21, 10, '', 'PCS', NULL, NULL, '70.00', '80.00', '22.00', 0, 1, '2021-01-05 14:00:34', 1),
(194, NULL, 141, 'Balaya Mustud', 48, 0, 10, '', 'PCS', NULL, NULL, '200.00', '250.00', '24.00', 0, 1, '2021-01-05 14:01:36', 1),
(195, NULL, 142, 'L Thani Katrta Spring', 59, 21, 10, '', 'PCS', NULL, NULL, '160.00', '200.00', '32.00', 0, 1, '2021-01-05 14:02:21', 1),
(196, NULL, 143, 'S Thanni Katta', 59, 21, 10, '', 'PCS', NULL, NULL, '65.00', '75.00', '77.00', 0, 1, '2021-01-05 14:02:58', 1),
(197, NULL, 144, 'S Thanni Pump Oil Seal', 59, 21, 5, '', 'PCS', NULL, NULL, '350.00', '400.00', '13.00', 0, 1, '2021-01-05 14:03:54', 1),
(198, NULL, 145, 'clain Nail Normal (TWZ)', 59, 21, 5, '', 'PCS', NULL, NULL, '480.00', '600.00', '8.00', 0, 1, '2021-01-05 14:10:30', 1),
(199, NULL, 146, 'Clain Nail Orginal (VUZ)', 59, 21, 5, '', 'PCS', NULL, NULL, '650.00', '1000.00', '10.00', 0, 1, '2021-01-05 14:11:25', 1),
(200, NULL, 147, 'C Bent Packin', 59, 21, 10, '', 'PCS', NULL, NULL, '35.00', '45.00', '32.00', 0, 1, '2021-01-05 14:12:35', 1),
(201, NULL, 148, 'Cooler Packin/Mutakku Thundu', 59, 21, 5, '', 'PCS', NULL, NULL, '90.00', '100.00', '85.00', 0, 1, '2021-01-05 14:13:34', 1),
(202, NULL, 149, 'Seeval Packin', 59, 21, 10, '', 'PCS', NULL, NULL, '60.00', '70.00', '49.00', 0, 1, '2021-01-05 14:14:14', 1),
(203, NULL, 150, 'Head Blint Cover UppuKai Packin', 59, 21, 5, '', 'PCS', NULL, NULL, '185.00', '200.00', '21.00', 0, 1, '2021-01-05 14:15:54', 1),
(204, NULL, 151, 'Kaplin Oil Seal', 59, 21, 5, '', 'PCS', NULL, NULL, '950.00', '1000.00', '2.00', 0, 1, '2021-01-05 14:16:45', 1),
(205, '', 152, 'Crank Oil Seal', 59, 21, 5, '', 'PCS', NULL, NULL, '800.00', '1000.00', '10.00', 0, 1, '2021-01-05 14:32:58', 1),
(206, NULL, 153, 'State Nail  (TZZ)', 0, 0, 10, '', 'PCS', NULL, NULL, '400.00', '600.00', '36.00', 0, 1, '2021-01-05 14:33:44', 1),
(207, NULL, 154, 'State Nail (TZZ)', 59, 21, 5, '', 'PCS', NULL, NULL, '400.00', '1200.00', '7.00', 0, 1, '2021-01-05 14:34:28', 1),
(208, NULL, 155, 'State Nail(TZZ)', 59, 21, 5, '', 'PCS', NULL, NULL, '400.00', '700.00', '17.00', 0, 1, '2021-01-05 14:35:24', 1),
(209, NULL, 156, 'State Nail(UUZ)', 59, 21, 2, '', 'PCS', NULL, NULL, '550.00', '1200.00', '3.00', 0, 1, '2021-01-05 14:36:36', 1),
(210, NULL, 157, 'State Nail (TZZ)', 0, 0, 2, '', 'PCS', NULL, NULL, '400.00', '750.00', '1.00', 0, 1, '2021-01-05 14:37:07', 1),
(211, NULL, 158, 'Sembu Wasar 24 NO', 59, 21, 20, '', 'PCS', NULL, NULL, '20.00', '25.00', '43.00', 0, 1, '2021-01-05 14:37:51', 1),
(212, NULL, 159, 'Almaniyam Vasar 17 No', 59, 21, 5, '', 'PCS', NULL, NULL, '10.00', '15.00', '0.00', 0, 1, '2021-01-05 14:38:46', 1),
(213, '', 160, 'Ingector PackinI (UZ)', 59, 21, 10, '...', 'PCS', NULL, NULL, '35.00', '45.00', '45.00', 0, 1, '2021-01-05 14:39:57', 1),
(214, NULL, 161, 'Ilaman Vasar', 59, 21, 10, '', 'PCS', NULL, NULL, '180.00', '200.00', '59.00', 0, 1, '2021-01-05 14:40:37', 1),
(215, NULL, 162, 'Dilvery Vasar', 59, 21, 10, '', 'PCS', NULL, NULL, '140.00', '150.00', '30.00', 0, 1, '2021-01-05 14:41:13', 1),
(216, NULL, 163, 'Pirivil Jannam', 59, 21, 10, '', 'PCS', NULL, NULL, '10.00', '15.00', '18.00', 0, 1, '2021-01-05 14:41:53', 1),
(217, NULL, 164, 'Handil S Nail', 59, 21, 10, '', 'PCS', NULL, NULL, '5.00', '10.00', '95.00', 0, 1, '2021-01-05 14:42:52', 1),
(218, NULL, 165, 'Maniboal Side Packin', 59, 21, 5, '', 'PCS', NULL, NULL, '200.00', '250.00', '8.00', 0, 1, '2021-01-05 14:52:06', 1),
(219, NULL, 166, 'State Nail (SUZ)', 59, 21, 20, '', 'PCS', NULL, NULL, '350.00', '750.00', '89.00', 0, 1, '2021-01-05 14:54:08', 1),
(220, '', 167, 'Gear Box Lock 2SM', 59, 21, 5, '', 'PCS', NULL, NULL, '450.00', '500.00', '10.00', 0, 1, '2021-01-05 15:08:00', 1),
(221, NULL, 168, 'Gear Box Lock 3SM', 59, 21, 5, '', 'PCS', NULL, NULL, '450.00', '500.00', '9.00', 0, 1, '2021-01-05 15:08:52', 1),
(222, NULL, 169, 'Oil Nail 13 NO', 0, 0, 5, '', 'PCS', NULL, NULL, '120.00', '150.00', '20.00', 0, 1, '2021-01-05 15:09:59', 1),
(223, NULL, 170, 'Sain Lock', 59, 21, 5, '', 'PCS', NULL, NULL, '80.00', '100.00', '8.00', 0, 1, '2021-01-05 15:10:30', 1),
(224, NULL, 171, 'Oil Nail 19 NO', 59, 21, 5, '', 'PCS', NULL, NULL, '120.00', '140.00', '8.00', 0, 1, '2021-01-05 15:11:06', 1),
(225, NULL, 172, 'Kam Saft Lock', 59, 21, 5, '', 'PCS', NULL, NULL, '280.00', '300.00', '10.00', 0, 1, '2021-01-05 15:11:51', 1),
(226, NULL, 173, 'S Bush Rot Oil Seal', 59, 21, 5, '', 'PCS', NULL, NULL, '230.00', '250.00', '13.00', 0, 1, '2021-01-05 15:12:29', 1),
(227, NULL, 174, 'Sembu Vasar 27 NO', 59, 21, 10, '', 'PCS', NULL, NULL, '20.00', '25.00', '58.00', 0, 1, '2021-01-05 15:13:08', 1),
(228, NULL, 175, 'Pump Spring S', 59, 21, 10, '', 'PCS', NULL, NULL, '80.00', '100.00', '47.00', 0, 1, '2021-01-05 15:14:12', 1),
(229, '', 176, 'Oil Nail 22 NO', 59, 21, 2, '', 'PCS', NULL, NULL, '140.00', '150.00', '3.00', 0, 1, '2021-01-05 15:14:49', 1),
(230, NULL, 177, 'Vale Kait', 59, 21, 5, '', 'PCS', NULL, NULL, '400.00', '450.00', '6.00', 0, 1, '2021-01-05 15:15:24', 1),
(231, NULL, 178, 'Bulb Fuse', 50, 21, 10, '', 'PCS', NULL, NULL, '10.00', '15.00', '45.00', 0, 1, '2021-01-05 15:16:08', 1),
(232, '', 179, 'Rokkaram Saft', 59, 21, 2, '', 'PCS', NULL, NULL, '650.00', '700.00', '4.00', 0, 1, '2021-01-05 15:16:54', 1),
(233, NULL, 180, 'L Thanni Pump Lock', 59, 21, 10, '', 'PCS', NULL, NULL, '50.00', '60.00', '15.00', 0, 1, '2021-01-05 15:17:29', 1),
(234, NULL, 181, 'Pulack Uppu Kai', 59, 21, 5, '', 'PCS', NULL, NULL, '1900.00', '2000.00', '7.00', 0, 1, '2021-01-05 15:18:04', 1),
(235, NULL, 182, 'Controal Ruck Weel', 59, 21, 5, '', 'PCS', NULL, NULL, '950.00', '1000.00', '20.00', 0, 1, '2021-01-05 15:19:12', 1),
(236, NULL, 183, 'Gear Box In Lock', 59, 21, 5, '', 'PCS', NULL, NULL, '550.00', '600.00', '24.00', 0, 1, '2021-01-05 15:19:56', 1),
(237, NULL, 184, 'Sembu Vasar 13 NO', 59, 21, 25, '', 'PCS', NULL, NULL, '10.00', '15.00', '87.00', 0, 1, '2021-01-05 15:20:30', 1),
(238, NULL, 185, 'Rokaram Lock', 59, 21, 10, '', 'PCS', NULL, NULL, '55.00', '60.00', '50.00', 0, 1, '2021-01-05 15:21:00', 1),
(239, NULL, 186, 'Horn Clip Round ', 59, 21, 10, '', 'PCS', NULL, NULL, '8.00', '10.00', '43.00', 0, 1, '2021-01-05 15:22:07', 1),
(240, '', 187, 'Outline Uniyar/StanTube Nail', 59, 21, 5, '', 'PCS', NULL, NULL, '950.00', '1000.00', '3.00', 0, 1, '2021-01-05 15:24:12', 1),
(241, NULL, 188, 'Piston Lock', 59, 21, 5, '', 'PCS', NULL, NULL, '60.00', '70.00', '6.00', 0, 1, '2021-01-05 15:27:26', 1),
(242, NULL, 189, 'Rokkaram Agestment Nail', 59, 21, 5, '', 'PCS', NULL, NULL, '650.00', '700.00', '1.00', 0, 1, '2021-01-05 15:28:05', 1),
(243, NULL, 190, 'Pump Koor Spring', 0, 0, 10, '', 'PCS', NULL, NULL, '90.00', '100.00', '47.00', 0, 1, '2021-01-05 15:28:42', 1),
(244, NULL, 191, 'Came Saft Lock', 59, 21, 10, '', 'PCS', NULL, NULL, '180.00', '200.00', '19.00', 0, 1, '2021-01-05 15:29:38', 1),
(245, NULL, 192, 'Kutsi Pin Lock', 59, 21, 10, '', 'PCS', NULL, NULL, '55.00', '60.00', '20.00', 0, 1, '2021-01-05 15:30:20', 1),
(246, NULL, 193, 'Oil Nail 17 NO', 59, 0, 10, '', 'PCS', NULL, NULL, '120.00', '140.00', '39.00', 0, 1, '2021-01-05 15:31:18', 1),
(247, NULL, 194, 'Horn Clip ', 59, 21, 10, '', 'PCS', NULL, NULL, '25.00', '30.00', '33.00', 0, 1, '2021-01-05 15:32:30', 1),
(248, NULL, 195, 'Sembu Wasar 19 NO', 59, 21, 25, '', 'PCS', NULL, NULL, '20.00', '25.00', '221.00', 0, 1, '2021-01-05 15:33:06', 1),
(249, NULL, 196, 'Sembu Vasar 17 NO', 59, 21, 50, '', 'PCS', NULL, NULL, '15.00', '20.00', '174.00', 0, 1, '2021-01-05 15:34:39', 1),
(250, NULL, 197, 'Cember Vasar', 59, 21, 20, '', 'PCS', NULL, NULL, '90.00', '100.00', '100.00', 0, 1, '2021-01-05 15:35:37', 1),
(251, NULL, 198, 'Petrol Match Mooti Vasar', 59, 21, 10, '', 'PCS', NULL, NULL, '10.00', '15.00', '43.00', 0, 1, '2021-01-05 15:36:54', 1),
(252, NULL, 199, 'S Thanni Pump Lock', 59, 21, 10, '', 'PCS', NULL, NULL, '50.00', '60.00', '25.00', 0, 1, '2021-01-05 15:37:59', 1),
(253, '', 200, 'Kaplin Oil Seal 2SM', 59, 21, 10, '', 'PCS', NULL, NULL, '850.00', '900.00', '30.00', 0, 1, '2021-01-05 15:38:55', 1),
(254, NULL, 201, 'Gear Box Out Lock', 59, 21, 10, '', 'PCS', NULL, NULL, '550.00', '600.00', '26.00', 0, 1, '2021-01-05 15:39:49', 1),
(255, NULL, 202, 'Sembu Vasar 22 NO', 59, 21, 10, '', 'PCS', NULL, NULL, '15.00', '20.00', '172.00', 0, 1, '2021-01-05 15:43:02', 1),
(256, NULL, 203, 'Head Uppu Kai', 59, 21, 5, '', 'PCS', NULL, NULL, '500.00', '600.00', '9.00', 0, 1, '2021-01-05 15:44:04', 1),
(257, NULL, 204, 'Pump Spring', 59, 21, 10, '', 'PCS', NULL, NULL, '450.00', '500.00', '19.00', 0, 1, '2021-01-05 15:44:42', 1),
(258, NULL, 205, 'Silvu Orin Pack', 0, 0, 5, '', 'PCS', NULL, NULL, '300.00', '350.00', '10.00', 0, 1, '2021-01-05 15:45:15', 1),
(259, NULL, 206, 'Came Saft Oil Seal', 59, 21, 10, '', 'PCS', NULL, NULL, '400.00', '450.00', '17.00', 0, 1, '2021-01-05 15:45:50', 1),
(260, '', 207, 'Joint Cross(QUZZ) Racer Ways', 59, 21, 5, '', 'PCS', NULL, NULL, '1500.00', '1750.00', '10.00', 0, 1, '2021-01-05 15:47:35', 1),
(261, NULL, 208, 'Sifter Winner ', 63, 22, 5, '', 'PCS', NULL, NULL, '1000.00', '1100.00', '2.00', 0, 1, '2021-01-05 15:50:32', 1),
(262, NULL, 209, 'Oil Nop 24 NO', 59, 21, 5, '', 'PCS', NULL, NULL, '300.00', '350.00', '4.00', 0, 1, '2021-01-05 15:58:08', 1),
(263, NULL, 210, 'Oil Nop 22 NO', 59, 21, 5, '', 'PCS', NULL, NULL, '240.00', '260.00', '5.00', 0, 1, '2021-01-05 15:59:20', 1),
(264, NULL, 211, 'Oil Nop 19 NO', 59, 21, 5, '', 'PCS', NULL, NULL, '230.00', '250.00', '12.00', 0, 1, '2021-01-05 16:00:20', 1),
(265, '', 212, 'Asawu Nickel', 31, 0, 2, '', 'PCS', NULL, NULL, '280.00', '300.00', '3.00', 0, 1, '2021-01-05 16:02:13', 1),
(266, NULL, 213, 'Meter Pipe', 59, 21, 1, '', 'PCS', NULL, NULL, '1500.00', '2000.00', '2.00', 0, 1, '2021-01-05 16:03:09', 1),
(267, NULL, 214, 'Mustub Normal ', 6, 0, 1, '', 'PCS', NULL, NULL, '400.00', '500.00', '3.00', 0, 1, '2021-01-05 16:06:11', 1),
(268, NULL, 215, 'Engine Valve (JAPAN)', 59, 21, 3, '', 'PCS', NULL, NULL, '2000.00', '2100.00', '6.00', 0, 1, '2021-01-05 16:08:16', 1),
(269, '', 216, 'Tools 19 NO (RWZ)', 63, 24, 5, '', 'PCS', NULL, NULL, '270.00', '320.00', '7.00', 0, 1, '2021-01-05 16:10:40', 1),
(270, NULL, 217, 'Tools 17 NO', 63, 23, 5, '', 'PCS', NULL, NULL, '280.00', '300.00', '12.00', 0, 1, '2021-01-05 16:11:56', 1),
(271, '', 218, 'Tools 13 NO (QWZ)', 63, 0, 10, '', 'PCS', NULL, NULL, '170.00', '200.00', '5.00', 0, 1, '2021-01-05 16:13:40', 1),
(272, NULL, 219, 'Site Bearing 3SM 50', 59, 21, 2, '', 'PCS', NULL, NULL, '3500.00', '4000.00', '2.00', 0, 1, '2021-01-05 16:17:10', 1),
(273, NULL, 220, 'Ring Set Piston', 59, 21, 3, '', 'PCS', NULL, NULL, '2500.00', '3000.00', '3.00', 0, 1, '2021-01-05 16:18:31', 1),
(275, NULL, 221, 'Nusal Pakistan Blue (UUZ)', 59, 25, 10, '', 'PCS', NULL, NULL, '550.00', '750.00', '19.00', 0, 1, '2021-01-05 16:21:17', 1),
(276, NULL, 222, 'Nusal Green China ', 59, 26, 5, '', 'PCS', NULL, NULL, '500.00', '650.00', '9.00', 0, 1, '2021-01-05 16:22:55', 1),
(277, NULL, 223, 'plunger (ilaman) (QTUZ)', 59, 21, 10, '', 'PCS', NULL, NULL, '1450.00', '1700.00', '19.00', 0, 1, '2021-01-05 16:24:40', 1),
(278, NULL, 224, 'Deisel Filter/Oil Filter (UZZZ)', 59, 21, 2, '', 'PCS', NULL, NULL, '5000.00', '6000.00', '4.00', 0, 1, '2021-01-05 16:27:26', 1),
(279, NULL, 225, 'Free Wheel ASSY (TXZZ)', 59, 21, 1, '', 'PCS', NULL, NULL, '4800.00', '6000.00', '1.00', 0, 1, '2021-01-05 16:28:27', 1),
(280, NULL, 226, 'Oil Meter', 59, 21, 1, '', 'PCS', NULL, NULL, '5500.00', '7000.00', '3.00', 0, 1, '2021-01-05 16:30:33', 1),
(281, NULL, 227, 'Engine Bearing 50 Size', 59, 21, 6, '', 'PCS', NULL, NULL, '2000.00', '3000.00', '4.00', 0, 1, '2021-01-05 16:33:21', 1),
(282, NULL, 228, 'Piston Pin Bush', 59, 21, 4, '', 'PCS', NULL, NULL, '800.00', '900.00', '14.00', 0, 1, '2021-01-05 16:35:00', 1),
(283, '', 229, 'Delivery Valve', 59, 21, 10, '...', 'PCS', NULL, NULL, '1100.00', '1200.00', '1.00', 0, 1, '2021-01-05 16:35:59', 1),
(284, NULL, 230, 'Baru (QU)', 64, 0, 10, '', 'PCS', NULL, NULL, '15.00', '30.00', '21.00', 0, 1, '2021-01-06 04:31:05', 1),
(285, '', 231, 'Baru', 64, 0, 10, '', 'PCS', NULL, NULL, '80.00', '100.00', '13.00', 0, 1, '2021-01-06 04:32:12', 1),
(286, '', 232, 'Baru', 64, 4, 10, '', 'PCS', NULL, NULL, '20.00', '25.00', '63.00', 0, 1, '2021-01-06 04:32:54', 1),
(287, NULL, 233, 'Baru', 64, 0, 10, '', 'PCS', NULL, NULL, '60.00', '70.00', '0.00', 0, 1, '2021-01-06 04:39:38', 1),
(288, NULL, 234, 'Baru (QY)', 64, 0, 10, '', 'PCS', NULL, NULL, '20.00', '40.00', '45.00', 0, 1, '2021-01-06 04:41:28', 1),
(289, NULL, 235, 'Swivell S 1.4 NO', 65, 0, 25, '', 'PCS', NULL, NULL, '8.00', '10.00', '808.00', 0, 1, '2021-01-06 05:04:53', 1),
(290, NULL, 236, 'Mustab Rin', 48, 0, 25, '', 'PCS', NULL, NULL, '10.00', '15.00', '438.00', 0, 1, '2021-01-06 05:06:05', 1),
(291, NULL, 237, 'Swivell S 10 NO', 65, 0, 25, '', 'PCS', NULL, NULL, '6.00', '8.00', '696.00', 0, 1, '2021-01-06 05:07:30', 1),
(292, NULL, 238, 'Swivell S 8 NO', 65, 0, 25, '', 'PCS', NULL, NULL, '12.00', '15.00', '368.00', 0, 1, '2021-01-06 05:09:12', 1),
(293, '', 239, 'Plastic Cuttle Fish Head', 66, 0, 20, '', 'PCS', NULL, NULL, '85.00', '100.00', '37.00', 0, 1, '2021-01-06 05:11:04', 1),
(294, NULL, 240, 'Bolan Patta', 48, 27, 10, '', 'PCS', NULL, NULL, '140.00', '150.00', '14.00', 0, 1, '2021-01-06 05:12:16', 1),
(295, NULL, 241, 'Mustab Naakku', 67, 0, 20, '', 'PCS', NULL, NULL, '70.00', '80.00', '68.00', 0, 1, '2021-01-06 05:13:55', 1),
(296, NULL, 242, 'Swivell S 1.3 NO (Sembu)', 65, 0, 50, '', 'PCS', NULL, NULL, '12.00', '15.00', '924.00', 0, 1, '2021-01-06 05:14:56', 1),
(297, NULL, 243, 'Swivell S 1.2 NO (Sembu)', 65, 0, 50, '', 'PCS', NULL, NULL, '12.00', '15.00', '890.00', 0, 1, '2021-01-06 05:15:41', 1),
(298, NULL, 244, 'Battery Thaurmar', 31, 0, 10, '', 'PCS', NULL, NULL, '200.00', '220.00', '10.00', 0, 1, '2021-01-06 05:18:15', 1),
(299, NULL, 245, 'Baru (RU)', 64, 0, 20, '', 'PCS', NULL, NULL, '25.00', '40.00', '38.00', 0, 1, '2021-01-06 05:20:25', 1),
(300, NULL, 246, 'Baru', 64, 0, 10, '', 'PCS', NULL, NULL, '20.00', '25.00', '11.00', 0, 1, '2021-01-06 05:21:23', 1),
(301, '', 247, 'Baru L SZ-4', 64, 0, 10, '', 'PCS', NULL, NULL, '120.00', '150.00', '18.00', 0, 1, '2021-01-06 05:22:41', 1),
(302, NULL, 248, 'Baru L SZ-3 ', 64, 0, 10, '', 'PCS', NULL, NULL, '180.00', '200.00', '18.00', 0, 1, '2021-01-06 05:26:05', 1),
(303, NULL, 249, 'Baru L SZ-1', 64, 0, 10, '', 'PCS', NULL, NULL, '230.00', '250.00', '12.00', 0, 1, '2021-01-06 05:27:28', 1),
(304, NULL, 250, 'Baru L SZ-2', 64, 0, 10, '', 'PCS', NULL, NULL, '200.00', '220.00', '16.00', 0, 1, '2021-01-06 05:27:57', 1),
(305, '', 251, 'Mustab Hook 3 Ply', 48, 0, 10, '', 'PCS', NULL, NULL, '220.00', '250.00', '7.00', 0, 1, '2021-01-06 05:29:28', 1),
(306, NULL, 252, 'Mustab Hook 2ply', 48, 0, 10, '', 'PCS', NULL, NULL, '150.00', '170.00', '29.00', 0, 1, '2021-01-06 05:30:11', 1),
(307, NULL, 253, 'Mustab Hook 2ply', 48, 0, 10, '', 'PCS', NULL, NULL, '90.00', '100.00', '71.00', 0, 1, '2021-01-06 05:30:53', 1),
(308, NULL, 254, 'Mustab Hook 2ply', 0, 0, 10, '', 'PCS', NULL, NULL, '90.00', '100.00', '4.00', 0, 1, '2021-01-06 05:31:16', 1),
(309, NULL, 255, 'Mustab Hook 2ply', 48, 0, 10, '', 'PCS', NULL, NULL, '80.00', '100.00', '23.00', 0, 1, '2021-01-06 05:31:46', 1),
(310, NULL, 256, 'Mustab Hook 3ply', 48, 0, 10, '', 'PCS', NULL, NULL, '130.00', '150.00', '33.00', 0, 1, '2021-01-06 05:32:14', 1),
(311, NULL, 257, 'Mustab Hook 2ply SZ-28', 0, 0, 10, '', 'PCS', NULL, NULL, '60.00', '70.00', '2.00', 0, 1, '2021-01-06 05:32:59', 1),
(312, NULL, 258, 'Mustab Hook 2ply', 48, 0, 10, '', 'PCS', NULL, NULL, '90.00', '100.00', '40.00', 0, 1, '2021-01-06 05:33:39', 1),
(313, '', 259, '10 No Hook White', 48, 0, 100, '', 'PCS', NULL, NULL, '4.00', '5.00', '454.00', 0, 1, '2021-01-06 07:44:57', 1),
(314, NULL, 260, '6 No Hook White', 48, 0, 20, '', 'PCS', NULL, NULL, '12.00', '15.00', '32.00', 0, 1, '2021-01-06 07:46:02', 1),
(315, '', 261, '9 No Hook Black', 48, 0, 20, '', 'PCS', NULL, NULL, '8.00', '10.00', '29.00', 0, 1, '2021-01-06 07:46:52', 1),
(316, NULL, 262, '7 No Hook White', 48, 0, 20, '', 'PCS', NULL, NULL, '10.00', '12.00', '115.00', 0, 1, '2021-01-06 07:48:15', 1),
(317, NULL, 263, '7 No Hook Black', 48, 0, 20, '', 'PCS', NULL, NULL, '10.00', '13.00', '47.00', 0, 1, '2021-01-06 07:49:44', 1),
(318, '', 264, '4 No Hook White (RY)', 48, 0, 20, '', 'PCS', NULL, NULL, '29.00', '35.00', '860.00', 0, 1, '2021-01-06 07:51:03', 1),
(319, '', 265, '8 No Hook White', 48, 0, 20, '', 'PCS', NULL, NULL, '8.00', '10.00', '429.00', 0, 1, '2021-01-06 07:51:34', 1),
(320, NULL, 266, '10 No Hook Black', 48, 0, 20, '', 'PCS', NULL, NULL, '8.00', '10.00', '54.00', 0, 1, '2021-01-06 07:52:12', 1),
(321, NULL, 267, '6 No Hook Black', 48, 0, 25, '', 'PCS', NULL, NULL, '18.00', '20.00', '113.00', 0, 1, '2021-01-06 07:53:48', 1),
(322, '', 268, '9 No Hook White', 48, 0, 100, '', 'PCS', NULL, NULL, '8.00', '10.00', '811.00', 0, 1, '2021-01-06 07:54:26', 1),
(323, NULL, 269, 'Nail 13 No 2\"', 42, 0, 25, '', 'PCS', NULL, NULL, '25.00', '30.00', '61.00', 0, 1, '2021-01-06 07:57:21', 1),
(324, NULL, 270, 'Nail 13 NO 1.5\"', 42, 0, 20, '', 'PCS', NULL, NULL, '20.00', '25.00', '9.00', 0, 1, '2021-01-06 07:58:02', 1),
(325, NULL, 271, 'Nail 13 NO 2.5\"', 42, 0, 20, '', 'PCS', NULL, NULL, '30.00', '35.00', '39.00', 0, 1, '2021-01-06 07:58:37', 1),
(326, '', 272, 'Nail 13 NO 1\"', 42, 0, 20, '', 'PCS', NULL, NULL, '20.00', '25.00', '16.00', 0, 1, '2021-01-06 07:59:13', 1),
(327, '', 273, 'Nail 17 NO 1.5\"', 42, 0, 10, '', 'PCS', NULL, NULL, '30.00', '35.00', '17.00', 0, 1, '2021-01-06 08:00:12', 1),
(328, NULL, 274, 'Nail 17 NO 2.5\"', 42, 0, 10, '', 'PCS', NULL, NULL, '40.00', '45.00', '42.00', 0, 1, '2021-01-06 08:01:11', 1),
(329, NULL, 275, 'Nail 17 NO 5\"', 42, 0, 10, '', 'PCS', NULL, NULL, '50.00', '60.00', '16.00', 0, 1, '2021-01-06 08:01:49', 1),
(330, NULL, 276, 'Nail 17 NO 4\"', 42, 0, 10, '', 'PCS', NULL, NULL, '45.00', '50.00', '11.00', 0, 1, '2021-01-06 08:02:51', 1),
(331, NULL, 277, 'Nail 17 NO 3\"', 42, 0, 10, '', 'PCS', NULL, NULL, '40.00', '45.00', '32.00', 0, 1, '2021-01-06 08:03:37', 1),
(332, NULL, 278, 'Nail 13 NO 5\"', 42, 0, 10, '', 'PCS', NULL, NULL, '40.00', '50.00', '2.00', 0, 1, '2021-01-06 08:04:16', 1),
(333, NULL, 279, 'Nail 10 NO 1\"', 42, 0, 10, '', 'PCS', NULL, NULL, '8.00', '10.00', '79.00', 0, 1, '2021-01-06 08:06:26', 1),
(334, NULL, 280, 'Nail 19 NO 2.5\"', 42, 0, 10, '', 'PCS', NULL, NULL, '50.00', '60.00', '25.00', 0, 1, '2021-01-06 08:09:01', 1),
(335, NULL, 281, 'Nail 19 NO 2\"', 42, 0, 10, '', 'PCS', NULL, NULL, '40.00', '50.00', '26.00', 0, 1, '2021-01-06 08:11:12', 1),
(336, NULL, 282, 'Nail 19 NO 1.5\"', 42, 0, 10, '', 'PCS', NULL, NULL, '40.00', '45.00', '9.00', 0, 1, '2021-01-06 08:12:04', 1),
(338, '', 283, 'Vasar Plate Nickel 5 Nool', 42, 0, 20, '', 'PCS', NULL, NULL, '20.00', '30.00', '268.00', 0, 1, '2021-01-06 08:13:34', 1),
(339, NULL, 284, 'Vasar Plate Steel 5 Nool', 42, 0, 10, '', 'PCS', NULL, NULL, '10.00', '15.00', '27.00', 0, 1, '2021-01-06 08:14:25', 1),
(340, NULL, 285, 'Vasar Plate 13 NO', 42, 0, 20, '', 'PCS', NULL, NULL, '4.00', '5.00', '27.00', 0, 1, '2021-01-06 08:16:24', 1),
(341, NULL, 286, 'Vasar Plate 10 NO', 42, 0, 50, '', 'PCS', NULL, NULL, '4.00', '5.00', '221.00', 0, 1, '2021-01-06 08:17:09', 1),
(342, '', 287, 'Vasar Spring 10 NO Black', 42, 0, 50, '', 'PCS', NULL, NULL, '1.50', '2.00', '1040.00', 0, 1, '2021-01-06 08:18:17', 1),
(343, '', 288, 'Vasar Spring 10 NO White', 42, 0, 50, '', 'PCS', NULL, NULL, '2.50', '3.00', '631.00', 0, 1, '2021-01-06 08:20:01', 1),
(344, NULL, 289, 'Vasar Spring 13 NO Black', 42, 0, 20, '', 'PCS', NULL, NULL, '4.00', '5.00', '374.00', 0, 1, '2021-01-06 08:21:42', 1),
(345, '', 290, 'Vasar Spring 17 NO White', 42, 0, 20, '', 'PCS', NULL, NULL, '4.00', '5.00', '103.00', 0, 1, '2021-01-06 08:24:33', 1),
(346, NULL, 291, 'Vasar Spring 17 NO Black', 42, 0, 20, '', 'PCS', NULL, NULL, '4.00', '5.00', '53.00', 0, 1, '2021-01-06 08:30:14', 1),
(347, NULL, 292, 'Vasar Spring 19 NO White', 42, 0, 20, '', 'PCS', NULL, NULL, '5.00', '7.00', '76.00', 0, 1, '2021-01-06 08:31:52', 1),
(348, NULL, 293, 'Vasar Spring 5 Nool Steel', 42, 0, 50, '', 'PCS', NULL, NULL, '8.00', '10.00', '156.00', 0, 1, '2021-01-06 08:33:20', 1),
(349, NULL, 294, 'Bolt 13 NO', 42, 0, 20, '', 'PCS', NULL, NULL, '4.00', '5.00', '68.00', 0, 1, '2021-01-06 08:40:18', 1),
(350, NULL, 295, 'Bolt 19 NO', 42, 0, 20, '', 'PCS', NULL, NULL, '8.00', '10.00', '18.00', 0, 1, '2021-01-06 08:41:46', 1),
(351, '', 296, 'Belt  A-27 NO', 68, 0, 10, '', 'PCS', NULL, NULL, '225.00', '300.00', '14.00', 0, 1, '2021-01-06 09:41:33', 1),
(352, NULL, 297, 'Screwdriver Red', 69, 0, 5, '', 'PCS', NULL, NULL, '120.00', '150.00', '12.00', 0, 1, '2021-01-06 10:05:08', 1),
(353, NULL, 298, 'Screwdriver Green', 69, 0, 2, '', 'PCS', NULL, NULL, '400.00', '450.00', '4.00', 0, 1, '2021-01-06 10:07:26', 1),
(354, NULL, 299, 'Screwdriver Blue (SZZ)', 69, 0, 5, '', 'PCS', NULL, NULL, '300.00', '400.00', '8.00', 0, 1, '2021-01-06 10:08:20', 1),
(355, NULL, 300, 'Screwdriver (QSZ)', 68, 0, 5, '', 'PCS', NULL, NULL, '130.00', '200.00', '6.00', 0, 1, '2021-01-06 10:09:29', 1),
(356, NULL, 301, 'Screwdriver', 69, 0, 2, '', 'PCS', NULL, NULL, '250.00', '300.00', '1.00', 0, 1, '2021-01-06 10:10:50', 1),
(357, NULL, 302, 'Screwdriver (QVZ)', 69, 0, 5, '', 'PCS', NULL, NULL, '160.00', '250.00', '8.00', 0, 1, '2021-01-06 10:11:28', 1),
(358, NULL, 303, 'Screwdriver(RTZ)', 69, 0, 5, '', 'PCS', NULL, NULL, '240.00', '350.00', '9.00', 0, 1, '2021-01-06 10:13:19', 1),
(359, NULL, 304, 'Cable Multi ply', 70, 0, 10, '', 'Yart', NULL, NULL, '60.00', '75.00', '28.00', 0, 1, '2021-01-06 10:27:37', 1),
(360, '', 305, 'Cable 1 ply 24-NO', 70, 0, 5, '', 'PCS', NULL, NULL, '50.00', '70.00', '18.00', 0, 1, '2021-01-06 10:31:37', 1),
(361, NULL, 306, 'Cable 1ply 20-NO', 70, 0, 5, '', 'PCS', NULL, NULL, '50.00', '70.00', '22.00', 0, 1, '2021-01-06 10:33:11', 1),
(362, NULL, 307, 'Cable 1ply 28-NO', 70, 0, 5, '', 'PCS', NULL, NULL, '50.00', '70.00', '8.00', 0, 1, '2021-01-06 10:37:28', 1),
(363, NULL, 308, 'Cable 1ply 30-NO', 70, 0, 5, '', 'PCS', NULL, NULL, '50.00', '80.00', '16.00', 0, 1, '2021-01-06 10:38:41', 1),
(364, NULL, 309, 'Cable 1ply 14-NO', 70, 0, 5, '', 'PCS', NULL, NULL, '50.00', '70.00', '1.00', 0, 1, '2021-01-06 10:39:46', 1),
(365, NULL, 310, 'Cable 1ply 18-NO', 70, 0, 5, '', 'PCS', NULL, NULL, '50.00', '70.00', '16.00', 0, 1, '2021-01-06 10:41:15', 1),
(366, NULL, 311, 'Cable 1ply 26-NO', 70, 0, 5, '', 'PCS', NULL, NULL, '50.00', '70.00', '25.00', 0, 1, '2021-01-06 10:42:43', 1),
(367, NULL, 312, 'Vemba Vasar', 71, 0, 10, '', 'PCS', NULL, NULL, '200.00', '250.00', '43.00', 0, 1, '2021-01-06 10:48:37', 1),
(368, NULL, 313, 'XL Cycle', 72, 0, 50, '', 'PCS', NULL, NULL, '50.00', '80.00', '247.00', 0, 1, '2021-01-06 11:04:13', 1),
(369, '', 314, 'Kaplin Joint', 59, 21, 5, '', 'PCS', NULL, NULL, '3500.00', '4500.00', '7.00', 0, 1, '2021-01-06 11:07:33', 1),
(370, NULL, 315, 'Mount L Nail 24\"', 59, 21, 2, '', 'PCS', NULL, NULL, '850.00', '1000.00', '4.00', 0, 1, '2021-01-06 11:19:03', 1),
(371, '', 316, 'Knife Steel 18\"(QUZZ)', 74, 0, 1, '', 'PCS', NULL, NULL, '1500.00', '2500.00', '1.00', 0, 1, '2021-01-06 11:24:00', 1),
(372, NULL, 317, 'Knife Steel 24\"(RUZZ)', 74, 0, 5, '', 'PCS', NULL, NULL, '2500.00', '4000.00', '2.00', 0, 1, '2021-01-06 11:25:22', 1),
(373, '', 318, 'Maniboal 2SM', 59, 21, 2, '', 'PCS', NULL, NULL, '4500.00', '10000.00', '1.00', 0, 1, '2021-01-06 11:28:10', 1),
(374, NULL, 319, 'Mount Nail L SZ', 59, 21, 50, '', 'PCS', NULL, NULL, '215.00', '300.00', '166.00', 0, 1, '2021-01-06 11:31:50', 1),
(375, '', 320, 'Mount Plan Pattam', 59, 21, 20, '', 'PCS', NULL, NULL, '250.00', '300.00', '97.00', 0, 1, '2021-01-06 11:35:42', 1),
(376, NULL, 321, 'Bolt 5 Nool Monut', 59, 21, 20, '', 'PCS', NULL, NULL, '25.00', '30.00', '58.00', 0, 1, '2021-01-06 11:38:05', 1),
(377, NULL, 322, 'Mount Bolt Pattam', 59, 21, 20, '', 'PCS', NULL, NULL, '125.00', '150.00', '99.00', 0, 1, '2021-01-06 11:42:43', 1),
(379, '', 323, 'Ilaman Thahadu', 59, 21, 50, '...', 'PCS', NULL, NULL, '20.00', '25.00', '32.00', 0, 1, '2021-01-06 11:46:39', 1),
(380, NULL, 324, 'Baru XL SZ', 64, 0, 10, '', 'PCS', NULL, NULL, '120.00', '120.00', '46.00', 0, 1, '2021-01-06 11:50:48', 1),
(381, '', 325, 'Motor F Pattam', 59, 21, 5, '', 'PCS', NULL, NULL, '600.00', '900.00', '8.00', 0, 1, '2021-01-06 11:52:40', 1),
(382, NULL, 326, 'Mount Pattam Plane Normal', 59, 0, 20, '', 'PCS', NULL, NULL, '150.00', '180.00', '22.00', 0, 1, '2021-01-06 11:54:26', 1),
(383, NULL, 327, 'Mount Cut V Pattam Plane', 59, 21, 10, '', 'PCS', NULL, NULL, '250.00', '300.00', '1.00', 0, 1, '2021-01-06 12:01:40', 1),
(384, NULL, 328, 'Seeval Pipe Sembu', 59, 21, 10, '', 'PCS', NULL, NULL, '1250.00', '1500.00', '22.00', 0, 1, '2021-01-06 12:06:31', 1),
(385, '', 329, 'Allu Double Boad (RVZZ)', 59, 21, 5, '', 'PCS', NULL, NULL, '2600.00', '3500.00', '8.00', 0, 1, '2021-01-06 12:11:09', 1),
(386, '', 330, 'Allu Single Boad (RZRS)', 59, 21, 5, '', 'PCS', NULL, NULL, '2023.00', '2500.00', '7.00', 0, 1, '2021-01-06 12:12:03', 1),
(387, NULL, 331, 'Allu Boad Sukkan (RZRS)', 59, 21, 5, '', 'PCS', NULL, NULL, '2023.00', '2500.00', '8.00', 0, 1, '2021-01-06 12:16:22', 1),
(389, NULL, 332, 'Allu Sukkan Manga (QXUZ)', 59, 22, 5, '', 'PCS', NULL, NULL, '1850.00', '2400.00', '3.00', 0, 1, '2021-01-06 12:19:12', 1),
(390, '', 333, 'Tube 2.4', 75, 0, 1000, '', 'PCS', NULL, NULL, '3.00', '5.00', '5500.00', 1, 1, '2021-01-06 12:33:04', 1),
(391, '', 334, 'LED Single Bar Light L 12V', 50, 0, 10, '', 'PCS', NULL, NULL, '220.00', '300.00', '10.00', 0, 1, '2021-01-06 12:41:05', 1),
(392, '', 335, 'LED Double Bar Light M (SXZ) 12V', 50, 0, 10, '', 'PCS', NULL, NULL, '400.00', '500.00', '24.00', 0, 1, '2021-01-06 12:42:30', 1),
(393, '', 336, 'LED Double Bar Light S (RXZ) 12V', 50, 0, 10, '', 'PCS', NULL, NULL, '300.00', '400.00', '24.00', 0, 1, '2021-01-06 12:43:22', 1),
(394, '', 337, 'LED Double Bar Light L (TXZ) 12V', 50, 0, 10, '', 'PCS', NULL, NULL, '500.00', '600.00', '21.00', 0, 1, '2021-01-06 12:44:22', 1),
(395, NULL, 338, 'LED Double Bar Light L 24V', 50, 0, 5, '', 'PCS', NULL, NULL, '720.00', '750.00', '3.00', 0, 1, '2021-01-06 12:45:46', 1),
(396, '', 339, 'LED Box Light (TWZ)', 50, 0, 10, '', 'PCS', NULL, NULL, '475.00', '600.00', '26.00', 0, 1, '2021-01-06 12:46:43', 1),
(397, NULL, 340, 'Knife KIWI S (RZ)', 40, 0, 24, '', 'PCS', NULL, NULL, '20.00', '40.00', '84.00', 0, 1, '2021-01-06 12:48:30', 1),
(399, '', 341, 'Knife Vegetable', 40, 0, 5, '', 'PCS', NULL, NULL, '215.00', '300.00', '9.00', 0, 1, '2021-01-06 12:51:35', 1),
(400, NULL, 342, 'Knife KIWI L SIZE', 40, 0, 10, '', 'PCS', NULL, NULL, '250.00', '450.00', '1.00', 0, 1, '2021-01-06 12:52:20', 1),
(401, '', 343, 'Swivell 4NO', 65, 0, 200, '', 'PCS', NULL, NULL, '40.00', '50.00', '495.00', 1, 1, '2021-01-06 12:53:14', 1),
(402, '', 344, 'Swivell 2NO', 65, 56, 200, '', 'PCS', NULL, NULL, '46.00', '55.00', '300.00', 1, 1, '2021-01-06 12:53:45', 1),
(403, '', 345, 'Swivell 3NO', 65, 0, 200, '', 'PCS', NULL, NULL, '43.00', '50.00', '225.00', 0, 1, '2021-01-06 12:54:21', 1),
(404, '', 346, '3.2 Hook Nickel', 6, 0, 200, '', 'PCS', NULL, NULL, '45.00', '60.00', '410.00', 1, 1, '2021-01-06 12:56:11', 1),
(405, '', 347, 'Water Pump 12 DC', 77, 0, 5, '', 'PCS', NULL, NULL, '8500.00', '10000.00', '1.00', 0, 1, '2021-01-06 12:58:27', 1),
(406, '', 348, 'LED Focus 12V Light', 50, 0, 5, '', 'PCS', NULL, NULL, '2100.00', '3000.00', '7.00', 0, 1, '2021-01-06 12:59:20', 1),
(407, '', 349, 'Battery S (777)', 78, 28, 10, '', 'PCS', NULL, NULL, '60.00', '100.00', '18.00', 0, 1, '2021-01-06 13:01:06', 1),
(409, '', 350, 'Battery ABC L SZ', 78, 29, 24, '', 'PCS', NULL, NULL, '200.00', '250.00', '30.00', 0, 1, '2021-01-06 13:02:00', 1),
(410, '', 351, 'Marine Compass (QSYUZ)', 79, 30, 2, '', 'PCS', NULL, NULL, '13950.00', '17000.00', '0.00', 0, 1, '2021-01-06 13:04:00', 1),
(411, '', 352, 'MC Gum 50g', 60, 0, 12, '', 'PCS', NULL, NULL, '100.00', '125.00', '178.00', 0, 1, '2021-01-06 13:04:44', 1),
(412, NULL, 353, 'Plastic Cuttle Fish ', 67, 0, 24, '', 'PCS', NULL, NULL, '85.00', '100.00', '92.00', 0, 1, '2021-01-06 13:16:32', 1),
(413, NULL, 354, 'Tape roll Black', 80, 0, 24, '', 'PCS', NULL, NULL, '26.00', '50.00', '72.00', 0, 1, '2021-01-06 13:20:53', 1),
(414, '', 355, 'DBL Tools Box (RXZZ)', 63, 0, 5, '', 'PCS', NULL, NULL, '2800.00', '3800.00', '5.00', 0, 1, '2021-01-06 13:22:23', 1),
(415, NULL, 356, 'Incense Stick (Asoka7)', 81, 31, 5, '', 'PCS', NULL, NULL, '80.00', '90.00', '10.00', 0, 1, '2021-01-06 13:27:39', 1),
(416, NULL, 357, 'Incense Stick (Parampara)', 81, 32, 5, '', 'PCS', NULL, NULL, '80.00', '100.00', '10.00', 0, 1, '2021-01-06 13:29:26', 1),
(417, NULL, 358, '16 No Hook White', 6, 0, 100, '', 'PCS', NULL, NULL, '2.00', '2.50', '493.00', 0, 1, '2021-01-06 13:31:48', 1),
(418, NULL, 359, '8 No Hook Black', 6, 0, 20, '', 'PCS', NULL, NULL, '5.00', '7.00', '82.00', 0, 1, '2021-01-06 13:33:38', 1),
(420, NULL, 360, '11 No Hook White', 6, 0, 50, '', 'PCS', NULL, NULL, '4.00', '5.00', '241.00', 0, 1, '2021-01-06 13:35:02', 1),
(421, NULL, 361, '12 No Hook White', 6, 0, 50, '', 'PCS', NULL, NULL, '2.00', '2.50', '592.00', 0, 1, '2021-01-06 13:36:12', 1),
(422, NULL, 362, '18 No Hook White', 6, 0, 50, '', 'PCS', NULL, NULL, '1.50', '2.50', '534.00', 0, 1, '2021-01-06 13:36:55', 1),
(423, NULL, 363, 'Net Needles', 67, 0, 50, '', 'PCS', NULL, NULL, '60.00', '80.00', '10.00', 0, 1, '2021-01-06 13:43:55', 1),
(424, '', 364, 'Nylon Twine Taiwan 27No 500G', 7, 0, 20, '', 'PCS', NULL, NULL, '950.00', '1100.00', '89.00', 0, 1, '2021-01-06 13:46:07', 1),
(425, '', 365, 'Kuradu', 63, 33, 1, '', 'PCS', NULL, NULL, '250.00', '450.00', '4.00', 0, 1, '2021-01-06 13:52:16', 1),
(426, NULL, 366, 'Ottina Light', 50, 0, 10, '', 'PCS', NULL, NULL, '25.00', '50.00', '314.00', 0, 1, '2021-01-06 13:53:55', 1),
(427, '', 367, 'Magic Gum', 60, 34, 15, '', 'PCS', NULL, NULL, '150.00', '290.00', '23.00', 0, 1, '2021-01-06 13:55:54', 1),
(428, NULL, 368, 'Vision Lock', 82, 35, 5, '', 'PCS', NULL, NULL, '200.00', '250.00', '7.00', 0, 1, '2021-01-06 13:57:55', 1),
(429, '', 369, 'Lock 50MM', 82, 0, 5, '', 'PCS', NULL, NULL, '250.00', '450.00', '5.00', 0, 1, '2021-01-06 13:58:48', 1),
(430, '', 370, 'Tube 1.8', 75, 0, 500, '', 'PCS', NULL, NULL, '3.00', '5.00', '3854.00', 1, 1, '2021-01-06 14:04:38', 1),
(432, NULL, 372, 'PVC Wire ', 83, 36, 30, '', 'Yart', NULL, NULL, '15.00', '30.00', '97.00', 0, 1, '2021-01-06 15:39:52', 1),
(434, '', 373, 'Srilanka Flug', 86, 0, 20, '', 'PCS', NULL, NULL, '50.00', '100.00', '40.00', 0, 1, '2021-01-06 15:41:41', 1),
(435, NULL, 32, 'Colour Flag', 86, 0, 15, '', 'PCS', NULL, NULL, '50.00', '100.00', '78.00', 0, 1, '2021-01-06 15:47:12', 1),
(436, NULL, 374, 'Grees Tappa', 87, 0, 10, '', 'PCS', NULL, NULL, '90.00', '100.00', '23.00', 0, 1, '2021-01-06 15:53:00', 1),
(437, '', 375, 'Gear Cable', 70, 0, 5, '', 'PCS', NULL, NULL, '2750.00', '3500.00', '5.00', 0, 1, '2021-01-06 16:04:50', 1),
(438, NULL, 376, 'Connector Packing ', 89, 0, 20, '', 'PCS', NULL, NULL, '120.00', '150.00', '91.00', 0, 1, '2021-01-06 16:06:51', 1),
(439, NULL, 377, 'Maniball packing', 0, 0, 20, '', 'PCS', NULL, NULL, '80.00', '100.00', '74.00', 0, 1, '2021-01-06 16:08:44', 1),
(440, NULL, 378, 'Friction plate Batta (UUZZ)', 0, 0, 1, '', 'PCS', NULL, NULL, '5500.00', '7500.00', '2.00', 0, 1, '2021-01-06 16:10:55', 1),
(441, NULL, 379, 'Friction plate 2SM', 0, 0, 1, '', 'PCS', NULL, NULL, '5750.00', '6000.00', '2.00', 0, 1, '2021-01-06 16:11:34', 1),
(442, NULL, 380, 'Tappert Packing', 0, 0, 15, '', 'PCS', NULL, NULL, '220.00', '250.00', '32.00', 0, 1, '2021-01-06 16:12:41', 1),
(443, '', 381, 'Silancer Packing', 0, 0, 15, '', 'PCS', NULL, NULL, '80.00', '100.00', '32.00', 0, 1, '2021-01-06 16:14:29', 1),
(444, '', 382, 'Chamber Front', 0, 0, 1, '', 'PCS', NULL, NULL, '950.00', '1200.00', '2.00', 0, 1, '2021-01-06 16:18:32', 1),
(445, NULL, 383, 'Mudakku Thundu Parts', 0, 0, 1, '', 'PCS', NULL, NULL, '5000.00', '5500.00', '1.00', 0, 1, '2021-01-06 16:19:30', 1);
INSERT INTO `tbl_item` (`itm_id`, `itm_barcode`, `itm_code`, `itm_name`, `itm_categary_id`, `itm_brand_id`, `itm_alert`, `itm_desc`, `itm_unite_type`, `mf_date`, `exp_date`, `cost`, `sale_price`, `quantity`, `is_featured`, `is_active`, `created_at`, `created_by`) VALUES
(446, NULL, 384, 'Piston Pin', 59, 21, 2, '', 'PCS', NULL, NULL, '1000.00', '1200.00', '4.00', 0, 1, '2021-01-07 02:15:43', 1),
(448, NULL, 385, 'Kodimara Clip', 65, 0, 20, '', 'PCS', NULL, NULL, '100.00', '120.00', '1.00', 0, 1, '2021-01-07 02:16:31', 1),
(449, NULL, 386, 'Concrete Nails 1\"', 42, 0, 2, '', 'KG', NULL, NULL, '500.00', '1000.00', '0.46', 0, 1, '2021-01-07 02:23:58', 1),
(450, NULL, 387, 'L Thanni Katta (Japan)', 59, 30, 20, '', 'PCS', NULL, NULL, '100.00', '200.00', '28.00', 0, 1, '2021-01-07 02:33:48', 1),
(451, NULL, 388, 'S Thanni Katta (Japan)', 59, 30, 25, '', 'PCS', NULL, NULL, '65.00', '125.00', '48.00', 0, 1, '2021-01-07 02:36:04', 1),
(452, NULL, 389, 'Racer 6206', 59, 0, 5, '', 'PCS', NULL, NULL, '240.00', '400.00', '9.00', 0, 1, '2021-01-07 02:44:41', 1),
(453, '', 390, 'Racer 6207 (FBJ)', 0, 38, 2, '', 'PCS', NULL, NULL, '600.00', '660.00', '4.00', 0, 1, '2021-01-07 02:45:48', 1),
(454, NULL, 391, 'Pulley (Bomma)', 59, 39, 10, '', 'PCS', NULL, NULL, '450.00', '500.00', '24.00', 0, 1, '2021-01-07 02:46:44', 1),
(455, NULL, 392, 'Gasket Packing', 59, 0, 5, '', 'PCS', NULL, NULL, '750.00', '950.00', '10.00', 0, 1, '2021-01-07 02:52:45', 1),
(456, NULL, 393, 'Silivu Gasket Packing', 59, 21, 5, '', 'PCS', NULL, NULL, '700.00', '800.00', '6.00', 0, 1, '2021-01-07 02:56:15', 1),
(457, NULL, 394, 'Hydraulic O-ring 1Set', 59, 21, 2, '', 'PCS', NULL, NULL, '900.00', '1300.00', '3.00', 0, 1, '2021-01-07 02:58:46', 1),
(458, NULL, 395, 'Hack Saw Blade', 91, 35, 20, '', 'PCS', NULL, NULL, '10.00', '20.00', '58.00', 0, 1, '2021-01-07 03:05:16', 1),
(459, NULL, 396, 'Hack Saw Blade (Tolsen)', 91, 40, 20, '', 'PCS', NULL, NULL, '95.00', '150.00', '90.00', 0, 1, '2021-01-07 03:07:26', 1),
(460, NULL, 397, 'Hack Saw Blade (Eclips)', 91, 41, 20, '', 'PCS', NULL, NULL, '145.00', '200.00', '89.00', 0, 1, '2021-01-07 03:08:19', 1),
(461, NULL, 398, 'Chain 3SM (KMC)', 92, 21, 5, '', 'PCS', NULL, NULL, '1125.00', '1500.00', '1.00', 0, 1, '2021-01-07 03:11:16', 1),
(462, '', 399, 'Chain (Batta)', 92, 21, 2, '', 'PCS', NULL, NULL, '975.00', '1500.00', '3.00', 0, 1, '2021-01-07 03:12:21', 1),
(463, NULL, 400, 'Motor Cutout 12V', 59, 42, 5, '', 'PCS', NULL, NULL, '1150.00', '1500.00', '5.00', 0, 1, '2021-01-07 03:13:56', 1),
(464, NULL, 401, 'Motor Cutout 24V', 59, 42, 5, '', 'PCS', NULL, NULL, '1400.00', '2000.00', '1.00', 0, 1, '2021-01-07 03:14:52', 1),
(465, NULL, 402, 'Allu Kundu Sukkan ', 59, 21, 5, '', 'PCS', NULL, NULL, '1100.00', '1500.00', '1.00', 0, 1, '2021-01-07 03:18:08', 1),
(466, NULL, 403, 'Sain Paper No-100', 93, 43, 30, '', 'PCS', NULL, NULL, '55.00', '75.00', '38.00', 0, 1, '2021-01-07 03:24:07', 1),
(467, NULL, 404, 'Polyethyne (Normal)', 94, 0, 20, '', 'KG', NULL, NULL, '150.00', '250.00', '46.87', 0, 1, '2021-01-07 03:27:49', 1),
(468, '', 405, 'Polyethyne (Draff)', 0, 0, 15, '', 'KG', NULL, NULL, '150.00', '250.00', '15.42', 0, 1, '2021-01-07 03:28:30', 1),
(469, NULL, 406, 'Sain Paper No-400', 93, 44, 25, '', 'PCS', NULL, NULL, '70.00', '100.00', '69.00', 0, 1, '2021-01-07 03:30:55', 1),
(470, '', 407, 'Ribbon (Normal)', 95, 0, 20, '', 'Yart', NULL, NULL, '2.00', '5.00', '4678.00', 0, 1, '2021-01-07 03:33:33', 1),
(471, NULL, 408, 'Paper Ribbon', 95, 0, 150, '', 'Yart', NULL, NULL, '5.00', '10.00', '640.00', 0, 1, '2021-01-07 03:35:10', 1),
(472, NULL, 409, 'Panju Normal ', 96, 0, 20, '', 'PCS', NULL, NULL, '15.00', '20.00', '22.00', 0, 1, '2021-01-07 03:41:02', 1),
(473, NULL, 410, 'Panju Original', 96, 0, 20, '', 'PCS', NULL, NULL, '30.00', '40.00', '50.00', 0, 1, '2021-01-07 03:43:14', 1),
(474, '', 411, 'Attangu Steel with net', 98, 0, 10, '', 'PCS', NULL, NULL, '1000.00', '1100.00', '18.00', 0, 1, '2021-01-07 03:45:30', 1),
(475, '', 412, 'Attangu steel', 98, 0, 10, '', 'PCS', NULL, NULL, '750.00', '800.00', '5.00', 0, 1, '2021-01-07 03:47:06', 1),
(476, '', 413, 'Belt  A-28NO', 68, 0, 10, '', 'PCS', NULL, NULL, '250.00', '300.00', '13.00', 0, 1, '2021-01-07 03:49:55', 1),
(477, NULL, 414, 'Belt  A-26 NO', 68, 0, 10, '', 'PCS', NULL, NULL, '300.00', '350.00', '3.00', 0, 1, '2021-01-07 03:53:18', 1),
(478, '', 415, 'Belt 27 NO Automotive', 68, 5, 1, '', 'PCS', NULL, NULL, '700.00', '800.00', '1.00', 0, 1, '2021-01-07 03:55:45', 1),
(479, '', 416, 'Belt  28MF', 68, 0, 10, '', 'PCS', NULL, NULL, '175.00', '200.00', '18.00', 0, 1, '2021-01-07 03:57:44', 1),
(480, NULL, 417, 'Belt  A-30 NO', 68, 0, 10, '', 'PCS', NULL, NULL, '250.00', '300.00', '8.00', 0, 1, '2021-01-07 03:59:07', 1),
(481, NULL, 418, 'Fishing Line 120NO', 101, 0, 10, '', 'PCS', NULL, NULL, '290.00', '350.00', '13.00', 0, 1, '2021-01-07 04:06:58', 1),
(482, NULL, 419, 'Fishing Line 100_NO', 101, 0, 10, '', 'PCS', NULL, NULL, '240.00', '300.00', '21.00', 0, 1, '2021-01-07 04:10:12', 1),
(483, NULL, 420, 'Fishing Line 90_NO', 101, 0, 10, '', 'PCS', NULL, NULL, '80.00', '120.00', '11.00', 0, 1, '2021-01-07 04:11:56', 1),
(484, NULL, 421, 'Fishing Line 85_NO', 101, 0, 10, '', 'PCS', NULL, NULL, '180.00', '220.00', '17.00', 0, 1, '2021-01-07 04:13:27', 1),
(485, NULL, 422, 'Fishing Line 80_NO', 101, 0, 10, '', 'PCS', NULL, NULL, '150.00', '170.00', '2.00', 0, 1, '2021-01-07 04:15:11', 1),
(486, NULL, 423, 'Fishing Line 75_NO', 101, 0, 10, '', 'PCS', NULL, NULL, '150.00', '180.00', '8.00', 0, 1, '2021-01-07 04:17:01', 1),
(487, NULL, 424, 'Fishing Line 70_NO', 101, 0, 10, '', 'PCS', NULL, NULL, '110.00', '160.00', '20.00', 0, 1, '2021-01-07 04:18:17', 1),
(488, NULL, 425, 'Fishing Line 60_NO', 101, 0, 10, '', 'PCS', NULL, NULL, '80.00', '120.00', '20.00', 0, 1, '2021-01-07 04:19:38', 1),
(489, NULL, 426, 'Fishing Line 55_NO', 101, 0, 10, '', 'PCS', NULL, NULL, '45.00', '60.00', '19.00', 0, 1, '2021-01-07 04:20:38', 1),
(490, NULL, 427, 'Fishing Line 50_NO', 101, 0, 10, '', 'PCS', NULL, NULL, '40.00', '55.00', '12.00', 0, 1, '2021-01-07 04:23:32', 1),
(491, NULL, 428, 'Fishing Line 45_NO', 101, 0, 10, '', 'PCS', NULL, NULL, '35.00', '50.00', '24.00', 0, 1, '2021-01-07 04:24:39', 1),
(492, NULL, 429, 'Fishing Line 40_NO', 101, 0, 10, '', 'PCS', NULL, NULL, '25.00', '40.00', '40.00', 0, 1, '2021-01-07 04:25:49', 1),
(493, NULL, 430, 'Fishing Line 35_NO', 101, 0, 10, '', 'PCS', NULL, NULL, '25.00', '40.00', '13.00', 0, 1, '2021-01-07 04:26:55', 1),
(494, NULL, 431, 'Fishing Line 30_NO', 101, 0, 10, '', 'PCS', NULL, NULL, '25.00', '35.00', '13.00', 0, 1, '2021-01-07 04:28:01', 1),
(495, NULL, 432, 'LED Focus 12V Light (Normal)', 50, 0, 1, '', 'PCS', NULL, NULL, '550.00', '800.00', '1.00', 0, 1, '2021-01-07 04:30:00', 1),
(496, NULL, 433, 'Nylone Twine No-21L', 51, 46, 5, '', 'PCS', NULL, NULL, '950.00', '1000.00', '8.00', 0, 1, '2021-01-07 04:31:43', 1),
(497, NULL, 434, 'Spray Pump', 102, 0, 5, '', 'PCS', NULL, NULL, '115.00', '200.00', '8.00', 0, 1, '2021-01-07 04:33:06', 1),
(498, NULL, 435, 'Acit Pump', 102, 0, 5, '', 'PCS', NULL, NULL, '80.00', '100.00', '8.00', 0, 1, '2021-01-07 04:34:00', 1),
(499, '', 436, 'Oil Pump', 102, 0, 5, '', 'PCS', NULL, NULL, '280.00', '300.00', '101.00', 0, 1, '2021-01-07 04:34:28', 1),
(500, '', 437, 'D Uchchi Light (White)', 50, 0, 1, '', 'PCS', NULL, NULL, '800.00', '900.00', '1.00', 0, 1, '2021-01-07 04:35:37', 1),
(501, '', 438, 'D Uchchi Light (Green)', 0, 0, 1, '', 'PCS', NULL, NULL, '460.00', '800.00', '1.00', 0, 1, '2021-01-07 04:36:10', 1),
(502, NULL, 439, 'Kambi Brush', 39, 0, 5, '', 'PCS', NULL, NULL, '200.00', '250.00', '9.00', 0, 1, '2021-01-07 04:36:44', 1),
(503, NULL, 440, 'Thilla Pallu', 0, 0, 5, '', 'PCS', NULL, NULL, '40.00', '50.00', '6.00', 0, 1, '2021-01-07 04:37:07', 1),
(504, NULL, 441, 'Saamburani Plate', 104, 0, 5, '', 'PCS', NULL, NULL, '80.00', '100.00', '6.00', 0, 1, '2021-01-07 04:38:27', 1),
(505, '', 442, 'S Uchchi Light (Green)', 50, 0, 1, '', 'PCS', NULL, NULL, '480.00', '600.00', '1.00', 0, 1, '2021-01-07 04:39:17', 1),
(506, NULL, 443, 'S Uchchi Light (Green)', 50, 0, 2, '', 'PCS', NULL, NULL, '375.00', '450.00', '2.00', 0, 1, '2021-01-07 04:39:52', 1),
(507, NULL, 444, 'S Uchchi Light-Button (White)', 50, 0, 5, '', 'PCS', NULL, NULL, '280.00', '550.00', '10.00', 0, 1, '2021-01-07 04:40:58', 1),
(508, '', 445, 'S Uchchi Light-Button (Red)', 50, 0, 1, '', 'PCS', NULL, NULL, '280.00', '550.00', '1.00', 0, 1, '2021-01-07 04:41:26', 1),
(509, '', 446, 'S Uchchi Light (Red)', 50, 0, 1, '', 'PCS', NULL, NULL, '360.00', '450.00', '1.00', 0, 1, '2021-01-07 04:42:16', 1),
(510, NULL, 447, 'Paal Vadi (Small)', 0, 0, 10, '', 'PCS', NULL, NULL, '15.00', '25.00', '21.00', 0, 1, '2021-01-07 04:43:08', 1),
(511, NULL, 448, 'Paal Vadi (Medium)', 0, 0, 10, '', 'PCS', NULL, NULL, '20.00', '30.00', '17.00', 0, 1, '2021-01-07 04:43:44', 1),
(512, NULL, 449, 'Paal Vadi (Large)', 0, 0, 10, '', 'PCS', NULL, NULL, '40.00', '50.00', '11.00', 0, 1, '2021-01-07 04:44:10', 1),
(513, '', 450, 'Reel Kattai XL', 0, 0, 10, '', 'PCS', NULL, NULL, '120.00', '170.00', '10.00', 0, 1, '2021-01-07 04:44:48', 1),
(514, '', 451, 'Reel Kattai L', 0, 0, 10, '', 'PCS', NULL, NULL, '80.00', '120.00', '18.00', 0, 1, '2021-01-07 04:46:20', 1),
(515, '', 452, 'Reel Kattai M', 0, 0, 10, '', 'PCS', NULL, NULL, '30.00', '75.00', '11.00', 0, 1, '2021-01-07 04:46:45', 1),
(516, '', 453, 'Reel Kattai S', 0, 0, 10, '', 'PCS', NULL, NULL, '25.00', '50.00', '10.00', 0, 1, '2021-01-07 04:47:06', 1),
(517, NULL, 454, 'Tea Filter', 0, 0, 30, '', 'PCS', NULL, NULL, '15.00', '25.00', '111.00', 0, 1, '2021-01-07 04:47:33', 1),
(518, NULL, 455, 'File Cover', 0, 0, 50, '', 'PCS', NULL, NULL, '5.00', '10.00', '99.00', 0, 1, '2021-01-07 04:48:05', 1),
(519, NULL, 456, 'Gas Regulator Hose', 1, 35, 10, '', 'Yart', NULL, NULL, '120.00', '150.00', '4.00', 0, 1, '2021-01-07 04:49:36', 1),
(520, NULL, 457, 'Bristol Board ', 0, 0, 50, '', 'PCS', NULL, NULL, '13.00', '25.00', '100.00', 0, 1, '2021-01-07 04:50:47', 1),
(521, '', 458, 'Life jacket', 105, 0, 5, '', 'PCS', NULL, NULL, '1250.00', '1600.00', '3.00', 0, 1, '2021-01-07 05:09:53', 1),
(522, NULL, 459, 'Spoon ', 45, 0, 20, '', 'PCS', NULL, NULL, '15.00', '25.00', '23.00', 0, 1, '2021-01-07 05:13:35', 1),
(523, NULL, 460, 'Attangu Net', 0, 0, 20, '', 'Yart', NULL, NULL, '170.00', '200.00', '44.00', 0, 1, '2021-01-07 05:14:29', 1),
(524, NULL, 461, 'Control Truck', 0, 0, 5, '', 'PCS', NULL, NULL, '850.00', '1000.00', '10.00', 0, 1, '2021-01-07 05:16:23', 1),
(525, '', 462, 'Pump Kooru', 0, 0, 10, '', 'PCS', NULL, NULL, '850.00', '900.00', '19.00', 0, 1, '2021-01-07 05:17:02', 1),
(526, '', 463, 'Kokku Thalai', 0, 0, 1, '', 'PCS', NULL, NULL, '650.00', '700.00', '2.00', 0, 1, '2021-01-07 05:18:08', 1),
(527, '', 464, 'Kawnar Kooru', 0, 0, 2, '', 'PCS', NULL, NULL, '1500.00', '1600.00', '2.00', 0, 1, '2021-01-07 05:18:42', 1),
(528, NULL, 465, 'Periya Thanni Pump moodi', 0, 0, 2, '', 'PCS', NULL, NULL, '1600.00', '1750.00', '3.00', 0, 1, '2021-01-07 05:19:47', 1),
(529, NULL, 466, 'Saapt Nattu', 0, 0, 2, '', 'PCS', NULL, NULL, '1400.00', '1500.00', '1.00', 0, 1, '2021-01-07 05:20:37', 1),
(530, '', 467, 'Thanni Pump Top Moodi', 0, 0, 2, '', 'PCS', NULL, NULL, '1750.00', '1900.00', '2.00', 0, 1, '2021-01-07 05:21:30', 1),
(531, '', 468, 'Thanni Pump Keel Moodi', 0, 0, 2, '', 'PCS', NULL, NULL, '1100.00', '1200.00', '4.00', 0, 1, '2021-01-07 05:30:23', 1),
(532, NULL, 469, 'Grinder Disc 4.5\" Normal', 43, 0, 5, '', 'PCS', NULL, NULL, '110.00', '130.00', '1.00', 0, 1, '2021-01-07 06:26:34', 1),
(533, '', 470, 'Brush Harish 2\"', 39, 0, 5, '', 'PCS', NULL, NULL, '500.00', '520.00', '8.00', 0, 1, '2021-01-07 06:51:35', 1),
(534, '', 471, 'Motor L Pattam', 31, 0, 2, '', 'PCS', NULL, NULL, '4.00', '700.00', '4.00', 0, 1, '2021-01-07 06:53:55', 1),
(535, '', 472, 'Seeval Line Filter', 59, 21, 2, '', 'PCS', NULL, NULL, '4500.00', '6000.00', '5.00', 0, 1, '2021-01-07 06:56:28', 1),
(536, NULL, 473, 'Clane', 59, 21, 20, '', 'Yart', NULL, NULL, '250.00', '400.00', '1.00', 0, 1, '2021-01-07 07:00:21', 1),
(537, NULL, 474, 'Silensar Nool', 59, 21, 10, '', 'Yart', NULL, NULL, '50.00', '70.00', '100.00', 0, 1, '2021-01-07 07:01:39', 1),
(538, '', 475, 'Lock 25MM', 82, 0, 10, '', 'PCS', NULL, NULL, '50.00', '50.00', '43.00', 0, 1, '2021-01-07 07:15:18', 1),
(539, '', 476, 'Lock 32MM', 82, 0, 5, '', 'PCS', NULL, NULL, '75.00', '100.00', '17.00', 0, 1, '2021-01-07 07:17:47', 1),
(540, '', 477, 'Lock 38MM', 82, 0, 10, '', 'PCS', NULL, NULL, '150.00', '200.00', '16.00', 0, 1, '2021-01-07 07:19:07', 1),
(541, NULL, 478, 'Belt  A-36 NO', 68, 0, 5, '', 'PCS', NULL, NULL, '200.00', '400.00', '5.00', 0, 1, '2021-01-07 07:23:37', 1),
(542, NULL, 479, 'Belt  A-37 NO', 68, 0, 5, '', 'PCS', NULL, NULL, '200.00', '400.00', '4.00', 0, 1, '2021-01-07 07:24:17', 1),
(543, NULL, 480, 'Belt  A-38 NO', 68, 0, 5, '', 'PCS', NULL, NULL, '210.00', '450.00', '1.00', 0, 1, '2021-01-07 07:25:11', 1),
(544, NULL, 481, 'Belt  A-40 NO', 68, 0, 5, '', 'PCS', NULL, NULL, '215.00', '450.00', '1.00', 0, 1, '2021-01-07 07:25:36', 1),
(545, '', 482, 'MAK Oil 5L ', 106, 47, 20, '', 'PCS', NULL, NULL, '2460.00', '2750.00', '107.00', 0, 1, '2021-01-07 08:34:27', 1),
(546, '', 483, 'MAK Oil 1L', 106, 0, 10, '', 'PCS', NULL, NULL, '495.00', '550.00', '100.00', 0, 1, '2021-01-07 08:35:41', 1),
(547, '', 484, 'Distilled Watter (Rest Water)', 29, 48, 10, '', 'PCS', NULL, NULL, '75.00', '90.00', '204.00', 0, 1, '2021-01-07 08:39:59', 1),
(548, '', 485, 'Regulator Litro', 0, 55, 10, '', 'PCS', NULL, NULL, '750.00', '950.00', '24.00', 0, 1, '2021-01-07 09:55:29', 1),
(549, '', 486, 'Thanni Baral XXL', 107, 0, 2, '', 'PCS', NULL, NULL, '1500.00', '2200.00', '4.00', 0, 1, '2021-01-07 10:52:23', 1),
(550, '', 487, 'Thanni Baral L', 107, 0, 5, '', 'PCS', NULL, NULL, '950.00', '1600.00', '21.00', 0, 1, '2021-01-07 10:53:57', 1),
(551, '', 488, 'Rigifoam Box 5kg ', 108, 9, 5, '', 'PCS', NULL, NULL, '258.00', '300.00', '1.00', 0, 1, '2021-01-08 02:31:31', 1),
(552, '', 489, 'Fishing Line 170 Ocean Soft', 101, 52, 20, '', 'KG', NULL, NULL, '1380.00', '1550.00', '1.03', 1, 1, '2021-01-08 05:52:56', 1),
(553, '', 490, 'Fishing Line 170 SuperStrong', 51, 53, 20, '', 'PCS', NULL, NULL, '1410.00', '1550.00', '73.79', 1, 1, '2021-01-09 08:52:37', 1),
(554, '', 491, 'Fishing Line 170 GMD', 51, 54, 20, '', 'PCS', NULL, NULL, '1310.00', '1550.00', '42.44', 1, 1, '2021-01-09 08:55:01', 1),
(555, '', 492, 'Fishing Line 225 GMD', 51, 54, 20, '', 'PCS', NULL, NULL, '1310.00', '1550.00', '66.70', 1, 1, '2021-01-09 08:56:39', 1),
(556, NULL, 493, 'LED Single Bar Light M 12V', 50, 0, 5, '', 'PCS', NULL, NULL, '175.00', '200.00', '6.00', 0, 1, '2021-01-10 05:26:01', 1),
(557, '', 494, 'LED Single Bar Light S 12V', 50, 0, 5, '', 'PCS', NULL, NULL, '125.00', '150.00', '8.00', 0, 1, '2021-01-10 05:26:35', 1),
(558, '', 495, 'MC Gum 100g', 60, 0, 10, '', 'PCS', NULL, NULL, '195.00', '225.00', '17.00', 0, 1, '2021-01-11 04:42:05', 1),
(559, '', 496, '3.2 Hook Galvanis', 6, 0, 100, '', 'PCS', NULL, NULL, '40.00', '55.00', '130.00', 1, 1, '2021-01-11 07:18:23', 1),
(560, NULL, 497, 'Selan Tube', 75, 0, 50, '', 'Yart', NULL, NULL, '45.00', '50.00', '94.00', 0, 1, '2021-01-11 07:20:06', 1),
(561, NULL, 498, 'Disen Tools', 63, 0, 1, '', 'PCS', NULL, NULL, '2000.00', '3000.00', '2.00', 0, 1, '2021-01-11 14:00:23', 1),
(562, NULL, 499, 'Kuradu Diamond', 63, 57, 10, '', 'PCS', NULL, NULL, '360.00', '600.00', '10.00', 0, 1, '2021-01-11 14:03:32', 1),
(563, '', 500, 'Lock 38MM SHEN JI ', 0, 58, 10, '...', 'PCS', NULL, NULL, '200.00', '350.00', '18.00', 0, 1, '2021-01-11 14:12:39', 1),
(564, '', 501, 'Mount Pattam 3SM', 59, 21, 2, '', 'PCS', NULL, NULL, '1350.00', '1500.00', '6.00', 0, 1, '2021-01-12 04:09:42', 1),
(565, NULL, 502, 'Fishing Line 225 Ocean Soft', 101, 49, 20, '', 'KG', NULL, NULL, '1250.00', '1550.00', '100.29', 1, 1, '2021-01-13 04:07:19', 1),
(566, NULL, 503, 'LED Box Light Yellow (TWZ)', 31, 0, 5, '', 'PCS', NULL, NULL, '475.00', '600.00', '9.00', 0, 1, '2021-01-13 05:17:46', 1),
(567, NULL, 504, 'Rigifoam Box 15kg ', 109, 9, 20, '', 'PCS', NULL, NULL, '260.00', '350.00', '72.00', 0, 1, '2021-01-13 13:21:54', 1),
(568, NULL, 505, 'Attangu Stick', 0, 0, 2, '', 'PCS', NULL, NULL, '75.00', '100.00', '4.00', 0, 1, '2021-01-13 13:31:52', 1),
(569, NULL, 506, 'Impeller', 59, 59, 1, '', 'PCS', NULL, NULL, '2500.00', '4000.00', '1.00', 0, 1, '2021-01-14 03:22:46', 1),
(570, '', 507, 'ICE', 110, 60, 10, '...', 'PCS', NULL, NULL, '280.00', '280.00', '40.00', 1, 1, '2021-01-14 13:58:06', 1),
(571, '', 508, 'Diesel', 111, 61, 10, '...', 'L', NULL, NULL, '110.00', '110.00', '-530.00', 1, 1, '2021-01-14 13:59:02', 1),
(572, NULL, 509, 'Boat Anchor', 112, 0, 2, '', 'PCS', NULL, NULL, '3000.00', '3300.00', '5.00', 0, 1, '2021-01-15 07:13:55', 1),
(573, NULL, 510, 'Horse Batta', 0, 0, 10, '', 'PCS', NULL, NULL, '150.00', '200.00', '98.00', 0, 1, '2021-01-15 07:47:41', 1),
(574, NULL, 511, 'Gas 12KG ', 115, 0, 1, '', 'PCS', NULL, NULL, '1562.00', '1600.00', '-1.00', 0, 1, '2021-01-15 08:08:26', 1),
(575, NULL, 512, 'Gas 5Kg', 115, 0, 1, '', 'PCS', NULL, NULL, '622.00', '650.00', '-5.00', 0, 1, '2021-01-15 08:08:53', 1),
(576, NULL, 513, 'Gas 2Kg', 87, 0, 1, '', 'PCS', NULL, NULL, '292.00', '310.00', '-4.00', 0, 1, '2021-01-15 08:09:23', 1),
(577, NULL, 514, 'Cuttle Fish ', 116, 0, 10, '...', 'PCS', NULL, NULL, '380.00', '450.00', '-20.80', 1, 1, '2021-01-16 02:47:12', 1),
(578, '', 515, 'Paint White', 35, 0, 1, '...', 'KG', NULL, NULL, '1800.00', '3000.00', '2.00', 0, 1, '2021-01-17 11:27:33', 1);

-- --------------------------------------------------------

--
-- Table structure for table `tbl_item_location`
--

CREATE TABLE `tbl_item_location` (
  `id` int(11) NOT NULL,
  `name` varchar(50) NOT NULL,
  `location` varchar(250) NOT NULL,
  `is_active` tinyint(4) NOT NULL DEFAULT 1
) ENGINE=InnoDB DEFAULT CHARSET=utf8mb4;

--
-- Dumping data for table `tbl_item_location`
--

INSERT INTO `tbl_item_location` (`id`, `name`, `location`, `is_active`) VALUES
(1, 'Primary', 'Main Street. Oddamavadi', 1),
(2, 'Secondary', 'Valaichenai', 1);

-- --------------------------------------------------------

--
-- Table structure for table `tbl_item_suspended`
--

CREATE TABLE `tbl_item_suspended` (
  `id` int(11) NOT NULL,
  `item_id` int(11) NOT NULL,
  `batch_no` varchar(50) DEFAULT NULL,
  `mf_date` date DEFAULT NULL,
  `exp_date` date DEFAULT NULL,
  `cost` double NOT NULL DEFAULT 0,
  `indirect_cost` double NOT NULL DEFAULT 0,
  `sale_price` double NOT NULL DEFAULT 0,
  `whole_sale_price` double NOT NULL DEFAULT 0,
  `retail_price` double NOT NULL DEFAULT 0,
  `discount` double NOT NULL DEFAULT 0,
  `reason` varchar(250) NOT NULL,
  `created_at` timestamp NOT NULL DEFAULT current_timestamp(),
  `created_by` int(11) NOT NULL
) ENGINE=InnoDB DEFAULT CHARSET=utf8mb4;

-- --------------------------------------------------------

--
-- Table structure for table `tbl_item_transfer`
--

CREATE TABLE `tbl_item_transfer` (
  `id` int(11) NOT NULL,
  `transfered_from` int(11) NOT NULL,
  `transfered_to` int(11) NOT NULL,
  `item_id` int(11) NOT NULL,
  `batch_no` varchar(50) NOT NULL,
  `quantity` double NOT NULL,
  `transfer_at` date NOT NULL,
  `remark` varchar(250) NOT NULL,
  `created_at` timestamp NULL DEFAULT current_timestamp(),
  `created_by` int(11) NOT NULL
) ENGINE=InnoDB DEFAULT CHARSET=utf8mb4;

--
-- Dumping data for table `tbl_item_transfer`
--

INSERT INTO `tbl_item_transfer` (`id`, `transfered_from`, `transfered_to`, `item_id`, `batch_no`, `quantity`, `transfer_at`, `remark`, `created_at`, `created_by`) VALUES
(1, 1, 2, 5, 'NO BATCH', 10, '0001-01-01', '', '2020-09-11 19:13:54', 1),
(2, 2, 1, 5, 'NO BATCH', 10, '0001-01-01', '', '2020-09-11 19:20:17', 1),
(3, 1, 2, 6, 'NO BATCH', 5000, '2020-09-12', '', '2020-09-11 19:31:15', 1),
(4, 1, 2, 1, 'NO BATCH', -174, '2020-09-12', '', '2020-09-11 22:00:01', 1),
(5, 1, 2, 1, 'NO BATCH', 174, '2020-09-12', '', '2020-09-11 22:03:35', 1),
(6, 2, 1, 6, 'NO BATCH', 40, '2020-09-12', '', '2020-09-12 16:29:06', 1),
(7, 1, 2, 5, 'NO BATCH', 21, '2020-09-29', '', '2020-09-29 16:06:04', 1);

-- --------------------------------------------------------

--
-- Table structure for table `tbl_master_data`
--

CREATE TABLE `tbl_master_data` (
  `id` int(11) NOT NULL,
  `value` varchar(300) NOT NULL,
  `type` varchar(50) NOT NULL
) ENGINE=InnoDB DEFAULT CHARSET=utf8mb4;

--
-- Dumping data for table `tbl_master_data`
--

INSERT INTO `tbl_master_data` (`id`, `value`, `type`) VALUES
(2, 'Telephone', 'Expense'),
(3, 'Transport', 'Expense'),
(4, 'Tea and Food', 'Expense'),
(5, 'Rent', 'Expense');

-- --------------------------------------------------------

--
-- Table structure for table `tbl_people`
--

CREATE TABLE `tbl_people` (
  `people_id` int(10) NOT NULL,
  `custom_id` varchar(50) NOT NULL,
  `name` varchar(200) NOT NULL,
  `is_supplier` tinyint(1) NOT NULL,
  `city` varchar(200) NOT NULL,
  `address` varchar(250) DEFAULT NULL,
  `contact_no` varchar(10) NOT NULL,
  `balance` double NOT NULL DEFAULT 0,
  `opening_balance` double NOT NULL DEFAULT 0,
  `status` tinyint(1) NOT NULL,
  `description` text DEFAULT NULL,
  `created_at` timestamp NOT NULL DEFAULT current_timestamp()
) ENGINE=InnoDB DEFAULT CHARSET=utf8mb4;

--
-- Dumping data for table `tbl_people`
--

INSERT INTO `tbl_people` (`people_id`, `custom_id`, `name`, `is_supplier`, `city`, `address`, `contact_no`, `balance`, `opening_balance`, `status`, `description`, `created_at`) VALUES
(1, 'CUS/0001', 'WALK IN CLIENT', 0, '', NULL, '0', 0, 0, 1, NULL, '2020-08-26 06:42:24'),
(9, 'CUS/0002', 'Nasar 0076 TCO ', 0, 'VCH', 'HAIRATH ROAD', '0772880163', -9700, 0, 0, NULL, '2021-01-04 15:20:00'),
(10, 'CUS/0003', 'Matheen Fiber Bass', 0, 'Valaichenai', 'VCH', '0778286767', -395, 0, 0, NULL, '2021-01-05 12:35:04'),
(11, 'CUS/0004', 'Pakkir 0087 GLE', 0, 'VCH', 'VCH MY BOAD', '0774123071', 2250, 0, 0, NULL, '2021-01-06 03:03:38'),
(12, 'CUS/0005', 'Harees 0045 GLE', 0, 'VCH', 'MY BOAD', '0123', 4150, 0, 0, NULL, '2021-01-06 03:10:58'),
(13, 'CUS/0006', 'Hamza 0007 TLE', 0, 'VCH', 'MY BOAD', '12', 3300, 0, 0, NULL, '2021-01-06 03:12:52'),
(14, 'CUS/0007', 'SLN ', 0, 'VCH', 'Valaichenai', '0771158786', -60559.4, 0, 0, NULL, '2021-01-07 11:15:57'),
(15, 'CUS/0008', '0013 TLE Riyas', 0, 'VCH', 'VCH', '0120', -300, 0, 0, NULL, '2021-01-07 11:21:13'),
(16, 'CUS/0009', '0063 TLE JAMAL DEEN', 0, 'VCH', 'VCH', '12', -1679, 0, 0, NULL, '2021-01-07 11:21:48'),
(17, 'CUS/0010', '0609 TLE ALIYAR ', 0, 'VCH', 'VCH', '21', -1900, 0, 0, NULL, '2021-01-07 11:22:18'),
(18, 'CUS/0011', '0208 BCO PAKKIR SATCHCHA', 0, 'VCH', 'VCH', '020', -450, 0, 0, NULL, '2021-01-07 11:22:36'),
(19, 'CUS/0012', '0405 TLE AHAMED ', 0, 'VCH', 'VCH', '24201', -4435, 0, 0, NULL, '2021-01-07 11:23:07'),
(20, 'CUS/0013', 'AAB Sithik Nana ', 0, 'VCH', 'VCH', '0752624701', -52589, 0, 0, 'Boad Siththik Boss', '2021-01-07 13:43:30'),
(21, 'CUS/0014', 'Siththik Sinavan', 0, 'VCH', 'VCH', '0752875240', -20000, 0, 0, 'Boad FAN', '2021-01-07 13:53:03'),
(22, 'CUS/0015', 'Ravi Bass Hafil Deen', 0, 'VCH', 'VCH', '0760756020', -32195, 0, 0, NULL, '2021-01-08 03:29:43'),
(23, 'CUS/0016', 'NMK', 0, 'VCH', 'VCH', '0776015885', -116417.5, 0, 0, NULL, '2021-01-08 13:13:56'),
(24, 'CUS/0017', 'Ilyas Periyappa', 0, 'VCH', 'VCH', '01232', -1700, 0, 0, NULL, '2021-01-09 05:00:08'),
(25, 'CUS/0018', 'MRF Ravi', 0, 'VCH', 'VCH', '0771225133', -1238120.6, 0, 0, NULL, '2021-01-09 07:04:59'),
(26, 'CUS/0019', 'Rinoos ALMS', 0, 'VCH', 'VCH', '0770096401', 0, 0, 0, 'Rinoos ALMS', '2021-01-10 08:09:34'),
(27, 'SUP/0001', 'ARM Yakoob', 1, 'Colombo', 'AR Enterprices, Colombo', '0777311333', -500, 0, 1, NULL, '2021-01-10 15:11:39'),
(28, 'SUP/0002', 'MAK Oil', 1, 'Colombo', 'Welawatha, Colombo', '0775407164', -8, 0, 1, NULL, '2021-01-10 15:15:15'),
(29, 'CUS/0020', 'Hasmi Boad', 0, 'ODD', 'ODD', '0779833456', -9630, 0, 1, NULL, '2021-01-11 03:23:45'),
(30, 'CUS/0021', 'Subuhan Wappa', 0, 'VCH', 'VCH', '123', -3400, 0, 1, 'Pathingi', '2021-01-12 04:03:04'),
(31, 'CUS/0022', 'Baseer MA', 0, 'VCH', 'VCH', '1232', -3580, 0, 1, 'FFF Customer', '2021-01-12 04:15:19'),
(32, 'CUS/0023', 'Ayoob Abu Backer', 0, 'VCH', 'JUmmah Masjith Road VCH', '0776013507', -44995, 0, 1, 'Driver', '2021-01-12 04:22:42'),
(33, 'CUS/0024', 'Nihar Deen', 0, 'BCH', 'BCH', '0772058829', -29642, 0, 1, 'Airtel Number 0756859824', '2021-01-12 04:33:33'),
(34, 'CUS/0025', 'JNR ', 0, 'VCH', 'VCH', '0773888190', -12430, 0, 1, 'Airtel Number 0753988190', '2021-01-12 04:34:49'),
(35, 'CUS/0026', 'Ameer Mama Harbour', 0, 'VCH', 'VCH', '0771912314', -39735, 0, 1, 'Harbour Wadi', '2021-01-12 04:36:26'),
(36, 'CUS/0027', 'Aasik Abthu Thambi', 0, 'VCH', 'VCH', '0766535430', -38200, 0, 1, 'MIA BRO', '2021-01-12 04:44:34'),
(37, 'CUS/0028', 'SLJ', 0, 'VCH', 'VCH SLJ ICED WADI', '0772141881', -17800.5, 0, 1, 'SLJ', '2021-01-12 04:58:09'),
(38, 'CUS/0029', 'Muhamed Satcha', 0, 'Valaichenai', 'VC Road-Valaichenai', '0774853589', -122946.5, 0, 1, 'Thahir Nana Boat (0777071224)', '2021-01-14 14:04:51'),
(39, 'CUS/0030', 'INDIAN', 0, 'VCH', 'Hiarath Road VCH', '20', -18480, 0, 1, 'INDIAN', '2021-01-15 06:27:00'),
(40, 'CUS/0031', 'Baseer Alab', 0, 'VCH', 'VCH', '0740749660', -22100, 0, 1, '0754369690', '2021-01-15 06:33:10'),
(41, 'CUS/0032', 'Farook Bass', 0, 'VCH', 'VCH', '0779795254', -60078, 0, 1, '0779954387 Bass Son', '2021-01-15 06:36:48'),
(42, 'CUS/0033', 'Nasar Haji', 0, 'VCH', 'VCH', '0776003056', -34524, 0, 1, 'Nasar Haji 90D', '2021-01-15 06:48:23'),
(43, 'CUS/0034', 'Rifas Ravi', 0, 'VCH', 'VCH', '0777731342', -33261, 0, 1, 'MRF Ravi Thambi', '2021-01-15 06:49:58'),
(44, 'CUS/0035', 'Nowfer ASM', 0, 'VCH', 'VCH', '0777212963', -14711, 0, 1, 'Aslam Mama', '2021-01-15 06:51:11'),
(45, 'CUS/0036', 'Sulaiman Boss ', 0, 'VCH', 'VCH', '0773421442', -3075, 0, 1, 'Fazil Machan Mama', '2021-01-15 06:52:30'),
(46, 'CUS/0037', 'Meeran Mama Boss', 0, 'VCH', 'VCH', '0770773436', -73172, 0, 1, 'Sukriya nana', '2021-01-15 07:01:57'),
(47, 'CUS/0038', 'Fairoos Jamal Boss', 0, 'ODD', 'ODD', '0765331692', -17070, 0, 1, 'Pakkaththu Thurayadi', '2021-01-15 07:04:16'),
(48, 'CUS/0039', 'Nawas Nana ', 0, 'BCH', 'BCH', '0778898115', -18710, 0, 1, 'Kaththamara Thurayadi', '2021-01-15 07:06:34'),
(49, 'CUS/0040', 'Jesim Nana', 0, 'VCH', 'VCH', '0778289670', -6750, 0, 1, 'VCH Boat', '2021-01-15 10:04:43'),
(50, 'CUS/0041', 'Faiz Nana', 0, 'VCH', 'VCH ALMS Party', '0767187004', -67871.5, 0, 1, 'Fawsiya Raththa Mahan\r\n0713097370', '2021-01-16 10:35:56');

-- --------------------------------------------------------

--
-- Table structure for table `tbl_purchase`
--

CREATE TABLE `tbl_purchase` (
  `id` int(11) NOT NULL,
  `people_id` int(11) NOT NULL,
  `refrence_no` int(11) NOT NULL,
  `total` decimal(15,2) NOT NULL,
  `indirect_total` decimal(15,2) NOT NULL DEFAULT 0.00,
  `discount` decimal(15,2) NOT NULL DEFAULT 0.00,
  `paid_amount` decimal(10,2) NOT NULL,
  `refund_amount` decimal(10,2) NOT NULL DEFAULT 0.00,
  `created_at` date NOT NULL,
  `note` varchar(250) DEFAULT NULL,
  `purchase_status` tinyint(1) NOT NULL DEFAULT 1,
  `is_stock` tinyint(1) NOT NULL DEFAULT 0,
  `created_by` int(11) NOT NULL
) ENGINE=InnoDB DEFAULT CHARSET=utf8mb4;

-- --------------------------------------------------------

--
-- Table structure for table `tbl_purchase_items`
--

CREATE TABLE `tbl_purchase_items` (
  `cart_id` int(11) NOT NULL,
  `purchase_id` int(11) NOT NULL DEFAULT 0,
  `storage_id` int(11) NOT NULL,
  `item_id` int(11) NOT NULL,
  `batch_no` varchar(50) NOT NULL,
  `mf_date` date DEFAULT NULL,
  `exp_date` date DEFAULT NULL,
  `indirect_cost` decimal(15,2) NOT NULL DEFAULT 0.00,
  `cost` decimal(15,2) NOT NULL DEFAULT 0.00,
  `sale_price` decimal(15,2) NOT NULL DEFAULT 0.00,
  `whole_sale_price` decimal(15,2) NOT NULL DEFAULT 0.00,
  `retail_price` decimal(15,2) NOT NULL DEFAULT 0.00,
  `discount` decimal(15,2) NOT NULL DEFAULT 0.00,
  `quantity` decimal(15,2) NOT NULL DEFAULT 0.00,
  `return_quantity` decimal(15,2) NOT NULL DEFAULT 0.00,
  `created_at` timestamp NOT NULL DEFAULT current_timestamp(),
  `created_by` int(11) NOT NULL,
  `is_complete` tinyint(1) NOT NULL DEFAULT 0
) ENGINE=InnoDB DEFAULT CHARSET=utf8mb4;

-- --------------------------------------------------------

--
-- Table structure for table `tbl_purchase_order`
--

CREATE TABLE `tbl_purchase_order` (
  `id` int(11) NOT NULL,
  `supplier_id` int(11) NOT NULL,
  `note` varchar(200) NOT NULL,
  `status` varchar(50) NOT NULL DEFAULT 'Pending',
  `created_at` timestamp NOT NULL DEFAULT current_timestamp(),
  `created_by` int(11) NOT NULL
) ENGINE=InnoDB DEFAULT CHARSET=utf8mb4;

-- --------------------------------------------------------

--
-- Table structure for table `tbl_purchase_order_cart`
--

CREATE TABLE `tbl_purchase_order_cart` (
  `id` int(11) NOT NULL,
  `order_id` int(11) NOT NULL DEFAULT 0,
  `item_id` int(11) NOT NULL,
  `qty` decimal(10,2) NOT NULL
) ENGINE=InnoDB DEFAULT CHARSET=utf8mb4;

-- --------------------------------------------------------

--
-- Table structure for table `tbl_purchase_payment`
--

CREATE TABLE `tbl_purchase_payment` (
  `payment_id` int(10) NOT NULL,
  `refrence_id` int(11) DEFAULT NULL,
  `people_id` int(11) NOT NULL,
  `payment_type` varchar(20) NOT NULL,
  `cheque_no` varchar(30) DEFAULT NULL,
  `bankname` varchar(30) DEFAULT NULL,
  `cheque_status` varchar(10) DEFAULT NULL COMMENT 'Pending, Paid, Return',
  `cheque_type` varchar(20) DEFAULT NULL,
  `cheque_date` date DEFAULT NULL,
  `amount` double NOT NULL,
  `note` varchar(250) DEFAULT NULL,
  `is_party` tinyint(1) NOT NULL DEFAULT 0,
  `cheque_reference` int(11) NOT NULL DEFAULT 0,
  `cheque_people` int(11) NOT NULL DEFAULT 0,
  `account_id` int(11) NOT NULL DEFAULT 0,
  `created_at` timestamp NOT NULL DEFAULT current_timestamp(),
  `created_by` int(11) NOT NULL
) ENGINE=InnoDB DEFAULT CHARSET=utf8mb4;

--
-- Dumping data for table `tbl_purchase_payment`
--

INSERT INTO `tbl_purchase_payment` (`payment_id`, `refrence_id`, `people_id`, `payment_type`, `cheque_no`, `bankname`, `cheque_status`, `cheque_type`, `cheque_date`, `amount`, `note`, `is_party`, `cheque_reference`, `cheque_people`, `account_id`, `created_at`, `created_by`) VALUES
(4, 0, 28, 'Mak Oil Purchase ', NULL, NULL, 'Paid', NULL, NULL, -442500, '02.01.2021', 0, 0, 0, 0, '2021-01-10 15:46:20', 1),
(5, 0, 28, 'Cheque', '434502', 'Peoples Bank', 'Pending', 'Post Date', '2021-02-28', 442500, 'Mak Oil Cheque Payment', 0, 0, 0, 1, '2021-01-10 15:47:33', 1);

-- --------------------------------------------------------

--
-- Table structure for table `tbl_purchase_return`
--

CREATE TABLE `tbl_purchase_return` (
  `id` int(11) NOT NULL,
  `purchase_id` int(11) NOT NULL,
  `item_id` int(11) NOT NULL,
  `batch_no` varchar(100) NOT NULL,
  `cost` decimal(10,2) NOT NULL COMMENT 'Unit Cost',
  `discount` double NOT NULL DEFAULT 0,
  `quantity` decimal(9,2) NOT NULL,
  `reason` varchar(250) NOT NULL,
  `created_at` date NOT NULL,
  `created_by` int(11) NOT NULL
) ENGINE=InnoDB DEFAULT CHARSET=utf8mb4;

--
-- Dumping data for table `tbl_purchase_return`
--

INSERT INTO `tbl_purchase_return` (`id`, `purchase_id`, `item_id`, `batch_no`, `cost`, `discount`, `quantity`, `reason`, `created_at`, `created_by`) VALUES
(1, 7, 10, 'NO BATCH', '100.00', 0, '100.00', 'Damaged', '2020-09-23', 1),
(2, 7, 10, 'NO BATCH', '100.00', 0, '100.00', 'fdgfgf', '2020-09-23', 1),
(3, 7, 10, 'NO BATCH', '100.00', 0, '100.00', 'sdfdf', '2020-09-23', 1),
(4, 3, 6, 'NO BATCH', '100.00', 0, '500.00', 'Expired', '2020-09-23', 1),
(5, 9, 11, 'NO BATCH', '200.00', 0, '100.00', 'Expired', '2020-09-27', 1),
(6, 9, 11, 'NO BATCH', '200.00', 0, '100.00', 'sdfdfd', '2020-09-27', 1),
(7, 9, 11, 'NO BATCH', '200.00', 0, '100.00', 'ffdfdf', '2020-09-27', 1),
(8, 5, 9, 'NO BATCH', '600.00', 0, '100.00', 'Damaged', '2020-10-09', 1),
(9, 5, 9, 'NO BATCH', '600.00', 0, '100.00', 'sadsds', '2020-10-09', 1);

-- --------------------------------------------------------

--
-- Table structure for table `tbl_register`
--

CREATE TABLE `tbl_register` (
  `id` int(11) NOT NULL,
  `register_name` varchar(50) NOT NULL,
  `open_cash` double NOT NULL DEFAULT 0,
  `open_cheque` int(11) NOT NULL DEFAULT 0,
  `cash_in_hand` decimal(10,2) NOT NULL,
  `is_open` tinyint(1) NOT NULL,
  `pin_code` int(11) NOT NULL DEFAULT 0,
  `created_by` int(11) NOT NULL DEFAULT 0,
  `created_at` timestamp NOT NULL DEFAULT current_timestamp()
) ENGINE=InnoDB DEFAULT CHARSET=utf8mb4;

--
-- Dumping data for table `tbl_register`
--

INSERT INTO `tbl_register` (`id`, `register_name`, `open_cash`, `open_cheque`, `cash_in_hand`, `is_open`, `pin_code`, `created_by`, `created_at`) VALUES
(1, 'Drawer One', 500, 0, '8020.00', 1, 0, 1, '2020-11-12 13:00:31'),
(2, 'Drawer Two', 2000, 0, '-950.00', 0, 0, 0, '2020-09-20 05:11:18');

-- --------------------------------------------------------

--
-- Table structure for table `tbl_register_end`
--

CREATE TABLE `tbl_register_end` (
  `id` int(11) NOT NULL,
  `register_id` int(11) NOT NULL,
  `open_cash` double NOT NULL,
  `closing_cash` double NOT NULL,
  `open_cheque` int(11) NOT NULL DEFAULT 0,
  `close_cheque` int(11) NOT NULL DEFAULT 0,
  `note` varchar(300) DEFAULT NULL,
  `opened_at` timestamp NOT NULL DEFAULT current_timestamp(),
  `created_by` int(11) NOT NULL,
  `created_at` timestamp NOT NULL DEFAULT current_timestamp()
) ENGINE=InnoDB DEFAULT CHARSET=utf8mb4;

--
-- Dumping data for table `tbl_register_end`
--

INSERT INTO `tbl_register_end` (`id`, `register_id`, `open_cash`, `closing_cash`, `open_cheque`, `close_cheque`, `note`, `opened_at`, `created_by`, `created_at`) VALUES
(1, 1, 5000, 5000, 0, 5000, '', '0000-00-00 00:00:00', 1, '2020-10-09 14:22:22'),
(2, 1, 10000, 10000, 0, 10000, '', '0000-00-00 00:00:00', 1, '2020-10-09 14:24:39'),
(3, 1, 6000, 6000, 0, 6000, '', '2020-10-09 02:26:00', 1, '2020-10-09 14:26:22'),
(4, 1, 2500, 2500, 0, 2500, '', '2020-10-09 02:27:00', 1, '2020-10-09 14:27:58'),
(5, 1, 6000, 12000, 0, 0, '', '2020-10-09 02:41:00', 1, '2020-11-01 13:40:20');

-- --------------------------------------------------------

--
-- Table structure for table `tbl_register_transaction`
--

CREATE TABLE `tbl_register_transaction` (
  `id` int(11) NOT NULL,
  `register_id` int(11) NOT NULL,
  `description` varchar(300) NOT NULL,
  `amount` decimal(10,2) NOT NULL,
  `created_by` int(11) NOT NULL,
  `created_at` timestamp NOT NULL DEFAULT current_timestamp()
) ENGINE=InnoDB DEFAULT CHARSET=utf8mb4;

--
-- Dumping data for table `tbl_register_transaction`
--

INSERT INTO `tbl_register_transaction` (`id`, `register_id`, `description`, `amount`, `created_by`, `created_at`) VALUES
(1, 1, '0', '500.00', 1, '2020-10-10 09:04:56'),
(2, 1, '0', '-500.00', 1, '2020-10-10 09:05:11'),
(3, 1, 'asdsdsd', '200.00', 1, '2020-10-10 09:10:00'),
(4, 1, 'sdfdf', '-300.00', 1, '2020-10-10 09:49:45'),
(5, 1, 'sdfdfdf', '200.00', 1, '2020-11-01 13:39:08'),
(6, 1, 'ddfdfdf', '-200.00', 1, '2020-11-01 13:39:15'),
(7, 1, 'asdsdsdsdsd', '-350.00', 1, '2020-11-01 13:39:33'),
(8, 1, 'asdsdsd', '47260.00', 1, '2020-11-16 12:23:25'),
(9, 1, 'asdsdsd', '425500.00', 1, '2020-11-16 12:23:36');

-- --------------------------------------------------------

--
-- Table structure for table `tbl_return`
--

CREATE TABLE `tbl_return` (
  `id` int(11) NOT NULL,
  `invoiceid` int(11) NOT NULL,
  `itemid` int(11) NOT NULL,
  `price` double NOT NULL COMMENT 'Unit Price',
  `discount` double NOT NULL DEFAULT 0,
  `quantity` double NOT NULL,
  `reason` varchar(250) NOT NULL,
  `created_at` timestamp NOT NULL DEFAULT current_timestamp(),
  `created_by` int(11) NOT NULL
) ENGINE=InnoDB DEFAULT CHARSET=utf8mb4;

--
-- Dumping data for table `tbl_return`
--

INSERT INTO `tbl_return` (`id`, `invoiceid`, `itemid`, `price`, `discount`, `quantity`, `reason`, `created_at`, `created_by`) VALUES
(1, 6, 0, 150, 0, 10, 'No Need', '2020-09-12 18:30:00', 1),
(2, 6, 10, 150, 0, 5, 'dfdf', '2020-09-12 18:30:00', 1),
(3, 7, 0, 300, 0, 5, 'sdfdf', '2020-09-12 18:30:00', 1),
(4, 7, 5, 300, 0, 5, 'dsfdf', '2020-09-12 18:30:00', 1),
(5, 8, 7, 50, 0, 10, 'gdd', '2020-09-12 18:30:00', 1),
(6, 13, 5, 150, 0, 1, 'Damaged', '2020-09-14 18:30:00', 1),
(7, 14, 15, 40, 0, 10, 'sdsdd', '2020-09-14 18:30:00', 1),
(8, 15, 15, 40, 0, 10, 'sdfdfd', '2020-09-14 18:30:00', 1),
(9, 16, 15, 40, 0, 10, 'dfgfgfg', '2020-09-14 18:30:00', 1),
(10, 17, 15, 40, 0, 10, 'dfgfg', '2020-09-14 18:30:00', 1),
(11, 18, 15, 40, 0, 10, 'dfgfgfg', '2020-09-14 18:30:00', 1),
(12, 19, 15, 40, 0, 10, 'ffgfg', '2020-09-14 18:30:00', 1),
(13, 20, 15, 40, 0, 10, 'erere', '2020-09-14 18:30:00', 1),
(14, 21, 9, 100, 0, 2, 'Damaged', '2020-09-21 18:30:00', 1),
(15, 23, 5, 150, 50, 5, 'Damaged', '2020-09-21 18:30:00', 1),
(16, 34, 16, 170, 0, 10, 'No need', '2020-10-08 18:30:00', 1),
(17, 36, 6, 160, 0, 10, 'No Need', '2020-10-11 18:30:00', 1),
(18, 36, 6, 160, 0, 5, 'efdff', '2020-10-11 18:30:00', 1),
(19, 37, 12, 390, 0, 5, 'ddddf', '2020-10-11 18:30:00', 1),
(20, 38, 5, 150, 0, 10, 'sdd', '2020-10-11 18:30:00', 1);

-- --------------------------------------------------------

--
-- Table structure for table `tbl_sales_payment`
--

CREATE TABLE `tbl_sales_payment` (
  `payment_id` int(10) NOT NULL,
  `refrence_id` int(11) DEFAULT NULL,
  `people_id` int(11) NOT NULL,
  `payment_type` varchar(20) NOT NULL,
  `cheque_no` varchar(30) DEFAULT NULL,
  `bankname` varchar(30) DEFAULT NULL,
  `cheque_status` varchar(10) DEFAULT NULL,
  `cheque_type` varchar(20) DEFAULT NULL,
  `cheque_date` date DEFAULT NULL,
  `amount` double NOT NULL,
  `note` varchar(250) DEFAULT NULL,
  `is_party` tinyint(1) NOT NULL DEFAULT 0,
  `cheque_reference` int(11) NOT NULL DEFAULT 0,
  `cheque_people` int(11) NOT NULL DEFAULT 0,
  `account_id` int(11) NOT NULL DEFAULT 0,
  `created_at` timestamp NOT NULL DEFAULT current_timestamp(),
  `created_by` int(11) NOT NULL
) ENGINE=InnoDB DEFAULT CHARSET=utf8mb4;

--
-- Dumping data for table `tbl_sales_payment`
--

INSERT INTO `tbl_sales_payment` (`payment_id`, `refrence_id`, `people_id`, `payment_type`, `cheque_no`, `bankname`, `cheque_status`, `cheque_type`, `cheque_date`, `amount`, `note`, `is_party`, `cheque_reference`, `cheque_people`, `account_id`, `created_at`, `created_by`) VALUES
(1, 48, 9, 'Account', NULL, NULL, 'Paid', NULL, NULL, 8250, '...', 0, 0, 0, 0, '2021-01-04 15:23:12', 1),
(2, 49, 9, 'Cash', NULL, NULL, 'Paid', NULL, NULL, 15000, '...', 0, 0, 0, 0, '2021-01-04 15:58:53', 1),
(3, 50, 1, 'Cash', NULL, NULL, NULL, NULL, NULL, 1000, '...', 0, 0, 0, 0, '2021-01-04 16:08:31', 1),
(5, 1, 1, 'Cash', NULL, NULL, 'Paid', NULL, NULL, 18730, '...', 0, 0, 0, 0, '2021-01-05 05:56:45', 1),
(6, 2, 1, 'Cash', NULL, NULL, NULL, NULL, NULL, 150, '...', 0, 0, 0, 0, '2021-01-05 09:54:02', 1),
(7, 3, 1, 'Cash', NULL, NULL, NULL, NULL, NULL, -150, '...', 0, 0, 0, 0, '2021-01-05 09:55:50', 1),
(8, 4, 1, 'Cash', NULL, NULL, NULL, NULL, NULL, 200, '...', 0, 0, 0, 0, '2021-01-05 10:25:33', 1),
(9, 5, 10, 'Account', NULL, NULL, 'Paid', NULL, NULL, 19105, '...', 0, 0, 0, 0, '2021-01-05 12:38:53', 1),
(10, 6, 1, 'Cash', NULL, NULL, NULL, NULL, NULL, 950, '...', 0, 0, 0, 0, '2021-01-05 13:23:23', 1),
(11, 6, 1, 'Cash', NULL, NULL, NULL, NULL, NULL, 170, '...', 0, 0, 0, 0, '2021-01-06 01:29:59', 1),
(12, 7, 1, 'Cash', NULL, NULL, NULL, NULL, NULL, 1900, '...', 0, 0, 0, 0, '2021-01-06 01:53:09', 1),
(13, 8, 1, 'Cash', NULL, NULL, NULL, NULL, NULL, 100, '...', 0, 0, 0, 0, '2021-01-06 02:59:01', 1),
(14, 9, 1, 'Cash', NULL, NULL, NULL, NULL, NULL, 690, '...', 0, 0, 0, 0, '2021-01-06 03:01:28', 1),
(15, 10, 11, 'Account', NULL, NULL, 'Paid', NULL, NULL, 1500, '...', 0, 0, 0, 0, '2021-01-06 03:04:24', 1),
(16, 11, 12, 'Account', NULL, NULL, 'Paid', NULL, NULL, 1050, '...', 0, 0, 0, 0, '2021-01-06 03:12:24', 1),
(17, 12, 13, 'Account', NULL, NULL, 'Paid', NULL, NULL, 500, '...', 0, 0, 0, 0, '2021-01-06 03:14:06', 1),
(18, 13, 1, 'Cash', NULL, NULL, NULL, NULL, NULL, 2000, '...', 0, 0, 0, 0, '2021-01-06 04:13:43', 1),
(19, 14, 1, 'Cash', NULL, NULL, NULL, NULL, NULL, 170, '...', 0, 0, 0, 0, '2021-01-06 04:34:10', 1),
(20, 15, 1, 'Cash', NULL, NULL, NULL, NULL, NULL, 400, '...', 0, 0, 0, 0, '2021-01-06 06:02:19', 1),
(21, 16, 1, 'Cash', NULL, NULL, NULL, NULL, NULL, 40, '...', 0, 0, 0, 0, '2021-01-06 06:59:22', 1),
(22, 17, 1, 'Cash', NULL, NULL, NULL, NULL, NULL, 60, '...', 0, 0, 0, 0, '2021-01-06 07:36:53', 1),
(23, 18, 1, 'Cash', NULL, NULL, NULL, NULL, NULL, 20, '...', 0, 0, 0, 0, '2021-01-06 07:52:36', 1),
(24, 19, 1, 'Cash', NULL, NULL, NULL, NULL, NULL, -20, '...', 0, 0, 0, 0, '2021-01-06 07:55:47', 1),
(25, 20, 1, 'Cash', NULL, NULL, NULL, NULL, NULL, 30, '...', 0, 0, 0, 0, '2021-01-06 07:56:09', 1),
(26, 21, 1, 'Cash', NULL, NULL, NULL, NULL, NULL, 180000, '...', 0, 0, 0, 0, '2021-01-06 08:28:04', 1),
(27, 22, 1, 'Cash', NULL, NULL, NULL, NULL, NULL, -180000, '...', 0, 0, 0, 0, '2021-01-06 08:29:07', 1),
(28, 23, 1, 'Cash', NULL, NULL, 'Paid', NULL, NULL, 740, '...', 0, 0, 0, 0, '2021-01-06 09:42:23', 1),
(29, 24, 1, 'Cash', NULL, NULL, 'Paid', NULL, NULL, 1600, '...', 0, 0, 0, 0, '2021-01-06 10:58:42', 1),
(30, 25, 1, 'Cash', NULL, NULL, NULL, NULL, NULL, 240, '...', 0, 0, 0, 0, '2021-01-06 12:04:32', 1),
(31, 26, 1, 'Cash', NULL, NULL, NULL, NULL, NULL, 150, '...', 0, 0, 0, 0, '2021-01-06 12:34:39', 1),
(32, 0, 10, 'Cash', NULL, NULL, 'Paid', NULL, NULL, 19105, '...', 0, 0, 0, 0, '2021-01-06 14:10:51', 1),
(33, 0, 9, 'Opening Balance', NULL, NULL, 'Paid', NULL, NULL, -10000, '...', 0, 0, 0, 0, '2021-01-06 15:24:16', 1),
(34, 30, 1, 'Cash', NULL, NULL, NULL, NULL, NULL, 1260, '...', 0, 0, 0, 0, '2021-01-07 02:17:45', 1),
(35, 31, 1, 'Cash', NULL, NULL, NULL, NULL, NULL, 400, '...', 0, 0, 0, 0, '2021-01-07 02:28:38', 1),
(36, 32, 1, 'Cash', NULL, NULL, NULL, NULL, NULL, 550, '...', 0, 0, 0, 0, '2021-01-07 02:29:51', 1),
(37, 33, 1, 'Cash', NULL, NULL, NULL, NULL, NULL, 550, '...', 0, 0, 0, 0, '2021-01-07 02:49:46', 1),
(38, 34, 1, 'Cash', NULL, NULL, NULL, NULL, NULL, 300, '...', 0, 0, 0, 0, '2021-01-07 02:53:52', 1),
(39, 35, 1, 'Cash', NULL, NULL, NULL, NULL, NULL, 100, '...', 0, 0, 0, 0, '2021-01-07 03:29:08', 1),
(40, 36, 1, 'Cash', NULL, NULL, NULL, NULL, NULL, 3680, '...', 0, 0, 0, 0, '2021-01-07 05:23:38', 1),
(41, 37, 1, 'Cash', NULL, NULL, NULL, NULL, NULL, 2637, '...', 0, 0, 0, 0, '2021-01-07 05:27:19', 1),
(42, 38, 1, 'Cash', NULL, NULL, NULL, NULL, NULL, -3680, '...', 0, 0, 0, 0, '2021-01-07 05:33:45', 1),
(43, 39, 1, 'Cash', NULL, NULL, NULL, NULL, NULL, 1000, '...', 0, 0, 0, 0, '2021-01-07 05:38:27', 1),
(44, 40, 1, 'Cash', NULL, NULL, NULL, NULL, NULL, 150, '...', 0, 0, 0, 0, '2021-01-07 05:42:25', 1),
(45, 41, 1, 'Cash', NULL, NULL, NULL, NULL, NULL, 1100, '...', 0, 0, 0, 0, '2021-01-07 06:04:58', 1),
(46, 42, 1, 'Cash', NULL, NULL, 'Paid', NULL, NULL, 1940, '...', 0, 0, 0, 0, '2021-01-07 06:35:22', 1),
(47, 43, 1, 'Cash', NULL, NULL, NULL, NULL, NULL, 1290, '...', 0, 0, 0, 0, '2021-01-07 06:42:01', 1),
(48, 44, 1, 'Cash', NULL, NULL, NULL, NULL, NULL, -1290, '...', 0, 0, 0, 0, '2021-01-07 06:42:30', 1),
(49, 45, 1, 'Cash', NULL, NULL, NULL, NULL, NULL, 3000, '...', 0, 0, 0, 0, '2021-01-07 07:08:45', 1),
(50, 46, 1, 'Cash', NULL, NULL, NULL, NULL, NULL, 20000, '...', 0, 0, 0, 0, '2021-01-07 07:45:27', 1),
(51, 47, 1, 'Cash', NULL, NULL, NULL, NULL, NULL, -20000, '...', 0, 0, 0, 0, '2021-01-07 07:47:55', 1),
(52, 48, 1, 'Cash', NULL, NULL, NULL, NULL, NULL, 300, '...', 0, 0, 0, 0, '2021-01-07 09:38:08', 1),
(53, 49, 1, 'Cash', NULL, NULL, NULL, NULL, NULL, 100, '...', 0, 0, 0, 0, '2021-01-07 09:38:32', 1),
(54, 50, 1, 'Cash', NULL, NULL, NULL, NULL, NULL, 1460, '...', 0, 0, 0, 0, '2021-01-07 09:45:13', 1),
(55, 51, 1, 'Cash', NULL, NULL, NULL, NULL, NULL, 2690, '...', 0, 0, 0, 0, '2021-01-07 11:14:01', 1),
(56, 52, 1, 'Cash', NULL, NULL, NULL, NULL, NULL, 100, '...', 0, 0, 0, 0, '2021-01-07 11:16:22', 1),
(57, 54, 1, 'Cash', NULL, NULL, NULL, NULL, NULL, 3500, '...', 0, 0, 0, 0, '2021-01-07 12:36:04', 1),
(58, 55, 1, 'Cash', NULL, NULL, NULL, NULL, NULL, 1400, '...', 0, 0, 0, 0, '2021-01-07 12:38:47', 1),
(59, 56, 1, 'Cash', NULL, NULL, NULL, NULL, NULL, 4300, '...', 0, 0, 0, 0, '2021-01-07 13:16:45', 1),
(60, 57, 1, 'Cash', NULL, NULL, NULL, NULL, NULL, -4500, '...', 0, 0, 0, 0, '2021-01-07 13:18:09', 1),
(67, 62, 1, 'Cash', NULL, NULL, NULL, NULL, NULL, -38000, '...', 0, 0, 0, 0, '2021-01-07 13:52:38', 1),
(68, 63, 21, 'Cash', NULL, NULL, 'Paid', NULL, NULL, 20000, '...', 0, 0, 0, 0, '2021-01-07 13:53:32', 1),
(69, 64, 1, 'Cash', NULL, NULL, NULL, NULL, NULL, -38000, '...', 0, 0, 0, 0, '2021-01-07 13:55:09', 1),
(70, 65, 1, 'Cash', NULL, NULL, NULL, NULL, NULL, 1580, '...', 0, 0, 0, 0, '2021-01-07 14:28:27', 1),
(71, 66, 1, 'Cash', NULL, NULL, NULL, NULL, NULL, 1600, '...', 0, 0, 0, 0, '2021-01-08 02:24:58', 1),
(72, 67, 1, 'Cash', NULL, NULL, NULL, NULL, NULL, 8100, '...', 0, 0, 0, 0, '2021-01-08 02:32:47', 1),
(73, 68, 1, 'Cash', NULL, NULL, NULL, NULL, NULL, 100, '...', 0, 0, 0, 0, '2021-01-08 02:33:07', 1),
(74, 69, 1, 'Cash', NULL, NULL, NULL, NULL, NULL, 1000, '...', 0, 0, 0, 0, '2021-01-08 02:35:24', 1),
(75, 70, 1, 'Cash', NULL, NULL, NULL, NULL, NULL, 100, '...', 0, 0, 0, 0, '2021-01-08 03:14:09', 1),
(76, 73, 1, 'Cash', NULL, NULL, NULL, NULL, NULL, 700, '...', 0, 0, 0, 0, '2021-01-08 03:40:12', 1),
(77, 74, 1, 'Cash', NULL, NULL, NULL, NULL, NULL, 2650, '...', 0, 0, 0, 0, '2021-01-08 04:24:10', 1),
(78, 75, 1, 'Cash', NULL, NULL, NULL, NULL, NULL, 1000, '...', 0, 0, 0, 0, '2021-01-08 04:28:18', 1),
(79, 76, 1, 'Cash', NULL, NULL, NULL, NULL, NULL, 770, '...', 0, 0, 0, 0, '2021-01-08 04:30:30', 1),
(80, 78, 1, 'Cash', NULL, NULL, NULL, NULL, NULL, -450, '...', 0, 0, 0, 0, '2021-01-08 04:40:42', 1),
(81, 79, 1, 'Cash', NULL, NULL, NULL, NULL, NULL, 4170, '...', 0, 0, 0, 0, '2021-01-08 04:57:05', 1),
(82, 80, 1, 'Cash', NULL, NULL, NULL, NULL, NULL, 100, '...', 0, 0, 0, 0, '2021-01-08 05:01:36', 1),
(83, 81, 1, 'Cash', NULL, NULL, NULL, NULL, NULL, 400, '...', 0, 0, 0, 0, '2021-01-08 05:08:25', 1),
(84, 84, 1, 'Cash', NULL, NULL, NULL, NULL, NULL, 9525, '...', 0, 0, 0, 0, '2021-01-08 05:58:38', 1),
(85, 85, 1, 'Cash', NULL, NULL, NULL, NULL, NULL, 150, '...', 0, 0, 0, 0, '2021-01-08 06:06:41', 1),
(86, 86, 22, 'Cash', NULL, NULL, 'Paid', NULL, NULL, 1200, '...', 0, 0, 0, 0, '2021-01-08 06:28:21', 1),
(87, 87, 1, 'Cash', NULL, NULL, NULL, NULL, NULL, 3240, '...', 0, 0, 0, 0, '2021-01-08 06:56:47', 1),
(88, 88, 1, 'Cash', NULL, NULL, NULL, NULL, NULL, -3240, '...', 0, 0, 0, 0, '2021-01-08 06:59:44', 1),
(89, 89, 1, 'Cash', NULL, NULL, NULL, NULL, NULL, 6890, '...', 0, 0, 0, 0, '2021-01-08 07:00:54', 1),
(90, 90, 1, 'Cash', NULL, NULL, NULL, NULL, NULL, 970, '...', 0, 0, 0, 0, '2021-01-08 07:06:53', 1),
(91, 91, 1, 'Cash', NULL, NULL, NULL, NULL, NULL, 30, '...', 0, 0, 0, 0, '2021-01-08 07:08:45', 1),
(92, 94, 1, 'Cash', NULL, NULL, NULL, NULL, NULL, 1150, '...', 0, 0, 0, 0, '2021-01-08 12:51:07', 1),
(93, 95, 1, 'Cash', NULL, NULL, 'Paid', NULL, NULL, 3056, '...', 0, 0, 0, 0, '2021-01-08 12:56:27', 1),
(94, 97, 14, 'Cash', NULL, NULL, NULL, NULL, NULL, -3056, '...', 0, 0, 0, 0, '2021-01-08 13:02:19', 1),
(95, 98, 1, 'Cash', NULL, NULL, NULL, NULL, NULL, 400, '...', 0, 0, 0, 0, '2021-01-08 13:04:00', 1),
(96, 99, 14, 'Cash', NULL, NULL, NULL, NULL, NULL, 3056, '...', 0, 0, 0, 0, '2021-01-08 13:05:23', 1),
(97, 100, 1, 'Cash', NULL, NULL, NULL, NULL, NULL, 3056, '...', 0, 0, 0, 0, '2021-01-08 13:07:26', 1),
(98, 101, 1, 'Cash', NULL, NULL, NULL, NULL, NULL, -6112, '...', 0, 0, 0, 0, '2021-01-08 13:13:23', 1),
(99, 102, 1, 'Cash', NULL, NULL, NULL, NULL, NULL, 100, '...', 0, 0, 0, 0, '2021-01-08 13:36:12', 1),
(100, 103, 1, 'Cash', NULL, NULL, NULL, NULL, NULL, 375, '...', 0, 0, 0, 0, '2021-01-09 02:31:47', 1),
(101, 104, 1, 'Cash', NULL, NULL, NULL, NULL, NULL, 550, '...', 0, 0, 0, 0, '2021-01-09 02:34:41', 1),
(102, 105, 1, 'Cash', NULL, NULL, NULL, NULL, NULL, 250, '...', 0, 0, 0, 0, '2021-01-09 02:35:52', 1),
(103, 106, 1, 'Cash', NULL, NULL, NULL, NULL, NULL, 1260, '...', 0, 0, 0, 0, '2021-01-09 02:40:04', 1),
(104, 107, 1, 'Cash', NULL, NULL, NULL, NULL, NULL, 4950, '...', 0, 0, 0, 0, '2021-01-09 02:43:24', 1),
(105, 108, 1, 'Cash', NULL, NULL, NULL, NULL, NULL, 400, '...', 0, 0, 0, 0, '2021-01-09 02:47:22', 1),
(106, 109, 1, 'Cash', NULL, NULL, NULL, NULL, NULL, 100, '...', 0, 0, 0, 0, '2021-01-09 02:57:13', 1),
(107, 110, 1, 'Cash', NULL, NULL, NULL, NULL, NULL, 2200, '...', 0, 0, 0, 0, '2021-01-09 03:15:52', 1),
(108, 112, 1, 'Cash', NULL, NULL, NULL, NULL, NULL, 170, '...', 0, 0, 0, 0, '2021-01-09 03:23:00', 1),
(109, 113, 1, 'Cash', NULL, NULL, NULL, NULL, NULL, 1750, '...', 0, 0, 0, 0, '2021-01-09 03:31:15', 1),
(110, 114, 1, 'Cash', NULL, NULL, NULL, NULL, NULL, 2460, '...', 0, 0, 0, 0, '2021-01-09 03:43:56', 1),
(111, 115, 1, 'Cash', NULL, NULL, NULL, NULL, NULL, 897, '...', 0, 0, 0, 0, '2021-01-09 04:26:44', 1),
(112, 116, 1, 'Cash', NULL, NULL, NULL, NULL, NULL, 140, '...', 0, 0, 0, 0, '2021-01-09 04:30:28', 1),
(113, 117, 1, 'Cash', NULL, NULL, NULL, NULL, NULL, 100, '...', 0, 0, 0, 0, '2021-01-09 04:33:32', 1),
(114, 118, 1, 'Cash', NULL, NULL, NULL, NULL, NULL, 1150, '...', 0, 0, 0, 0, '2021-01-09 04:35:26', 1),
(115, 119, 1, 'Cash', NULL, NULL, NULL, NULL, NULL, 500, '...', 0, 0, 0, 0, '2021-01-09 04:36:24', 1),
(116, 120, 1, 'Cash', NULL, NULL, NULL, NULL, NULL, 300, '...', 0, 0, 0, 0, '2021-01-09 04:40:10', 1),
(117, 121, 1, 'Cash', NULL, NULL, NULL, NULL, NULL, 1680, '...', 0, 0, 0, 0, '2021-01-09 04:44:52', 1),
(118, 122, 1, 'Cash', NULL, NULL, NULL, NULL, NULL, 700, '...', 0, 0, 0, 0, '2021-01-09 04:52:50', 1),
(119, 125, 1, 'Cash', NULL, NULL, NULL, NULL, NULL, 750, '...', 0, 0, 0, 0, '2021-01-09 05:04:23', 1),
(120, 126, 10, 'Cash', NULL, NULL, NULL, NULL, NULL, 3050, '...', 0, 0, 0, 0, '2021-01-09 05:23:16', 1),
(121, 127, 1, 'Cash', NULL, NULL, NULL, NULL, NULL, 175, '...', 0, 0, 0, 0, '2021-01-09 05:29:00', 1),
(122, 129, 1, 'Cash', NULL, NULL, NULL, NULL, NULL, 50, '...', 0, 0, 0, 0, '2021-01-09 06:16:35', 1),
(123, 130, 1, 'Cash', NULL, NULL, NULL, NULL, NULL, 100, '...', 0, 0, 0, 0, '2021-01-09 06:51:16', 1),
(124, 132, 1, 'Cash', NULL, NULL, NULL, NULL, NULL, -180, '...', 0, 0, 0, 0, '2021-01-09 07:10:17', 1),
(125, 135, 1, 'Cash', NULL, NULL, NULL, NULL, NULL, 375, '...', 0, 0, 0, 0, '2021-01-09 07:25:05', 1),
(126, 0, 22, 'Cash', NULL, NULL, 'Paid', NULL, NULL, -1200, '...', 0, 0, 0, 0, '2021-01-09 08:18:14', 1),
(127, 0, 22, 'Cash', NULL, NULL, 'Paid', NULL, NULL, -22680, 'OUT BOAD BOOK OLD BC', 0, 0, 0, 0, '2021-01-09 08:29:43', 1),
(128, 137, 1, 'Cash', NULL, NULL, NULL, NULL, NULL, 200, '...', 0, 0, 0, 0, '2021-01-09 10:18:06', 1),
(129, 138, 1, 'Cash', NULL, NULL, NULL, NULL, NULL, 1650, '...', 0, 0, 0, 0, '2021-01-09 13:36:26', 1),
(130, 139, 1, 'Cash', NULL, NULL, NULL, NULL, NULL, 18600, '...', 0, 0, 0, 0, '2021-01-09 14:03:06', 1),
(131, 140, 1, 'Cash', NULL, NULL, NULL, NULL, NULL, 2430, '...', 0, 0, 0, 0, '2021-01-10 03:17:44', 1),
(132, 142, 1, 'Cash', NULL, NULL, NULL, NULL, NULL, 3450, '...', 0, 0, 0, 0, '2021-01-10 03:43:45', 1),
(133, 143, 1, 'Cash', NULL, NULL, NULL, NULL, NULL, 9400, '...', 0, 0, 0, 0, '2021-01-10 03:44:43', 1),
(134, 144, 1, 'Cash', NULL, NULL, NULL, NULL, NULL, 340, '...', 0, 0, 0, 0, '2021-01-10 03:49:35', 1),
(135, 145, 1, 'Cash', NULL, NULL, NULL, NULL, NULL, 925, '...', 0, 0, 0, 0, '2021-01-10 04:23:25', 1),
(136, 146, 1, 'Cash', NULL, NULL, NULL, NULL, NULL, 250, '...', 0, 0, 0, 0, '2021-01-10 04:28:41', 1),
(137, 147, 1, 'Cash', NULL, NULL, NULL, NULL, NULL, 2100, '...', 0, 0, 0, 0, '2021-01-10 04:44:49', 1),
(138, 148, 1, 'Cash', NULL, NULL, NULL, NULL, NULL, 320, '...', 0, 0, 0, 0, '2021-01-10 04:45:33', 1),
(139, 149, 1, 'Cash', NULL, NULL, NULL, NULL, NULL, 1500, '...', 0, 0, 0, 0, '2021-01-10 04:51:24', 1),
(140, 150, 1, 'Cash', NULL, NULL, NULL, NULL, NULL, 3450, '...', 0, 0, 0, 0, '2021-01-10 04:52:31', 1),
(141, 151, 1, 'Cash', NULL, NULL, NULL, NULL, NULL, 50, '...', 0, 0, 0, 0, '2021-01-10 04:59:20', 1),
(142, 152, 16, 'Cash', NULL, NULL, NULL, NULL, NULL, 900, '...', 0, 0, 0, 0, '2021-01-10 05:01:44', 1),
(143, 153, 1, 'Cash', NULL, NULL, NULL, NULL, NULL, 950, '...', 0, 0, 0, 0, '2021-01-10 05:16:10', 1),
(144, 154, 1, 'Cash', NULL, NULL, NULL, NULL, NULL, 145, '...', 0, 0, 0, 0, '2021-01-10 05:19:36', 1),
(145, 155, 1, 'Cash', NULL, NULL, NULL, NULL, NULL, 1300, '...', 0, 0, 0, 0, '2021-01-10 05:36:00', 1),
(146, 156, 1, 'Cash', NULL, NULL, NULL, NULL, NULL, 20, '...', 0, 0, 0, 0, '2021-01-10 05:36:57', 1),
(147, 157, 1, 'Cash', NULL, NULL, NULL, NULL, NULL, 95, '...', 0, 0, 0, 0, '2021-01-10 06:24:31', 1),
(148, 158, 1, 'Cash', NULL, NULL, NULL, NULL, NULL, 150, '...', 0, 0, 0, 0, '2021-01-10 06:42:31', 1),
(149, 159, 1, 'Cash', NULL, NULL, NULL, NULL, NULL, 20, '...', 0, 0, 0, 0, '2021-01-10 07:29:38', 1),
(150, 160, 1, 'Cash', NULL, NULL, NULL, NULL, NULL, 100, '...', 0, 0, 0, 0, '2021-01-10 07:30:08', 1),
(151, 162, 1, 'Cash', NULL, NULL, 'Paid', NULL, NULL, 130, '', 0, 0, 0, 0, '2021-01-10 15:20:39', 1),
(152, 163, 1, 'Cash', NULL, NULL, NULL, NULL, NULL, 1450, '...', 0, 0, 0, 0, '2021-01-11 02:59:40', 1),
(153, 164, 1, 'Cash', NULL, NULL, NULL, NULL, NULL, 750, '...', 0, 0, 0, 0, '2021-01-11 03:00:27', 1),
(154, 165, 1, 'Cash', NULL, NULL, 'Paid', NULL, NULL, 650, '', 0, 0, 0, 0, '2021-01-11 03:09:06', 1),
(157, 168, 1, 'Cash', NULL, NULL, 'Paid', NULL, NULL, 800, '', 0, 0, 0, 0, '2021-01-11 03:56:15', 1),
(158, 169, 1, 'Cash', NULL, NULL, 'Paid', NULL, NULL, 550, '', 0, 0, 0, 0, '2021-01-11 04:22:38', 1),
(159, 170, 1, 'Cash', NULL, NULL, 'Paid', NULL, NULL, 50, '', 0, 0, 0, 0, '2021-01-11 05:09:02', 1),
(160, 171, 1, 'Cash', NULL, NULL, 'Paid', NULL, NULL, 1500, '', 0, 0, 0, 0, '2021-01-11 05:17:39', 1),
(161, 172, 1, 'Cash', NULL, NULL, 'Paid', NULL, NULL, 80, '', 0, 0, 0, 0, '2021-01-11 05:24:25', 1),
(162, 173, 1, 'Cash', NULL, NULL, 'Paid', NULL, NULL, 20, '', 0, 0, 0, 0, '2021-01-11 05:54:49', 1),
(163, 175, 1, 'Cash', NULL, NULL, 'Paid', NULL, NULL, 4035.2, '', 0, 0, 0, 0, '2021-01-11 07:35:17', 1),
(164, 176, 1, 'Cash', NULL, NULL, 'Paid', NULL, NULL, 270, '', 0, 0, 0, 0, '2021-01-11 10:10:13', 1),
(165, 178, 1, 'Cash', NULL, NULL, 'Paid', NULL, NULL, 1576, '', 0, 0, 0, 0, '2021-01-11 11:38:56', 1),
(166, 179, 1, 'Cash', NULL, NULL, 'Paid', NULL, NULL, 200, '', 0, 0, 0, 0, '2021-01-11 11:44:45', 1),
(167, 180, 1, 'Cash', NULL, NULL, 'Paid', NULL, NULL, 1400, '', 0, 0, 0, 0, '2021-01-11 13:05:45', 1),
(168, 183, 1, 'Cash', NULL, NULL, NULL, NULL, NULL, 1100, '', 0, 0, 0, 0, '2021-01-12 02:58:29', 1),
(169, 184, 1, 'Cash', NULL, NULL, NULL, NULL, NULL, 1260, '', 0, 0, 0, 0, '2021-01-12 03:30:58', 1),
(170, 185, 1, 'Cash', NULL, NULL, NULL, NULL, NULL, 3900, '', 0, 0, 0, 0, '2021-01-12 03:35:34', 1),
(172, 187, 1, 'Cash', NULL, NULL, NULL, NULL, NULL, 100, '', 0, 0, 0, 0, '2021-01-12 04:05:56', 1),
(175, 190, 1, 'Cash', NULL, NULL, NULL, NULL, NULL, 175, '', 0, 0, 0, 0, '2021-01-12 04:30:55', 1),
(180, 192, 1, 'Cash', NULL, NULL, NULL, NULL, NULL, 600, '', 0, 0, 0, 0, '2021-01-12 05:12:00', 1),
(181, 193, 1, 'Cash', NULL, NULL, NULL, NULL, NULL, 350, '', 0, 0, 0, 0, '2021-01-12 05:41:06', 1),
(182, 0, 36, 'Opening Balance', NULL, NULL, 'Paid', NULL, NULL, -38200, '', 0, 0, 0, 0, '2021-01-12 08:17:50', 1),
(183, 0, 35, 'Opening Balance', NULL, NULL, 'Paid', NULL, NULL, -39735, '', 0, 0, 0, 0, '2021-01-12 08:19:11', 1),
(184, 0, 34, 'Opening Balance', NULL, NULL, 'Paid', NULL, NULL, -12430, '', 0, 0, 0, 0, '2021-01-12 08:19:59', 1),
(185, 0, 33, 'Opening Balance', NULL, NULL, 'Paid', NULL, NULL, -29642, '', 0, 0, 0, 0, '2021-01-12 08:21:17', 1),
(186, 0, 32, 'Opening Balance', NULL, NULL, 'Paid', NULL, NULL, -44995, '', 0, 0, 0, 0, '2021-01-12 08:21:53', 1),
(187, 0, 31, 'Opening Balance', NULL, NULL, 'Paid', NULL, NULL, -3580, '', 0, 0, 0, 0, '2021-01-12 08:22:51', 1),
(188, 0, 30, 'Opening Balance', NULL, NULL, 'Paid', NULL, NULL, -3400, '', 0, 0, 0, 0, '2021-01-12 08:23:21', 1),
(191, 0, 20, 'Opening Balance', NULL, NULL, 'Paid', NULL, NULL, -52589, '', 0, 0, 0, 0, '2021-01-12 08:33:30', 1),
(192, 197, 1, 'Cash', NULL, NULL, NULL, NULL, NULL, 100, '', 0, 0, 0, 0, '2021-01-12 11:54:18', 1),
(193, 198, 1, 'Cash', NULL, NULL, NULL, NULL, NULL, 400, '', 0, 0, 0, 0, '2021-01-12 12:09:18', 1),
(194, 199, 1, 'Cash', NULL, NULL, NULL, NULL, NULL, 600, '', 0, 0, 0, 0, '2021-01-12 12:25:43', 1),
(195, 201, 1, 'Cash', NULL, NULL, NULL, NULL, NULL, 475, '', 0, 0, 0, 0, '2021-01-13 03:05:47', 1),
(196, 202, 1, 'Cash', NULL, NULL, 'Paid', NULL, NULL, 8680, '', 0, 0, 0, 0, '2021-01-13 05:06:03', 1),
(197, 203, 1, 'Cash', NULL, NULL, NULL, NULL, NULL, 50, '', 0, 0, 0, 0, '2021-01-13 05:14:20', 1),
(198, 205, 1, 'Cash', NULL, NULL, NULL, NULL, NULL, 100, '', 0, 0, 0, 0, '2021-01-13 07:04:24', 1),
(199, 206, 1, 'Cash', NULL, NULL, NULL, NULL, NULL, 200, '', 0, 0, 0, 0, '2021-01-13 07:52:14', 1),
(200, 0, 14, 'Cash', NULL, NULL, 'Paid', NULL, NULL, 9143, '', 0, 0, 0, 0, '2021-01-13 08:05:08', 1),
(201, 0, 14, 'Cash', NULL, NULL, 'Paid', NULL, NULL, 0.4, '', 0, 0, 0, 0, '2021-01-13 08:05:31', 1),
(202, 207, 1, 'Cash', NULL, NULL, NULL, NULL, NULL, -1200, '', 0, 0, 0, 0, '2021-01-13 08:12:56', 1),
(203, 208, 1, 'Cash', NULL, NULL, NULL, NULL, NULL, 880, '', 0, 0, 0, 0, '2021-01-13 08:17:44', 1),
(204, 209, 1, 'Cash', NULL, NULL, NULL, NULL, NULL, 1300, '', 0, 0, 0, 0, '2021-01-13 09:01:41', 1),
(205, 210, 1, 'Cash', NULL, NULL, NULL, NULL, NULL, 1100, '', 0, 0, 0, 0, '2021-01-13 13:19:20', 1),
(206, 211, 1, 'Cash', NULL, NULL, NULL, NULL, NULL, 680, '', 0, 0, 0, 0, '2021-01-14 03:05:49', 1),
(207, 212, 1, 'Cash', NULL, NULL, NULL, NULL, NULL, 850, '', 0, 0, 0, 0, '2021-01-14 03:47:01', 1),
(208, 213, 1, 'Cash', NULL, NULL, NULL, NULL, NULL, 480, '', 0, 0, 0, 0, '2021-01-14 04:30:08', 1),
(209, 215, 1, 'Cash', NULL, NULL, NULL, NULL, NULL, 1100, '', 0, 0, 0, 0, '2021-01-14 05:21:41', 1),
(210, 216, 1, 'Cash', NULL, NULL, NULL, NULL, NULL, 1100, '', 0, 0, 0, 0, '2021-01-14 05:38:03', 1),
(212, 218, 1, 'Cash', NULL, NULL, NULL, NULL, NULL, 3100, '', 0, 0, 0, 0, '2021-01-14 06:43:00', 1),
(213, 219, 1, 'Cash', NULL, NULL, NULL, NULL, NULL, 160, '', 0, 0, 0, 0, '2021-01-14 07:05:32', 1),
(214, 220, 1, 'Cash', NULL, NULL, NULL, NULL, NULL, 1550, '', 0, 0, 0, 0, '2021-01-14 07:46:58', 1),
(215, 221, 1, 'Cash', NULL, NULL, 'Paid', NULL, NULL, 2490, '', 0, 0, 0, 0, '2021-01-14 07:52:44', 1),
(216, 222, 1, 'Cash', NULL, NULL, NULL, NULL, NULL, 3240, '', 0, 0, 0, 0, '2021-01-14 10:15:40', 1),
(217, 223, 1, 'Cash', NULL, NULL, NULL, NULL, NULL, 2040, '', 0, 0, 0, 0, '2021-01-14 11:29:34', 1),
(218, 0, 38, 'Cash', NULL, NULL, 'Paid', NULL, NULL, 10075, '', 0, 0, 0, 0, '2021-01-14 14:20:13', 1),
(219, 226, 1, 'Cash', NULL, NULL, NULL, NULL, NULL, 320, '', 0, 0, 0, 0, '2021-01-15 04:27:01', 1),
(220, 228, 14, 'Cash', NULL, NULL, NULL, NULL, NULL, 475, '', 0, 0, 0, 0, '2021-01-15 05:18:16', 1),
(221, 0, 14, 'Cash', NULL, NULL, 'Paid', NULL, NULL, -12674.4, '', 0, 0, 0, 0, '2021-01-15 06:22:09', 1),
(222, 0, 26, 'Cash', NULL, NULL, 'Paid', NULL, NULL, 1590, 'CASH', 0, 0, 0, 0, '2021-01-15 06:25:31', 1),
(223, 0, 39, 'Opening Balance', NULL, NULL, 'Paid', NULL, NULL, -18480, '', 0, 0, 0, 0, '2021-01-15 06:30:42', 1),
(224, 0, 40, 'Opening Balance', NULL, NULL, 'Paid', NULL, NULL, -22100, '', 0, 0, 0, 0, '2021-01-15 06:33:46', 1),
(225, 0, 41, 'Opening Balance', NULL, NULL, 'Paid', NULL, NULL, -113078, '', 0, 0, 0, 0, '2021-01-15 06:37:40', 1),
(226, 0, 41, 'Cash Paid', NULL, NULL, 'Paid', NULL, NULL, 40000, '', 0, 0, 0, 0, '2021-01-15 06:38:08', 1),
(227, 0, 41, 'Cash Paid', NULL, NULL, 'Paid', NULL, NULL, 10000, '', 0, 0, 0, 0, '2021-01-15 06:38:20', 1),
(228, 0, 41, 'Cash Paid', NULL, NULL, 'Paid', NULL, NULL, 3000, '', 0, 0, 0, 0, '2021-01-15 06:38:31', 1),
(229, 0, 42, 'Opening Balance', NULL, NULL, 'Paid', NULL, NULL, -34524, '', 0, 0, 0, 0, '2021-01-15 06:48:53', 1),
(230, 0, 43, 'Opening Balance', NULL, NULL, 'Paid', NULL, NULL, -33261, '', 0, 0, 0, 0, '2021-01-15 06:50:26', 1),
(231, 0, 44, 'Opening Balance', NULL, NULL, 'Paid', NULL, NULL, -14711, '', 0, 0, 0, 0, '2021-01-15 06:51:28', 1),
(232, 0, 45, 'Opening Balance', NULL, NULL, 'Paid', NULL, NULL, -3075, '', 0, 0, 0, 0, '2021-01-15 06:52:43', 1),
(233, 0, 25, 'Opening Balance', NULL, NULL, 'Paid', NULL, NULL, -1169392, '', 0, 0, 0, 0, '2021-01-15 06:53:24', 1),
(234, 0, 46, 'Opening Balance', NULL, NULL, 'Paid', NULL, NULL, -73172, '', 0, 0, 0, 0, '2021-01-15 07:02:50', 1),
(235, 0, 47, 'Opening Balance', NULL, NULL, 'Paid', NULL, NULL, -17070, '', 0, 0, 0, 0, '2021-01-15 07:04:48', 1),
(236, 232, 1, 'Cash', NULL, NULL, NULL, NULL, NULL, 1230, '', 0, 0, 0, 0, '2021-01-15 07:48:03', 1),
(237, 233, 1, 'Cash', NULL, NULL, NULL, NULL, NULL, 4402.8, '', 0, 0, 0, 0, '2021-01-15 10:02:17', 1),
(238, 235, 1, 'Cash', NULL, NULL, NULL, NULL, NULL, 1100, '', 0, 0, 0, 0, '2021-01-15 10:47:19', 1),
(239, 236, 1, 'Cash', NULL, NULL, NULL, NULL, NULL, 310, '', 0, 0, 0, 0, '2021-01-15 10:48:09', 1),
(240, 238, 1, 'Cash', NULL, NULL, NULL, NULL, NULL, 700, '', 0, 0, 0, 0, '2021-01-15 11:40:43', 1),
(241, 239, 1, 'Cash', NULL, NULL, NULL, NULL, NULL, 2200, '', 0, 0, 0, 0, '2021-01-15 12:05:03', 1),
(242, 240, 1, 'Cash', NULL, NULL, NULL, NULL, NULL, 210, '', 0, 0, 0, 0, '2021-01-15 12:48:49', 1),
(243, 241, 1, 'Cash', NULL, NULL, NULL, NULL, NULL, 5700, '', 0, 0, 0, 0, '2021-01-15 14:30:20', 1),
(244, 242, 1, 'Cash', NULL, NULL, NULL, NULL, NULL, 650, '', 0, 0, 0, 0, '2021-01-16 02:06:30', 1),
(245, 243, 1, 'Cash', NULL, NULL, NULL, NULL, NULL, 1200, '', 0, 0, 0, 0, '2021-01-16 02:33:37', 1),
(246, 244, 1, 'Cash', NULL, NULL, NULL, NULL, NULL, 780, '', 0, 0, 0, 0, '2021-01-16 02:40:33', 1),
(247, 248, 1, 'Cash', NULL, NULL, NULL, NULL, NULL, 120, '', 0, 0, 0, 0, '2021-01-16 02:50:04', 1),
(248, 251, 1, 'Cash', NULL, NULL, NULL, NULL, NULL, 4660, '', 0, 0, 0, 0, '2021-01-16 03:00:06', 1),
(249, 252, 1, 'Cash', NULL, NULL, NULL, NULL, NULL, 1100, '', 0, 0, 0, 0, '2021-01-16 03:01:55', 1),
(250, 253, 1, 'Cash', NULL, NULL, NULL, NULL, NULL, 950, '', 0, 0, 0, 0, '2021-01-16 03:05:25', 1),
(251, 254, 1, 'Cash', NULL, NULL, NULL, NULL, NULL, 250, '', 0, 0, 0, 0, '2021-01-16 03:06:45', 1),
(252, 255, 1, 'Cash', NULL, NULL, NULL, NULL, NULL, 200, '', 0, 0, 0, 0, '2021-01-16 03:07:07', 1),
(253, 256, 1, 'Cash', NULL, NULL, NULL, NULL, NULL, 300, '', 0, 0, 0, 0, '2021-01-16 03:17:10', 1),
(254, 257, 1, 'Cash', NULL, NULL, NULL, NULL, NULL, 1300, '', 0, 0, 0, 0, '2021-01-16 03:30:12', 1),
(255, 258, 1, 'Cash', NULL, NULL, NULL, NULL, NULL, 2500, '', 0, 0, 0, 0, '2021-01-16 03:31:54', 1),
(256, 259, 1, 'Cash', NULL, NULL, NULL, NULL, NULL, 310, '', 0, 0, 0, 0, '2021-01-16 03:36:53', 1),
(257, 260, 1, 'Cash', NULL, NULL, NULL, NULL, NULL, 1100, '', 0, 0, 0, 0, '2021-01-16 03:40:34', 1),
(258, 262, 1, 'Cash', NULL, NULL, NULL, NULL, NULL, 310, '', 0, 0, 0, 0, '2021-01-16 03:44:56', 1),
(259, 263, 1, 'Cash', NULL, NULL, NULL, NULL, NULL, 200, '', 0, 0, 0, 0, '2021-01-16 03:45:15', 1),
(260, 265, 1, 'Cash', NULL, NULL, NULL, NULL, NULL, 5220, '', 0, 0, 0, 0, '2021-01-16 10:22:57', 1),
(261, 266, 1, 'Payment Pending', NULL, NULL, 'Paid', NULL, NULL, 2000, '', 0, 0, 0, 0, '2021-01-16 10:34:26', 1),
(262, 267, 1, 'Cash', NULL, NULL, NULL, NULL, NULL, 720, '', 0, 0, 0, 0, '2021-01-16 10:47:57', 1),
(263, 268, 1, 'Cash', NULL, NULL, NULL, NULL, NULL, 3400, '', 0, 0, 0, 0, '2021-01-16 11:01:33', 1),
(264, 269, 1, 'Cash', NULL, NULL, NULL, NULL, NULL, 190, '', 0, 0, 0, 0, '2021-01-16 11:27:34', 1),
(265, 0, 49, 'Cash', NULL, NULL, 'Paid', NULL, NULL, 300, '', 0, 0, 0, 0, '2021-01-16 12:24:55', 1),
(266, 0, 37, 'Bill Payment', NULL, NULL, 'Paid', NULL, NULL, -17800.5, '', 0, 0, 0, 0, '2021-01-16 12:26:59', 1),
(267, 270, 1, 'Cash', NULL, NULL, NULL, NULL, NULL, 500, '', 0, 0, 0, 0, '2021-01-16 13:29:32', 1),
(268, 271, 1, 'Cash', NULL, NULL, NULL, NULL, NULL, 1430, '', 0, 0, 0, 0, '2021-01-16 15:18:43', 1),
(269, 272, 1, 'Cash', NULL, NULL, NULL, NULL, NULL, 3200, '', 0, 0, 0, 0, '2021-01-17 02:49:41', 1),
(270, 274, 1, 'Cash', NULL, NULL, NULL, NULL, NULL, 650, '', 0, 0, 0, 0, '2021-01-17 02:55:53', 1),
(271, 277, 1, 'Cash', NULL, NULL, NULL, NULL, NULL, 60000, '', 0, 0, 0, 0, '2021-01-17 03:27:50', 1),
(272, 278, 1, 'Cash', NULL, NULL, NULL, NULL, NULL, 600, '', 0, 0, 0, 0, '2021-01-17 03:35:31', 1),
(273, 281, 1, 'Cash', NULL, NULL, NULL, NULL, NULL, 200, '', 0, 0, 0, 0, '2021-01-17 03:54:11', 1),
(274, 0, 10, 'Cash Paid 17.01.2021', NULL, NULL, 'Paid', NULL, NULL, 15000, '', 0, 0, 0, 0, '2021-01-17 04:14:22', 1),
(275, 0, 50, 'Opening Blance', NULL, NULL, 'Paid', NULL, NULL, -56110, '', 0, 0, 0, 0, '2021-01-17 04:27:04', 1),
(276, 0, 50, 'Cash', NULL, NULL, 'Paid', NULL, NULL, 20000, '08.01.2021', 0, 0, 0, 0, '2021-01-17 04:27:36', 1),
(277, 283, 1, 'Cash', NULL, NULL, NULL, NULL, NULL, 550, '', 0, 0, 0, 0, '2021-01-17 04:44:50', 1),
(278, 285, 1, 'Cash', NULL, NULL, NULL, NULL, NULL, 950, '', 0, 0, 0, 0, '2021-01-17 05:27:26', 1),
(279, 286, 1, 'Cash', NULL, NULL, NULL, NULL, NULL, 9400, '', 0, 0, 0, 0, '2021-01-17 05:34:48', 1),
(280, 288, 1, 'Cash', NULL, NULL, NULL, NULL, NULL, 1400, '', 0, 0, 0, 0, '2021-01-17 06:49:21', 1),
(281, 290, 1, 'Cash', NULL, NULL, NULL, NULL, NULL, 220, '', 0, 0, 0, 0, '2021-01-18 02:13:52', 1),
(282, 291, 1, 'Cash', NULL, NULL, NULL, NULL, NULL, 1500, '', 0, 0, 0, 0, '2021-01-18 03:28:26', 1),
(283, 296, 1, 'Cash', NULL, NULL, NULL, NULL, NULL, 250, '', 0, 0, 0, 0, '2021-01-18 07:26:54', 1);

-- --------------------------------------------------------

--
-- Table structure for table `tbl_setting`
--

CREATE TABLE `tbl_setting` (
  `setting_id` int(10) NOT NULL,
  `store_name` varchar(200) NOT NULL,
  `logo` mediumblob NOT NULL,
  `telephone` varchar(10) NOT NULL,
  `email` text NOT NULL,
  `address` varchar(250) NOT NULL,
  `bill_format` varchar(20) NOT NULL,
  `customer_id` varchar(20) NOT NULL,
  `supplier_id` varchar(20) NOT NULL,
  `bill_note` varchar(300) NOT NULL DEFAULT 'Note is not defined yet',
  `cheque_alert` int(11) NOT NULL DEFAULT 5
) ENGINE=InnoDB DEFAULT CHARSET=utf8mb4;

--
-- Dumping data for table `tbl_setting`
--

INSERT INTO `tbl_setting` (`setting_id`, `store_name`, `logo`, `telephone`, `email`, `address`, `bill_format`, `customer_id`, `supplier_id`, `bill_note`, `cheque_alert`) VALUES
(1, 'SLN TRADERS', 0xffd8ffe000104a46494600010101000000000000ffe100864578696600004d4d002a0000000800050100000400000001000002c90101000400000001000002bf01120003000000010001000001320002000000140000004a87690004000000010000005e00000000323032313a30313a31332031313a31393a3230000002a002000400000001000002c9a003000400000001000002bf000000000000ffe202284943435f50524f46494c450001010000021800000000021000006d6e74725247422058595a2000000000000000000000000061637370000000000000000000000000000000000000000000000000000000010000f6d6000100000000d32d0000000000000000000000000000000000000000000000000000000000000000000000000000000000000000000000000000000964657363000000f0000000747258595a00000164000000146758595a00000178000000146258595a0000018c0000001472545243000001a00000002867545243000001a00000002862545243000001a00000002877747074000001c80000001463707274000001dc0000003c6d6c756300000000000000010000000c656e5553000000580000001c0073005200470042000000000000000000000000000000000000000000000000000000000000000000000000000000000000000000000000000000000000000000000000000000000000000000000000000000000000000058595a200000000000006fa2000038f50000039058595a2000000000000062990000b785000018da58595a2000000000000024a000000f840000b6cf706172610000000000040000000266660000f2a700000d59000013d000000a5b000000000000000058595a20000000000000f6d6000100000000d32d6d6c756300000000000000010000000c656e5553000000200000001c0047006f006f0067006c006500200049006e0063002e00200032003000310036ffdb00430001010101010101010101010101020203020202020204030302030504050505040404050607060505070604040609060708080808080506090a09080a07080808ffdb00430101010102020204020204080504050808080808080808080808080808080808080808080808080808080808080808080808080808080808080808080808080808ffc000110802bf02c903012200021101031101ffc4001f000100000505010000000000000000000000040508090a01020306070bffc400681000010303020403050405030c0a0e07090100020304051106070812213109134114225161710a32819115234252a13372d1161724373843536292b1b4c119347475767782a2b2b51844586373848595b3b6c2d2d4e11a25283554558327455765869394d3f1ffc400190101000301010000000000000000000000000102030405ffc4002411010100020300030101010101010100000001021103213112415113612204322371ffda000c03010002110311003f00cea1111743d01111011110111101111011110111101111011110111101111011110111101111011110111101111011110111101111011110111101111011110111101111011110111101111011110111101111011110111101111011110111101111011110111101111011110111101111011110111101111011110111101111011110111101111011110111101111011110111101111011110111101111011110111101111011110111101111011110111101111011110111101111011110111323e2808888088880888808888088880888808888088880888808888088880888808888088880888808888088880888808888088880888808888088880888808888088880888808888088880888808888088880888808888088880888808888088880888808888088880889f14044441b1ef6300f31c1a0f45bb2303970e0b86a269216734709989e9f4f9a8295f5f10f31e69e08875ea7b28b59dcf574889649da0f951b79b3d9ce1d9703a7ad1cb9a6638138e8ece175facbd5a854385454667e99e47f45a3b5553b9ec6d3b5fca3a1cb739fc545cb5eb3b9fedd3b9b73819182b55b2325cd0e3d88056f567441743d69b8fa4f403acacd5374a7b61b855b28a93cc38f36671c35a3e6577c56cdf10edb2dd9dc3a6db1b86dfd963bddaf4ede69f5055411bdc2798c0ee60c6347decfc145f3a573b64dc5cae194c91195ed6c6de72ceae1e9eab6f9e1bcce97f54c270c24fdff00a2b5ad8bc4774fd04925bf72b66772b6da76b981d5b70a07c54f9cf53cc7d155ce80e28f65b732534ba4b72ec97eab931fd8d24cd6b63f903dd44cb6ca722a43cd96339aa8bd9e3ce1ae2e04394483900f65d7a844311f3e530d535ff70c6fe76b57616f60a62f8656fad51114b4111101111011110111101111011110111101111011110111101111011110111101111011110111101111011110111101111011110111101111011110111101111011110111101111011110111101111011110111101111011132338c8ca0d0e70719508e93ce6931cc29c82739ee54573370482080bae575450d3d3d4dd2eb3369a9984f42719c28cbc53932d44c62ad9657ba28e23201d03fd3ea54b2e37d16e0ee7744f23d64708c7e65794d66e15e7523aa2d9a0d94d0e7dc151334f234fc4e147d97425457f24fadaa6e37aab1d482ecd367e43be144b7c63f2caf498566bfaeac7fb2e9ea29ee15bfdf30c3e5c43e21dd8ae386c9a92f7996fba8a3653e3269a36f2b87e2bd02869a3a587d8ad069adb4edfd98861af1f0511e4d379d936e73a5ce0c9f14dad3b48ad7a2ec10c0d7c74d5009efe649cc4fd5764a7b4d0530e58e08c8cf5c853218c0c765aab48d663234000000180b5444585c3344d94069e669043816f43f9ae6442c757d45a334aeada6f64d4fa6ecb7fa6efc9574ed907f10a8f3737c3ff87edc2f6eac8f4ed6e8db91cba17d86a4d172bbd0fb81575a949f2d9533d4472f99701d23a73da40a2c659e33d5a3070e3c6b70f1e75d364378e977134bc27999a7ee4cf3677b7bf2199eec8cf6ce176cd23e2483465d29f48f13fb71a836a35239dc9e7089d3d2e73fe180e5c2b9d329e09657d5b2d5359eeefe92b0631237d71f35d3f5eed8684dd1b44fa6f5ee94b4ea4b548c2d1056c41cf6fcc155f3c65259e573692dd0d19b8b67a7be68dd516abb5adc049e652cad95dcbf02d1d42edd597b6d3430d7322927b7bba121a7ccfa8677215a375ef87a6e26d45ceab70b840dc9abd057a88993f41d5caefd1f52c1d7cbe46f5eab9367bc4535068fd4f16dd7171a59db61afa378a68ae93465b45567b6613e99f9a4a999d9eaefb415d1dc2313c18303802debef7fca1e87e4a60baae96bd58afb6b8ef7617d3cd6ea868985431e1cd9f3fb591f15d9c48c772f2b81c8c8f9ab63dcdb7c3c6f45a0ce3256b91df3d14ac222202222022220222202222022220222202222022220222202222022220222202222022220222202222022220222202222022220222202222022220222202222022220222202222022220222202222022286a9aa8e9637cb2e431a33f33f40822542d40f2c3a686474151fbcd1cc5c3e0015c3fa469fcda684733a495bcc001dbebf05e61b9fb8741b7d4b1d79ff00eb4b84d88e0a28dc39c13fb5f20a2a99de91dac35dd9f49d0c9553d4538a8630b9f4c5f8153f28cfabff00c55e4b69b1eb2dd79e2d43aa24a8b0e8a043e2a297dc96467a6477513a3f6deaaef7da1d75b827f4855d41125251f2661847a7bbd83be6aa46780472c755331d58c8fdd6530e8183d33e8a64beb19b496d16eb55a29e9a92df4315b6dadf7620e680e94fe2bb3e1bcb92323b614b8b1f2cb1d4d6c66707f93880c083e6a68060611b71ef5db68634001ad0d1f45bb03e016a8a76b8888a0111101111016c31b0bc49c8de71d8e3afe6b7a20dae1ccf0e392ef89ee85a090e180ef8e3aadc88892212aa174d13a3156ea4691873c373d153d6f770f3b5bbfda46a347ee6693b75deda1a7d9ae31b71342f3d9dce3a8c7d5543d40a92dc40e8b90fdf6b9b9e66fc02969a2a781ad9e8e3a96309f7e073f2d3f1e8a3265cab0fcd67e24bc34afd2d45a2aef1bc9c2ed4bb9ea691bcd35459e327ef478cb8e3a74255dc3603886db9e223425b758edb5ee96e11c240ab80bc79d037b96c8ceed77c97aeea3d336bbd5aaaacb5eca6b8daab99e54d47237a63d4755646e22f86edc8e0a77229f8a1e1529eb59a358ee6d51a4a9f2e86b62272e731a3dd6bb1eab3d5918de97d0abab1555115251cbcb0c839b27d3f1514e91b0c90d3c937bdf31f795b4ec7e265b017eda0b3ebcb5dc7cad4f5728824b3c4d32d5524f9c3a37300c8c1e99ecabd76ff00534dacb4a58f53555b9f4c6a636cac2fe84023a647c7e4adbfb69329bdbd111063031d915dd0222202222022220222202222022220222202222022220222202222022220222202222022220222202222022220222202222022220222202222022220222202222022220222202222022220222d31d73941aa975c2395d18929a364b5cccba00ffb81fe9cdf25cd3ce5b3d3c0c7025fdc63d14aa7b83e164d2cf3b299d13b279ba3797e67d028b59679cf1d2350eafa2dbfb1575daecc8a4aa7f59727ef4a7b347cb3d02f24db6d0b26a0bdcbb93aed9513cd524ba9a824ea69e23d811e8548a8bcdde3d6d5979a86ccdd05413ba2b7c47afb4d534e1c7e6dce08caab2b7344b4d1c6f8db05ca2688aa0b5bd03be5e8a35b67375be99b2c54f3d2d03a26db9e31ceeef00f929851c6d8e9e26366f6800639f3f7be6a15b6e688df0f992081df7dbfbca369e065344c8630431bd067e0a66da612efb73a22296a222202222022220222202222022220222209554c74d2540748f7c463c39ce1f050570a26ba9e6a0a98e8af164ae6964914bef039e9d94d64a432beb3cc707432c619cbfba7e3950915aa18a829e8dc5ee31bb983b2546d8e58ddef4c7278b5e18a9b82ee2069b8c1d9cdbf8b51693a69c3f54d8bcb2f8a089e7f968983a67a9255f4361376b42ef8682d37ae344d443fd4dd7d1475b0c513872d3bcf78dc07670ebd177bd6ba53486a9d375f63d436d8ebadf5b1494aff0033def343c60820f7c65586764ee7aa7c3938adafd91d555352ce1a757dc1f5562aa9dc4474b5cf3d236b9dd9bcbe9d952dd5e984eab229452086ec27a06de5af88da9ccf7641d79c9eadc7d54552cf54f958260395ec0f180afb8ea9c93c4d51114ae2222022220222202222022220222202222022220222202222022220222202222022220222202222022220222202222022220222202222022220222202222022220222202222022220275f404945b1cee4cbb2401d7ea854bcb9d2515c2aa12d754c2fe5c0ee0655367107a8eb6e834fed969a9e482ff79c4358e88fbd05313873c7d15484f534f6ba3aaba7388e98f3cb3349e8f1827afe4a957642866d7dacf506eb5d186a497be9685cff00ef50e70437e5d156f7e396cb7a7bd695d376fd15a5acba72d94f17e92a58c46c1cb90fc0c3a53fe31c672bbcd0884c0258893cfd5c4f727e6b77b153898d408c79c4069767d02e68e28d8642d606971cbbeaa74db0c34e545a0edebf8ad54b41111011110111101111011110111101111011110169804e70b54434eb8638b324f52cf31b48e25b1f7cf37aaa0ff116e1a20e23387fb8d9280726b1b60fd2fa7eba31faca7a8675e507e3818570bf668b9a579682f78e571f8850f3db6967a236f31b0529c8e5f86552e3d30bc556bff0d8e252b77ef61ed76ad6d29a6dc5d272badf78b6bddfac7989c58d7b9bf30d07f15738a175579ce2fe634d2b7cd8f3fb00fecfe0b1e6d572bf824f133b1dda106c9b69b97981e1beec0ca8243467d324e5643f6cad8ebe9592c1ca699a792323b3c0f54c2a9c57774992222bba844440444404444044440444404444044440444404444044440444404444044440444404444044440444404444044440444404444044440444404444044440444404444044440444405b5d8ee71f8adcb8dc1bef730c37d492829e77ef5355d836cf555c295eff006be66c3042dfbd2733803ca3d7a15def69f4dc3a5f40e93b75246d6c5253f9f211eaf775ebf3eabc23881ab9a4dc0d98b0c39928eb6ee6399a3b797cbdc8556b4d48285d0db694e28699818d1f1caac72f1dddda62888acea11110111101111011110111101111011110111101111011110141d6547b34324b9edd3e99518a1ea5b0ba27f9ed0e8c0c90428a8cbc5a4fc5c3621fb95c3b1d6168888d75a32aa2d4543531372f64517bee6823af5554dc02ef541bedc306dceb165432a6adb4ada6ab7b5d9c4ed680e07e795efdb85a5e9f5c686d5b60ad633d92e96c9ede5a7af47b70ac8de0efabae3a2b557105c2a484d3c7a76ff55594d1b9d8258f94e303e1d1537aae5dcc6ed902f3b7ccf2f9873e33cbeab7820f5072a58e9e38186a5cd06ad9ee100f62a329a331c401eee3cdf9abcae9996d10888a5611110111101111011110111101111011110111101111011110111101111011110111101111011110111101111011110111101111011110111101111011110111101111011110170ced1231f193d0b485ccb6bda5cc7b4772080829135240eba711b6eb2d606c90dbacf1d7c1d7eebc92321555d24cf9e2a37b067dc3e693ea7d1527194d37135e7d58f30496a652609ef82aaf608d90c6d8d830df455c76c38fb730fc910107a84566e22220222202222022220222202222022220222202222022220285a9f2c44f3364c67a1c77514a0eb4ff0063cbcc30dc28a8cbc40d446c2c9280101b1f2f291d7a9f42b1e6b2ba4d84f19d974f5ad8da5b66b0b5c73380e8d7c8d6173f2b2178dae7c758c9006cf260b01ee7a2c7a3c4d71b47c6d7077bdf0b5d04b357c96ea9907438203403f9acf3ba7266c83cccd753565c2604415327ea401d47d54fe124c5173e39b94765d52d2ff6db6da6797a521a58e61d3be402bb73082d696fdd23216923a38ffd6e041ea11114b411110111101111011110111101111011110111101111011110111101111011110111101111011110111101111011110111101111011110113e28808888088880888808888088880b8a692489864899cf237a81f12b9570cef11c324980ee519c6545459d28c378dcfd3dbdbb5577b7b9ae96ef57ec953cdda32012435561d34cf32491c8e63a138f248eee18eb954afc555add6ad3369dc28185d2da268eae223b87b9c1a7f81550ba46e0cbd59acf726cad11fb346e1d8e72d04e4a8c5cf84b2f4eea8b6798cce039a7e856e041e8082559d2d51110111101111011110111101111011110111101111011110170cf179d1ba3cf283eab9911166d04fa4f32a69aa7cc21d1740dc743f558fdf8ee5a3d9b4a6c36af8dcef68b7ea6a67b5c0746f34ec072b2115634f1e0b7c6ee15e8af45a44b4777a27b48f4fd7b5533c669972e135b5ddf6eae86fba1b42985cd34f35041e63877c720f55e954b20787b40c35879475eea9cb849bab6e5c3bed9dd26eb34966865249ce7dd01545d253f931b88765cf3cddbb29c55e39768c444567408888088880888808888088880888808888088880888808888088880888808888088880888808b85d3c4c7f96e9007fc17239ed68249e8065363722d8c70786969c9776f9ae0357137da399dfc9f5774ec88dc4522d832f884ed70f28f50570c75714b2794c25cff0090e850dc44a285a9a98a90813b8b09ebdb2b9219993b1af8f2587b1c26cdb9916c7c8c60cb9ed6f5c752b6f991bddcad91a5c3d021b72a2e2926644d05e7049c003af550d35c69a095b0caf2d79f4c14368e5a1f8e32571b658cf2b0bdbce46704f5c2905e355e9fd3d6baebbdeaeb476db6d334ba79669034300f5ea87ca2601f58f796be7818c0eee075c28b74a5ae89a5ae7f31c023d3e6ad9764f150e0cef1b935fb7351ba1a6a1bf4754ea66b4cc3f58e071df2ae1f68d4b65d41456fb969abc5bebad92805ae89e1c1cd3ebd1566719639c76d07a004f55aa8496aa08a664523da1ee3ee85185a5a70e18f5566db6888880888808888088880b6b9a1c08e87e20adcb6b9bcc0b7a8cfa8f441d1f50da63d4da5ef9699e922ae9e412b29a199bccc924e538041f87454d5c32ea1ad874d5c36eae9532546a8b3d44915d592125d1b9ce2581bf2e5c2ab791f3d644ea5818686a593feae670c75fde27e0a8d372ad959b49bd1a7376acf0b85b2e3511dbef51b47bb552b8e04bf403d4acec72671586d6534421aea62e73a3e92309ff529a430063dd54c7970940763e0a029ebad97175c67b7963a9aa220f691d467b951f6f61651528243b2cce55a34e3f748c444566e222202222022220222202222022220222202222022220222202b2678eef9a382bbfba202478b85111181d5ff00af6f62af66ac87e3bf7516ce0eae8191b65a992ba9444d032e7bbcd6e00f9aae7e32e6ff00e55c7c0d4b35cb854d9daf9a9e4b5b59668987cd973cfd3e0ab3e99dccc69f3bcdcf6e985602e1378febfe84d8cdabdb1d4fc2f6f15ceeafa68608ee8295869580e007139ce3d55fa34ddda7bf592d7769e97d85f340c7f95cb82ccb4743f355c2a9c353f4445a3a04444044440444404444044440444404444044440444404444044440444404444044440444410c2569a974663ecdfbca023f6e96bb0e1c9067d7a02a22a9d3196186295b0b9d9eb8eff25e3fbd3ae6e5a436975deb0a3e63576ba49a46b19f7a521a7b28b58675a6badf7d9ed0574167d77b8ba5f4bde5872c865ac635cefc095df6c5acb47ea0b7516a3d397cb3dee8a71932c13b5e08c77e9d16129c1bf0b7a97c57376b889d65ba3bd3a9edd79b3dc9f4f6da18eadcdcf3176303fc5c055b963f0b5f128d01799f6b345711d76d3db5a7de6dd9d23dcfa71db9010739016732bf5186edf19286b3defd91d22f9a7d69aff4ee9c7c7d48a8ae6c78fc095485af3c57b83edbb3253d66e7d9f5106643596c7b667371f1e55401a5bc19f45bfc8ba7123bfdb93ba97be8e91a2e2f6c521f8169f455c9b43e1c3c1b6923c96bd97d3976b7803da2aee103657b48ed9cf7254cf96d7995dbc16bfc7378617ba56692d2bb9da82bbaf2ba1b3c92b4af3dabf1bea39de596ce1cb766e6dc9e59cdaa66738f8f28180aef3a6f865e1ced865669ed9ad0b6aa3603c92c340d6979f92ee506d7e81a68646c1b7da7e8a1630bb2fa769ea3b0fc52cbb35563e93c6f194c49b8f0c7baa631d5d8b64f903e3d9772d2de3cbc30c6d149acf486e4681ab79c1f6bb5c8d00fccb95e1aa76d76f8cf1455ba2b4dcb03e30e95feccdc4791d02e8fa8f84ee1b751625d51b2db7b7ca57f73556f6bdc3f15131a89f2f5e03b57e26bc1e6e93e9059f74ec168aa907335f5d54d8c9f900e3dcaf76d4dc6070d7a56df2df2f3bd9a129295ad2fc5556c51f98dff001727aaa63dc1f09ce0d35ece65a3db7b6e9585c79fccb546212c23e047656edddffb3efb5bb83781369addbd67496b0eff0069dcea5f3b00f8347a25b67676ee9c4d78f970a5b522a2836cc566b9d6ad7b8c44388a671f93c64616369c5af8ac716dc6f6a8acd27a5a8ef7a72d3202c16cb1f34ae9da474079402b215dbffb389c2eda2b237ee25eb51dea28cf980c1505ade61e9d4741f25d738b8a9e07fc3336e2bb4decded9597536f854c661b648da612d5c527604b80c92ab96ef755b2df5851ea6d3baaf6d6fee935352dfec3a9a4939dd14ae78a8127c5c4f5055cfb835f17be27b84fafb6dbef5ac67d7ba15b2379ed53383e4862fe71cb97946e0f0cdc41ee3e8dd7dc57ef8c33683d152d4beac545c862692471fb9134fbc0751e8addee82689b53347499709b961746d2e9258ff007dce1d87d563bb18eacbd3e90dc0f78bc70ebc625a686cf557fb769bd6986834352f1190ec76c9c1cabb252ba195f14f4d50d9e99ede66163b99847c9cbe467a7358ea0d0978a0b9e9bd4355a5b50078923968096c84e7f69cd5934f873f8f8eacdabb859b68b89213ea3d2218c64776924f7e94f41cef79ee3e4b6c79bf5b71f377db37645e31b37bf3b61bf7a668f596daeabb5ea0d35344246cf13c1c1c76c775ea0cae94b7cd7539f2038e5c0f61f1c2df6ecf9c4dd14b26af644cf6b702eb6632e981edf2c775308ded92363d872c2323e89b4cca56f4444488888088880bcdb7634452ee3687bee8e9dc69e5ae81f043503ef533c8e8f1f30bd2540574e2111092410c25d87bc8ec12ab979da90b867dc0a9f3eaf6975a39d4da934d8f6363a4e8eb9443dd63c7c7b64aabca505b3ced7484c80e1cdf46fc82a27e23b405fe8a3a2de3dbe85f4dacec1389ea2060eb59464fbce711dfdd048551fb7db9960dc2d1b61d69a79eca9a6ae8da246e7df8e4c756b87a762a91871d93d7aca2e09454c261e689bca4733893d972b1ed7b439ae0e69f557dba2652f8dc88889111101111011110111101111011110111101111011142d5cc69e33286f3f5030969b452b04f8fb5ea969787ed0b639398d4575f68d91807b913b15faa4a9f2a69e98b097b230f183dfa2c6d3c7e75149571f0a3a4e9e2264b86a885ae1fba04cc3954cfc61cb9cd697ade19345d89bb0fb754f71b1d14f748edb048c3234743ca0aaa385d2be167b441153bc0e5e48fb003b765e77a06d505a746e88b746feb15b69e1259d3af20395de2df23e58a40f2e7f2bc8c9f55313c735533ee883aa2b3611110111101111011110111101111011110111101111011110111101111011684f719eb852d323eaf2da699f1b9a7ae46014a8b7499a293937187f5729cc67bc83a968f9041d798b2e35720ed9f2957e5d6d49cb35b4e114b44f33630d8592543fd4bc72ae582a2671779ec8a368f5e6cab4a999c715430cd554d246e69113bdfebd9759d7164b46a5d3d7dd39574866a3b853c90b863232e6e17691cad74b253ba0cbfa3f2fee81f2b63647fd8ce6b7a8f7b2556d676ed83ced4ddf707c283c4c2fb63d6b054b36a751dcded8276822290cce3ca73d8f2f32ccbaefa8a2b8e82b3df2c0caaaeb7dc216d5c750deadf7867391e8ad99e303c10db38a5d80a8d4fa72d32c7ba5a7e196b2d9511b3128e5f78838ea49c743e8a9a3c1ab8cabb6f46d65d386cdcaad969f74b49b05116d4c843df133dd0de53ea31dd6724974c75aeaaebf6c0ebd5d6215b2be4f786467b2aa8b0d0db2929608a9a95e260d07cbc7490fcd52ddbe3aab4ea08a23faa7364f7f9877195dc388edced4fb71b33a975f690a6f68adb7523a60d63725cd0d25d8fc95a18d758e2278dae1bf879f2e9776f762c7a46e83a47451cec0e69f98eea8d762bc5df87bddadfa9363d97f6dc282e247e8eb912392a1dd8069ec56077c57710da9b7f37ff0054ee36aeaabcdf6966ba3a38edaf73888230fea31f4cab90e81dfae19b5cebee16745f0ddb4974d2dbaf6fbd517b45c1b50f9096078f3399b8ed954bc976afcf7e3e81915188993441c6ae0ab7f28777f2dadec5454e799f4f6e97de8c632ef52a49a5df71874c5aa0bd44ea4ad9692173e6ce799f8ebd3d176a640d732124f396e083ea56bf1fa6d8e3b9a78beeeef5691da1a286b3553ae16fb0308f36a61664b3ebf25d4f6df8b0e1ef7caa7f45ed96e9586fb758dd8929e9a76f9cc3f0734faaf73d5da4ed3abadefb6de6cd417aa17822586689ae0e6fa8eab1e3f110f098b87b3d6f107c1cdf2f9b69ae6809aba8b7db6a1f189c8eb82c6103d3e0ab77119e3632239e77c0d89ccaca7ae8237625a68cf33a4f99f9aa6fdc2e12387fd4bab9dba779daea2bd6b42de7a5755c65cc8e4c74e99f8e1583bc2ebc5f757cbb947869e2ef166d654d27e8fa3b8d4b0466a5c0e031d9ee4fef1593d5134f9fed34f5d1dc6c9563cd649e6737b27a8fae54cbb88996e31abe293c2ff8ace35772a7acdf0d63a5f44ec15be77434b69b14a435b4acea1d2b48039f0aca3c6dd93865e1d592f0d3c27e80feb89b835311a7b85feb6073e42efba59116e46567b9fa6f49ead173d3d4f7cb65e216b9f0564749501c584f4707e3b1ebd95236bce15f6fb66ec1a8f5deca6c2e8cd73afdd4f24b462e51c4e32ce72461ef69c1cacf2c258a5c66b71f3d0d4bc116f5ed66dd0dc8d7b65a6d0569aa6798195a4b26a807f741546a267cb4d3d3d3ceca989af3cb48f3ef977ef7d16491c5a7003e26dc60deaebabf74a86d1a2b49c3505d150495ed829e8a3e6ec3a869c05662e27387bb570f55d41a66a75b586fda8238c0aa650c8c798cf63ef34f559658b2cb1fb7b2704be235bf3c14eadb1cd6ebb55dd742492b4555add297322667a90167bfc0bf1fdb3dc6868bb5de3406a2b653eac3162b2dd34a010e03ae1bdfe2be62a1fecb48ca87c4fa4a57f4133ddcef7fd5a7b05503c3b710fba7c31ebdb4ee26d35f2aadb5704ad96ae9a9ea098e78f23d01c02467a29c7330cecafaafb299f2baa666b58f819d24a627dd71f8853b8794c51811f20c761d82b48786a7899edb71b1b756ca192e74b43ba14f13595340f9435f3b80ea7e2aeb61f52c699ccbef9ffb5c8edf8f75d135ec75e1949da743b0e842d54ad8ea8a5746caa79a9329f7434748beaa683b056db6c72d8888a56111101415c65829e8e79ea61f3e0634b9ccf8851aa1e7a76ce632f77bad392d3d9df5445756a8a5a2a9a5a4a7b954975bead8e319c0cb9a47f24ef97a2a0ab94b74e12f73e6d4d490555c36aafb51e53e88372cb6d4b8f703d02b8932d908327312f0eea0387461f90f45d5b59e96b26acd3d76d357fa382eb493425ac8240038bcf6735de847c95329d39f3c6c9da6968aff00d3f6da3acb7d78aca2318a974ad20f3348cf2ffa9762a7919244c923019191903e0add3a0f57ea1e1cb5dd06ca6b8a996bf42564be75aef723886d33c9c8a791df1eb8192ae14247b628ee0f73194f28fd4c6c70224f9849d1c596933450348e9c39f1d41fd6fdee4f56051caee8976222224444404444044440444404444044440444405c72b1923795ed0e19ce0ae45a38647605048f9a492e52ce7f58c2e119eab196f158ab6eec71ebc2a6d042df3194572158e8c7a6083dbf05935c71b8d25c8d3643d879dbf2c2c5d75ec8774bc77b6ea82077b6e9db4dad925434750c98c67273e9d5659571655937582925a5d3f40f0d70303226f5f93005dae8a010464f364bcf37d32a1a481f1d3b28db2b440f9b94b40f4c289a412b448d94b8f29e56e7e0af235e3f5188833ea728ace8111101111011110111101111011110111101111011110713e66467f58e0c6fc495b83b9d85cdc39a7a823d5404b56e7cafa68a8e0ab23b895c400a070fa2944d535d344dcff234ede6680a2567fd3b4f0cac0d6bf98061f55a1947388f2d6bf19c1f55e67ad372b6fb42d3bebb596a7834f59719654d43dac863f9b9c4ab7beeaf8b5709fb495b25b22d58cdd4d46ecb29db61fec90d1f03cbeaa2e48bcb17536cf1c85c23735e47c123998f2e0d7b5ef1dc02ac0771f151e2535dd4ba2e1f3844d6f78a698feaabae3412c70e3d09701d02822ff195deb26aecb69daadabb7c9f79d15c1fe7479f8b5cdee147cd5bcdf8bffd4dce868dae755d6535281dcbde1bfe75d2ea75ee912d922975369eb7b1a7de7beb2369ff003ab1ac5e1e7e205af65f2f7678cfbed1f39cbe9ade632d6fc81e854e61f04aa5bc481dad78a6dd1bcccef7a66366e504fa8e8e4b95532ced5daaf7c44ec8695739f79dd1d3adf2c733f15ac2001f8af2ebd7882f099686192a778ec51f2f7f2de0e551258bc12b859b3bd86fd71dc3d5ef1f7cd4d54bc8ff00a90fe817ad5b3c22781fb7b83ffad8524c7d43ebe639fcdc9ba6eeb523b8d5f8a870556e9899f7aaded71c83cd13de3f20175da9f175e03e9cbdd57bbd42ef4cb28e5ebf800bba50f86270396b6b0d3ecdda2598f425b23dc7f895d9e3f0eee0ee10d106c759deee9dd9dff355ed171be3c4bfd985e0033cb1eec53bce3ae68a6ffdd5b0f8c47004dcb86ebd2b48f5f639fa7f05ee52f009c23c0d732a362f4f5287fba256c597fe4a1eb380de0c68291d4f5bb39a628291c32eaaad608c01f5492da89b79be9ef151e06f5e5e2cb60b5ef0b6eb595eff0062753be9e46b4bde70d07231858f5719da5ee9e1b9e215a2f89cd0b34eddb1d53581f5861cb627ba4767ae3a7aabe6df7693c2cb6eb51564778aed9ed2f514dcaf649515cd8cb5e3e073f15451e2cbba3c0f711fc235c74de8dde1d1374d61a76169b3d35155b2432b9bd000ece4f6517c57ded77cb26b0a1dc4d2ba47716d5244fa7b9d0b2a43daec824807baf7cd314547ad342d6d86f36e8ee36d9a3920aa64982391c307a1f92b057825efdd56ee70a947a03544c66acd2b51fa3a190b8b8bc75215f8b698d756d92a657973079f2300ce30d071956c6fe271fd63b3c5d7d9d8b0ee8ee13b5eec36bc8347c55933a59a9dcc21ac24e4f6553de1e9e09fb63c1f6ac76e8eb5bad2ebdd574713bcb91f164325ef96e7b60abf5c8f64b0b69e9a58c4b91800e32a2e929bcaa7114ad6927b8f8a9f8cb76bce29be9074ee96081cfcfe92718db24709ed1b5de814d63ec32de476074f82d791a000d01bf40b7ab49db7c70d7682a97c4c2c74956ea773492dc1c731f82e95a86e571b2d155577b032afcf698dec3d5a5a7e2bb85ce30ea62797988703f45d1b5cb8ff0052fca1d938e9f355cab3e4bddd313df1b1e073fa9ba4a0e3036229447a8289e24bcc54cce534583cc6618f55774f06de2f2ddc5bf0cda7e9ae971925d6f64a7643581cfcbaadcd181cdf97aaf7bdcdd1347ba5b5dae36ceeec6496fbbd14d4cf2f6e40cb4fc7d5635be0afab2e3c3471ff00b89c3157ba7a7b3d6d455bc8712034464f263e1959fdb9e7abf0f159c236f369bbcdcf7f7853d5b72d2bade295d5b5fa765909a3b9bfb9258dee4af19e14bc60b4edeb5abb6678abb34fb53bbd0c82922f6cf768a690740e68f4cabe98ad86ae864ab6d0c93c8c3814c7bbdbfbff0045685f121f0bcdbae32b48d4ea6d24fa7b06e9d1c6e9e92b210212f94750c2e6e0f756b3f17ca6bc7bc717fc227fd9b9a4a9a96c1bb3af341db1d18736a2cf710ca4abcfc5adee0ac77f7dbc0d76136a2a2a356ef1711741a75d1b48927b83cba4919df980ef93f15e37c26f89d7119e1cfb8755b09c54c1a92f9a420b87b0d34754d716c31b5dcbced79ee3a656495aeb62f83cf142d0164dccacacfd38d9299b03ae149544c949eee791f10706e07c4854bacbb8afbdb028e2bb4770a7a06b1f65e1e3536a2dc5b8c4ef2e6b954499a4763be18465518520788a093ce86d6de63cc62186c87d7a2c9bb8a9f0d8f0d8d99d457bd3f73e2a6e36ebc47cce6db83620e0efddef958fa6f2e96db3d2facae564db6d4555aa34843fc9564e035cf3ebdba2cf2c596535dc4c76037f75ef0c5b956bdcbdb7bdd5db2e2c91ae90c5216b5ed0e04e405f447f0d5f102d1bc70ed6d2deadb570375ed3d3b5955039f87170001383d7a9eabe69f4d4f41267c97173c760e3dbe7855a7c09f193aef838debb26b9b15caa7f434555132ef032421afa627de21a3a7656c33d7751c7959ebea1f492b8b408dde64e5d89b3fb27e4a6ea9db873defd1bbffb69a5776b485c20b8e9cbd52472d3b23782609c8cbc3b0aa27b2e9c7c7a1c5e74222296822220222202974e0c950f6f231b335b9a7791fb7f00a62b42d692090091d92ab963b783ee9ed0d977634addacb778d94d5ee0790b875a6971d26cfef8ee0af05e1d7732f7a5f5d4bb07bab5b3d55f68a1e5b354cceeb57081eeb893dc90157806805c7940cf73ea55267119b255bafa826d4fa56716edd5a0609ad95717430b1bd4b73ebcc063afc556e3d74c32c35dc54e52cd553c26e0e00d699bc990672393e4a720f4ea46552df0e5bcf06e56908ed57c8bf44ebcb54decb76a47f47c730f80f569f8aa89aba39e498c90925840fdac00a25eba5b0cb53aed3c45c30b4471323e6e670183d7aae6576d2888889111101111011110111101111011110171bc901de830b9142d69e5a6948f4194b516a495d5acb3592e158e76330c8e767d3a7aac5d3c32a2977a7c4bf8abdccacfec97d8ab0d1c121ea1a03cb700ac8878b1d6906df70f9bb7acf9c4524162a999b877670674c2b21fd9eed195159a1f78f7beb6222af51dfaadc5eeee40933dff001596bbd393db232339296a4d4c9ef16b5a43da4f5eaa6e3381cc413eab51d87aa2d24d3ab1c2411114ac2222022220222202222022220222202222022220869ea60a6c3ea246c4cce399dd003f32b6c5590ca1c5ae6b3e1cdd0bfe9f1503768e9e6f2d954e8e58002e742ffb8fc7a9fa775658e2f7c41efa355cfc37709d689772778e79bd8ea2ba06975358f3d325c3b16a8b9e9965c9abdabff88fe30b87de1d6c75d76dd3d5f436fad841753dbe09b35556ef46b636fbc49ecad555dc6df1d7c610a8b770a7b3b57b73a21cef2a2bd5dd9c924919e8246c72069231d57b170ede15d6ba4badb37838bcbbbb7b375aa1cdab2cba3fcfa6b6c87a811b4f518ff52bbcdbac368d394b4b1d9a18a8990b1b1c1c8c020859fbad0167bac66eaca5a2bc21355ee654b353f18bbf3aeb73aadfefbad3415b2d153309ea5a58d71691e8ae25b59c04f0bfb35471d2697da4d2f5d00030eada48e6a8691ebe6b9b9caad469e6634bb04919e9d96e579846d3863aa5bb4adb2c94ed834dd05158294001b041106b5a3e180a645952237cb242e150c3cacf2bdd07e640eea728a6c4de3892f922a2133575219a407b33dd77e6b6430cf3874420149081804b72efcd4f51243f9c435340fa76398e9a4941e8727f82dfecf0e49f2a3ff242e6453a5e6324d20aa19030343a95d283fe0cf291f8a838d91be46b4d3d7c60fa979c05395a1190428d29fcfb529f15dc4568de16367f59eee6a913be1b7d39744d925279df8e81adf539582f6f67894f1afc7d6e454e88db8bdea0b1e9ead99cca0828e57c0e647cc402f208e51f5599078a0f0e375e28385fd7bb694327937d929dd2d95d11c3fce6f539fc96017b4faf378b813debbbbb56e91b8b2e94dcf6eae92ae13c92b79bbb3f00b1e4eaff008e5e5eaae3bb6be0ebc58f1034f4edd55b995f05cf9bf5be73cd513d7e25dd555645f668f732ae844b71dd0a98ea9ade66b6188c7ce7e180e5ea5c2ef8ccece5b04066bb3b4dd596b7cf2fe839bd7f0cab9fd8fc653878ae89b255ee451b2a4379848f7fb8d38f54931474a46f09de03b78f84dd77bd1a4751fb54fa662b8b2686691c43650198cf52b2369ea6d7a4ac954d618280369fda66739c0340c649cab3355f8cbf0d94f478b8ebad3b11ad24cb3463064c74ea55b778baf1aad27aab6b6fda2f6baf8dbede2b5b35ba0f650ee73cd9684c6c89996991e68bdf2b36a2be982db728ee14dcdd1f19e66e33f10aaf195d03a962aa32b5f1b8020b0e4158e6f869546a01b5da32eba80d6c55915b19255c73925f248ef4fe2afe7b6e247e9fa6a7a863c4582f0c7f7ea72af326bc7957a23eaa16422673888ce30405b9f511318d7b9ed6b4f627d54aa163229a6a69c96d39eace6ff52f27dc1d52fa634966b6cc4c9903982b6ff57bcba8f6e9392589f8735cd2d23bf45e21b9fa8282cba71aeb9d741490b9c5a1ee763971d4e5774d3eea8a4b6518b8b9d31243ddd73d95a23c5b37ca8740f0e97d750573a8350cd708a3a3e4761ce06400e3f02a32acf3ce5568db6be86eb6635549531cb472445cc958739eab16dde885fb17e33da3b505aa36d1da2fd554f4ec91bddc5c0070f977590370b555256ec5edd54cb34d35455d046e95ce39249eaac6be213a7a41e261c3357421c1cfbb42738efcae6aae56eb6cf2bb656dbd1a87703486ce6a2d57a0e962bc6b2b6509aa8a00e03cc85ade6e53f802ad4bc1b78d8ec66ff5ca4d07b9cda5dbad7f1553a9850cee1187c8d7169717e001d42bd6d2da1b5fa7dd4f0bdad8eaeda69ea03fb3b99983fe75f34cf135dac1b07c636e959ec70575aebd97174d48fa63c8304e73f995195b0cad976cd4fc49fc38f6df8f1da1badfb4ed55829f5a52d33aa2d971a5a767ebdf8c86f983ef13d077587f70e9c53f12de15fbf757a43571d456ed3f4f3f9373b7d539ef82a60e6c798c61e809f90551fe1d1e36bbadc38d6d93466f0d7556b9dab32470be0a8717cb48338e619f40af3de213c276c6789d70e757bf9c3b6a1b55eb7429e9fdb9b15391e69672f3792e03af451ef715d6fb8976ef7087c2278c8ed452ef7ecfdd6cda23760d30924a768699659437ae63e871958db712fe11bc5d70db55502fba22e7ab2ca1ce30565b2132fb9e9ccc6670ba0707bc62efa7011bd94578aeb656d23ad75bec376b6b890d117361cee5fa0598e6f8ea0d53e23bc25d83723843de0d53a5f55081d51534d6fa96b39e6c65f1c83a923390147c765c659dbe7ef5b60aed3d77abb5dfedf72b45ce9cfeb21a988c4e67d4152f8ee115157495d05236aa12c31bd87b4a0fae5543714fa077e345eebdced1be76abf335335e5ae92a6321f5383f7a47e305a5780455303da296588407ee9681d165d78c35aea3288fb3e1c7a4fa2f58cdc37eb8b8c9fd4fdd242eb3325792da578ea40cf6f82cd91955118e0932791f1891a7e4be4b1b47af7526d06e3e93d75a62be6a5acb7d6c5501ed3821a1c0b87e2015f4ff00e0eb7ced7c45f0f1b51b936da98e796e96e89f5201c98886e083f0ecb7e3cfe9d5c1c975aaaac1333ce7c0325cd0093e872b94761d30a5b6f9437cda078267849e6711f7813d14cd6b2baf1bb9b11114ac2222022220d3b027de527331a5ab6c009f38fbcd9f1923fc523d54e0fc4285679a1b2cd346c2f6e797a7a28aa6716f1dfad3f55b3bbb36ae2074d53cb45699dcda4d47491f468a72726a303ef3bb0f8aaedd35a9ad17cd3b69bddbaa9b516dab884b03c0fbcd233dbe3d54a35769cb7ee3e97bfe9abb51b1cca8a67b0647638e9fc70a90783dd43748ecda8b67352bdecbfe99ad923673f77c523c96fe430a9269cf2fc6ee2bb29c39b5d2179e92343dbf4535031f12a436bf369a5968ea7df90125ae3e8df829f018f89578e8c3c11114ae2222022220222202222022220222202d0b43c72919cad543544af89a0b5bcc723a2232ba8b2ef8e06eff00f5a9e0bf574f435ae6c972a98ed9c8deee6c990400bdafc2336b20dade0bb6b695f4e296bae54adba39b8ea5b2b43813f35695f1dad5959b81be9c3770cf6495d5d4972bd53cf5f4ec39cb43fd47e2b253d99d1f4ba1f6cb6f34dd146218286cd4d4bc98c6395802cb0b77db9b09bc9eae33ea30888b575088880888808888088880888808888088880888838a59a38802f7728ce1429a87c325409da1b10780d3f107d56b7081f3d3b9ac21aeef950eca88ea29e9a6a93c91ba3735a4fab87455df7a639e7655adfc4c78b1bc6d1e8cb26cf6dcc8f9778756cc686df1c432e8e23d1cee9d4742bb77015c1769fe1936f997ad4f4d0dd770b523057dceb2a0092a1b33fa901c7242a24d9cb50e2abc54375759ea9636af496ded3454f6f12756b66765871f3e8afc7414cda66d71a9f36aebe390ba00efbb1b3d15756ddb29777751d05be92793da0b64958de9187b8fbb8f9288f6798b496ccd1393d0919681f0c2e7a36d43611ed4e6be6c9c91d945ad2c6f86334d1a086b41209016a888d0444404444044440444412da8b7534b29a910b0d60e8c91def727e1d951bf133c0570edc50699b8db7707405926bd4b1bb92be185b1c8d908e8e3ca06556d2dafc7238938184d456e12be645e217e1fbaff0082cddbbb69fbada2a6a742554cf75bee582d8c309e81ce1d001d15b9fdba48d9350d157cb4ed8cfebde6577239be858ecf55f52be2e3846daee2df6c354683dcab7455b49594ee8e8ab397f5b49260e1c1d8c800fa7aaf9e1f1d7e1edbb7c186b4afd3375d3d5b70dbf8ea5f2db6e3cbeed5479e9977c31d70b972c74f3f938f55430eb8d772c505c259e78180794413cbf9abeaf872f04fb69abd967dcdbfea7b5ea4b8738922b6c32364f65767f6c7a7e2ac391b9b4d55355493baa99c9814d8f75a7e6ab6787fdb9e2aec36aa4dc8da575d594a64f3194f435c034e0f67b01eaa98defb4637b67cbb3da02c1a374dd0c4d8636c8e70733dd0d0d6e3a37a74c055a3a6b5b596d76fa586e95ad9ebd80fbb0f577c811f458856c578a271ada2add6bd2db99b1755abe962023cc6c11c8f03a7df3957a6e1b38abd7fbd955149a8f66aa36ded120f71d34ad96567cc91d4ae9c73db6c725ce351ee947551c9051dbab29a3ea1b23d84732e816882a6ff00570cee782e89dcf23de705a14a1fe5b677865f3f48b40cb58f66394fe2baa5d7515059209ab2b351d351b402676b5c3eefaa9bbf0d3dd752ebea7652c165b555c6e69fd5bea0778c9f8fc961cbe313c4d4bbdbc47edcf0e3a02bdb72abb4dc1a6b044fcb2a0f30e6edd3a60955efe213e2bdb63b1ba2f52e82dabab65d75cd6b1d4be731d93039c31cff0082b16f873eceeacdf7df8afdf1d6e27ab92df33ea7dba5248a9749d0b72b3ceefa52ddb322e18a862a0da5db5b5c0ff329e9e9628cbcf4270deb9fc55a538c0b51d55e249c36d041099aa68eaa4a99001921ad70232aec3c3bd7b692d3fa0a5686796711b7f7461526e9ddb666e0f8866b1dc4a88ccb41a728c431b88c863e467ff256b8ea696abf3d96eadb9dba96089f0f33d8cc343b1c9d3b2c13fed156957699e2dac777a263229ee56b7c92b1a33ceee7c77eeb30fb45d2f143345554f54fe461ea32b0f5f1fdafbcebce2bf6ce8edb0bebaedfa31cc8a16f5323b9fa055cff00f932bb8c77aa24618e9aae49bcdaa71f2c49dbcbf963d557f7045c76ef0f05faf6cf7ed2f7a92b74acb3086be82699ce8668ff006b2d2703a65520ebadb4d59b5777a3d1db89a6eb2d572941af024691863bde0ba2b1d48e8aae1639e5923f9e2c8c862cbe987cb4bfaf885edcecd7165a2a0e3778638dad13b1a3525a62681241363de2621fb3907aaa78f0aef105d63c176f559edd79bbcd53b715f3b595d4d33cf9746c71c643738cf556f4da7df1dced979af149a4eeac974c55c0e8ef56e2ecc13c6475e46e71cd85e4f71abfd275b79b8ba9df17b5cfe7c0c1d0b584e703e89bef6bdbf6cbd7c6eae3a8f5b6de681df3d1362d3dadf64ef1135f118a9a30f0f2dcfbf2b47301f8ac41aed574d5d5b1c8da6f606ba421cd6f5118cf6cfae16483e183c4bda77fb6775af007bcf7aa7b8596e74323b4d554e799d47386fbad693d8f4560adebdb9beeccef2ebbdabd4b6e9239e86a2614ee737ef3038e0fe230533eeed5e4efb795cded31d411e7bb9184399ff7c1f059c27d9c2df61adb6337136c2e37211d7504a5d451f365d4f1003a007b75583e80f3414d5d2f5918f2d00f4cac80becea6ea1d13c59dd74ad75518add7ca334f1b0bba190bbd14e19df91c796ab3f3a28dada0a190b83e62c21cff005763e2a254a2daf735d252903963248ebf35375d72bd1c3c11111711110111103b2826c754252f3307c39fbb8f451a888b3682a8a791cd3ecce6c0e272481d4ab7a6a57bf4071b1a2ae5006c16ad51453babc81860922680dfcd5c564cf290080482addfc68c8db053ed1ee1d390daca6bec16df33e1e6c8010a2cfb65cb3ed705a58d8e124a2412973890eff528e526b41f2e82df13c3bce7c4d93afd14e47619531a61e08888b0888808888088880888808888088880a1eaa78e969e7aa931c91b1cf39f8004a8854e5c596e741b3dc3eee6ee1544a218adf6d95e5c4e319691dff14465e318fd295353c5e78d0df2e0f8cdcb496967b9f03c7bcd1c8467e9d42cbb295d131eca789c4318c018d03a16fa1cac5fbc02f6dab2f55fbcbc47dea2f6aacbe5d2614933fa930bdeece0ac9f28238fde7f3974ad25bd3f75658d73715ed36041ea11116aea11110111101111011110111101111011110111106d25adc97905bebf4526a88db416fe795a278dae25ad3d9b9ca9a4ede78a41cbe6761cbf1524b84c712d1e0cc5d235a1ad19e518eaa2b2e458f7c2fe85b2f127c6a51d5625b8baf8677f37711999c5bf82be84924d4f52d99af73e9dcdf2de3e0ac23b4d7893863f14edcbd273b0c1a7f5fd342695eee8c925665ce0d3ea467aabf047e553437a85d2895bcc5ec39ec0acf1ac314e69e16c2c0d04bba939512b86127cb8b3dcb41faae65abaf1f0444448888808888088880888808888219f4ec7b278c877972639867a154e3c4cf0c9b41c4ceded5e87dd6b0535cede585904a580c94ce2300b4aa9750956d90c65d135a5e31dc03d3e8a2c572c669f3e8f114f061de3e186ed7ed63b5368abd53b633b9d2177217ba9d87afa0f82b52ec9f11bbb5c3ddf4d3698a8b8b62a4973554738221273d9ed3fea5f545be596d3a8a96a68eed46cbfd8646164f495510c1c8eb80559578cbf02fe1c389b35b7fd23491ed6dce70e799691b92e7fcda31eab1cb0d78e3cb8acab02ed078b46dc6a0750d1ee1e998adf780d0d96a61880a78cfc7255c16c5e247c3ed3d1c0fb7ee95aa899cb9e68a40d767e055b077b7ecfe7181b753d6c1a41968d7ba329de4d34ed7725439a3b6583bab6fee4f87df159b7b0d5d76a4d8ed5becf07f2953153c823c0f5e830ab73b19db94642bb8de30db55a3a1905af555cb524c410d31b81cfd15a2b889f165deedd235b6cdba7c1a6ecef05af9a6716cee1f82b4fd65b6b686a8daeb6db25aebe2761ed973cccc7c8abb67047c1dec06e38b7eb5d77af2c773bc1702eb6bea831c0e7b16e545ced57e76a92b62f86fdd9e2bf5bd2dc2e905f6ae9df3096a6e1203caf6e7ab727d0acabb87fd90d39b23a1ecda36d5434d4313236991b1b71ccf1dc95def41ede688db1b1d15af46dae8ad3692c04796c0438fc79977c6d5d2bda672ef3b1d323b857c31d76d71e9deb426af363d4ef6baa5f1324c7bf9ece5e99a7b57694d17aaaff00728a081f70bb39a6aaa00f7a723b64fc9529c1ab34b57ea59f48d2dd28a5bf35be63e26c83cc8cfc08f45d9e9991544d511d4b5f2d4538e847757f9746d729b7d7433329e40e68b63e9c4ec963ea64908fb87e8b169de9d395bc4478bd689b75352bae141a5c07dd299e32c86312024fd55ff76a35c4efb555e85a49c7b508e4aa82698e1ac94b480dc9f81c7454f7c3270eda5f66371f70f7b3746e16eb8eedea5b8195f3b1e088a97b7213e9d828b3e93eba1f8aa7871e8de2876b6b75eed85a692dbb8fa76de2487d9d804973606f563b1df002c1aefb659f4bea2b8e97afa29e92e74ef7c7590c8d20d3ca0e0c633e817d3c34eea089b6f6dd2db3525c0f9e58d8810e0e89c7a870f8616285e3c1c06dbf6935a527127b6d681168cbefbf766c0ccb29ea9dd5ce763b055cb1fb45c7ed8dcc7414d14315346c0d89aee76b79bd5714b70305482f639c58dc4647a67b8513ed14c18253337908e6ce7a11f152eb84e1f172b59e64780e2ff403d16594659f9d3bd6cfee45c76b75c59356e9f9e5b3dc68ea9950c962710e18702467e990aba3c44f5c690de8aadbfe24f48d5422fda9e963a6a8a1611fa8744d11b9c47c4904ab6bcd0529a06cf1019381907392a2a49aba6a3b5da19513ba08f2ea66b89e5833dfe9d5462accaf95c13c86b2dcca98073f2bdd04ad3d9847aab85785d6bf668fe37f8759e190d346fbe40ca8e5e8246f5e855bb9f50f99869a86092110b89a9c8c79cef88f8aa8ae126edfa1f897d9ebbd3b9b1ba0bb53b860f63cca25ec9eee3eabf67aa65c5a6e10b0361958d737f1eaa78bcf36a6b0dc36eb4756c99f364a085e73f12d0bd0d7663e3d3e3f0444565c444404444044441c5348d8da0bb38271d15bafc416114db6db7944d7e5a75c5a1dca3d41982b8a4d18959caefbbdd5bb78d39c6a6ba6cc68c8c19ab2aaf70d6b616f573bc9901c80a9978c39a2e0745fae640e270d644d8da3e1d029a7652aa163608e0a769e61e535cff521d8ea14d7bab46984e844452b88888088880888808888088880b6b8e01e995b96c7f6cf441258dd2c350eaa91ce7d3d49f29adcf48b1ebf8ab0af8fa6fecda13867a5da9b6d7cd4f79d4b7265b5d0b1dd6585d8ee3d4655f9a4923739d49cc0d3499707fa40475ebf0cac3fb8efd513f1a7e2c1b43c3cd339d72d3b64f2cd588fde6452324fbcef87659656eb4e4cf3eb557f5f0abe1f99b0dc17ed5e9eaca46535e2481b3541230f7f99ef0cfe6ae3748c6453cf0ba3e595a4e0fc5abaee98b6b2d16cb2586df1735be8e8638872fdd063606ffa9766a69193933f2797391820fc15a4ed7e3c6ed1c888aee8111101111011110111101111011110111101111042564af898c73319e60141d63db49510cd4d1f992bbef803a90a2abe1926843236f33b20ada455c33534b0b18f01a03b98aad8c72c6ed686f14de1fef7a8f48695e24369193526e8e82a83718a18810ea985dfca8ff241556bc17f12ba7f8a6d97d13ad2845345758e99b15d694b879b1d43461cd907a76556b7fb7515fa9ab2cd72a4a7a8a0ab8dc2a232326468fd903e0563d3bbba0f5e786eef95cf7e36be96f579e1bf535773ea2b4d1b0b9d6a91cef79d1b3b068e8a965fa63ab191351431d2c3e4c150eab67313cce3923e5f828d07201e8bc6f67b7a3416f0683d2fae347dea86e369b9441f0796f04b4fab5df0703d0e57ac0ab02a4d3cccf2a41f7727ef2d2574cca2351114ae222202222022220222202222022220d080483d56a88838dd8c91d32bac5ead343ab2dd5f67b95a6d971b6b8164b1d5b03db20f860aed4467d7a294b68fcd654fb4c7e6389f7467bfd70ab94eba67c98ed67be293c19384de23e96b6be8f4cd2edf6aa7925b574110630c9e85dca3a8ce32b17ae2b7c13b8b6e11752dc75ded81addcdd30ecca27b3134e6068eb920fc30be80e5b57ec5253b9e68206751e50079be472a91f8e2df2b470ff00c36ee16bcae8686789b6a94f9128c82ee52006e7d567963d39b3c1842f02fbe3c4a6e0ee8c7b33aa3525d1b434599ea9958e73e48433bb39fb2abed51c6e525835aefb4905c18db4697a0640c879ff0094a804b738fae150d7089b8627b77139c40575c25a1b9cd2ca2ded8f01b1b9fcc5bd7d02b57dcf5d5e2f372dc6ac9ee42396eb397d6f3bba4ce0ecfe3d5676d8cbc64e1e1cd4777dc1d2f7fdf0d553babf595eeb9d57139cecba087380dfe0ae75cb48c7d456415723ab07f2ac056227c27f1fdaff0087a9edda7dae35fa6df2b4181b92e0df837e4b24be1e38aeda7dfea215fa52eb494d7d6b03aba8ea240d901c76c2b63945b1aaa0a3a9ada2ab86a68667c61e398e0ffa96b54facb9563e5af979f1d4027bae37be9a7afa5a886610c727ddc9e83a7a2915cf52d834e4eda9d4774a7b64734c2184caee50f27b6169674b59a7acedfee05cf4cd6490cc5eda1ce07a745527bb9b79a638aee1cf5dedbea4a482e747534323a06380389034907f3c2a2a9aa227b18e3fadb7ca331ccc3969fc55466c56ba9ec37d86c558f79b74e03010720e7d12f658f9ee6ee6d7ea2d9ddc8d55b59a8684c373a1b9491794f6e0fb3f39c7e18c2926aed17abf42badd36a6b4cd456ab831bece5cdc02cc74ff003abe5f8f7ec250edaf15d4bbab698792dfa8297da23f287ba08c039f9e5776e28f8758774bc29f69b884b5dae9997db2b8435ee0dc3e48c101bcbf3585c7f195c7f18ed5446c8ea60b741811330e3f25340dc9c63a7f9d49639f9ea62a86b5ff00d903cb6e4756387c544c95cf86199fe4be4923788f907771f88098dd231ba4456caea781d233ef760bd0f87b91d4bbcfb5f531e39cdea01d3d7de0babd7e9dbed258e82fb72b2d753da6a8b9b148f610d71033d0aef7c2f5b25baef7ed4461a7f597a83958475fbc9add4653fea57d4ff6324336d2edfcce04136ba7383fcc0bd61797ecf42fa1dbad176d919c8f8ed74e7fe605ea0bab1f1e971dff00911114ae222202222022d8e241040c9c2838ab4c9533d218f9268e2f35c09ec31d3f3445ba444f33616173bb763f256e3dc031eb8e38369b4e5adc6a4696a0aa92e4f03a35d280e6655776a6d514166d1f5ba9ae64d2504513e493988062001ea7f1c2a1ce0a69aa75c6b1dd1e21ef9192ebd541a4a56483f5819192c040f810015158e796eff8b8440c34d2be095c5d51213276fd93d94c028385e2a0f9f216bea06580b7d1bf05183a00a635c3c111116111101111011110111101111016d7630738c0eaa19d50f13ba16c4e20379b9bfd4b6c533aa2394be231003f68a8dab728f13e22770ad3b5bb35afb5fd5b9b052515ba691ce63b9419030f2e7f1585f7013b7dc696fa6f76ee71b9b0745a66bafb1dd27a2a782b600f75410ee6c731207657a6f1f6e24aab6f3866a2d9db05c3f47ea3d535029626523bdf94070183f9aab3f090e1d2d9c3ff0008db736ffd1b0fe96bb524776aeaa390f6d4bdbd5a7fc659593e5db93daf74e0f771f887dd3d1b5749c426849f436a7a379f34d262364ee1df0013dd56c52d5c734ec8d94ee80359cbeff571faae1920bacd135b0d6c96ce47f362103120f9a99794f7cecab91fcd2f2069f9ad1b618d448cfa8c2222b371111011110111101111011110111101111011110111104b2b1decf554f7081be757440b638bf7f3dd751d65b7fa6b5c69dbd693d59454b72b45ce270a8a491a0805c3d3e0bbe3a20e904a3dd940c35dea142fb0f47974cf7ce4e7cd3f787d156c6570bbdb1e3dcbd96e203c38b702e1bafb1105cb5b70ff005b3896eda58e5f2d1459f79d4e0e4fc4fba15d8f865e2b768b8a3d21475fb6b7c636b9ad02e16faa772d4daa5f563da7ae73d3aaaa1b9d0d25da8aa69ebe923bb6018dc676f372b4f7002b3df109e1c9aa3486a5aadfce0cef955a275bbde6aee167a57f974b73783922460ee4aaf9d319d5e97a689bcad68279b000cfc57267a81f1565ee1f7c50dd6cd474fb3dc5c694afda2dc60ff666cf52de5a795c3dd043bb75efdd5dfb4cde6dda82822bada2fd457eb74cde78a681c0b5c3d15fe51bce58ec60e4656aa5625a912be57022303a4208c9f9e7b2dd4933a69a7779dce3fc191831fc94ed69926488063e25116111101111011110111101111016981927d56a883661980d77bcdcf558d6fda3fdd3ba692e1b34ae8ab6f3d3beed77f25fcaec73425bebf25927d41c4321c39c307a03827e8b12bfb4d6daea9d1db3953054be4a7656358fa6ecf8c06fde27b154cfcdb0e7f189be9fde4b8698d09aeb68a918ea1a6ab9e09dd334e39b03a85e42d9a95b4bccca6755bf9f99e718c9cadad921aaadbc3483387b98d6cbcbd43b1d1bf355ddc24f8797115c5adf682d9a13495c2874e991bed3729222238db9eff3fc172cf5c33bab9c786f7009b0fe213c386aab05e676e90dceb6579752cd00ccd24619d010304373eaa80389fe0b78b0f0edd58fafa8a0bf1b1435a24b755d08798df135df7a47b7ef74f42b351f0c2f0b7d33c08dbae1a825bedd2f9adae34620a973dd98403d4f2b7d0e55c8f76b61b6e77b34756e89dc5b05bf51da6689f10f6985af7461c3bb73d8adff009edd338ad9b616bc1378925877126b2689dd29194d79e918a994f2073f1df0aaf38e0b5bf52f0f9a9b58d86b4196d4c35b45340ece5cd191d42b7a78adf848eb6e0fb53b77576759739f6d27a875419e987bd4249ce091e81537eca71fe60d92dc3d85dd715372824b7c8da2b973679e4c603093eaabbbaf8d67bbad55c97c39b8c9837cf490db3d6d5b1536a2a268644e95def4847fff0015d5ad75b5f64aaa3aa738b4d3cb9e61fbbf158406ceee95db69f772d9ac2c358ea1a386adafa90090d7465dfe7c2ccab6ab71edbba9a074cea8a6963a8a0afa38f2e8cf50719fcd4f1e5b9da70cb6a79f1cfd2116bfe0e36e374a0a7f68be5beeb0504cf0df7835e73fd0ab4786ed90875c783b5c346dee8b9dd25aa4ae8daf6e7386730ff32f30e2f74ede376f842bbede53dbdd5b70975052cb131adc90c6f4c80af1bb47b7f168ee0c2c5a14521a72dd1d20998e1821dece72a64ec91f2f7d51492d9351ea4b5794633495d206023a340710a534f031cf82b3da985ce8dcf7349ece1d97afefc50fe8ddebdc6b741131cc1729860fc39caf258608ea2bb9a2f2e3858f0d68c743f15cff00ec61f6bb5eff00edfba3f0f0e1c75e414ad15335deae3aa73598259c831954cde1f5a664d67c6bec0e9fa78bcca437a803c77f5cabae7177626e98f09de1d266d3b79e7ac9a470230002d1d42a6ff029dad9f71b8e7d215f140f9e9acfcb74247a107183f2eaaf276d2be877a7a90d250dbe16068862a58e11f22d002ec2a5b6e963f2bd99b80f639dd31d7ba992eb8f4309d08888b08888088a1aa276c2d070e2f2795a07a942d73b8743d7071dfe0badd4d2543e37d34f53c9164486a41eb275c8667ebd16b57535d4a69296abdd8a576455e7dc77f8807c552ef137c44d0eca69ca4b55ae81f7ed797090d3dbecad3cd2caf7741260760339ebf055caf4c73ce3c4b8b7dc9bdebfd4fa7f864d061efd61777b2a2f421eada3b7670e248ec721571e85d19a7b6ff4bdbf4c69ea6653b6dd042c2d6f691dca399df9854c7c2bec5dd76fe3bd6e4ee8196e1ba1a8b324f709fde7d0b1dd452b0f703d70ab7851c6248e56601f2cc6703ef03ea7e6a27bb678e36f6e1a48e4a497c9680f8a5fd783f027d14d54151527b24422123e400f42eea7e8a355a46fc78ea6844452b8888808888088880888808888215827754cd920421a3949f42a5c2690d356b6b1ed8a99ad27cc271d173dc9fced8e9237482573fa907186aa3ee3c37c28f874e19771770eaeadb11a7a2945b9dcd8f325e53807e3d556c619d630fc585e6a3c41bc54742ed569e927b8e90d395ed6b18df7a36c90bb32640e9d795662ba574f5bac362b369fb340ca5b251c11c4e6b7a01335a063e9d162f9f67df65ee3b83acf78b8c1d5f42ef6eb8d6492d0c9233dd639ee3cdcb9eddd654cf269eb21634c2db7c9087b863fbee567c73ed961af53544041ea116cec1111011110111101111011110111101111011110111101111016c73b1d16f4412681c29aa6a831e2a5d21c7963b85bdbe4c66483c89a173fe032a62218c3cc81a03cfae3aae41f451a6730527efb70a3b27c45596ab4dee669aa7bebdc0f9156d8c472d1bbd1cd7b70491f32ad4578e1ff008e9e062f4ebd70fdaa9dbedb2f4ee2e96c57099c6aa9e1fdc85ad04b8e3e256412d8d8de60236027b9c775c52450303b9a6651458cb9c1aab71fb533e2fb8b6070ff00e279b3bba5245a4759b2af67770e1221a9b26a667b2be69074262cf570cab95d8ee36fbad3b2e56fbb535c296668731913839b1fc810a92f7ff824e1e788f866b96b5d134d437260222bd5bda21a963fd0f3b47377f9ab704dc2f71d5c2056d6ddf872d772ee9edd17fb47e88b9cfcf3728fd96be4248e9d30a3b9dd531cbe3eafdfccd0794b9a1df0ca17b01c17b41faab31ed8f8af68465e22d13c4a68dd5fb2db8b11f29d2d4504aea273874cf9d8e4c7e2ae7ba1f72f406e651525db4beb0d2f79825607b1f4958c91d28f8f283d14fcff001a7f6fc7b0e46339e8b687b0f6734fd0a9748f2fe6e57ce58d1d5823cf99f2cfa2e1647231bcf4742ca497d5af97995b6bfcd3945014934af718e77b4ca064b43718fc547a9956c72dc11111222220222202222086ab6b5d4f303cdd5a4741d7f058f678faf0c1afb88fd85db8b46da69baabfea1a6b935acf676174adf77f6f1e8b21b2320850735051d4f279f4d0cdcaee61ccdce0fc5572c7734cf930f94d3108f0fafb3faf961d39b95c5254329ea1ac05b68634626f9499c10b2a0db1da0dbed99d356dd19b63a46d561b4d3b033d9db106bdb81dd87bbbf15ebde5b0f2b5d18207503f756fe40646c98f7c763ea12612293864f12da0797ba40f2fe607043fa3c7d47a29990394820e30b6f96d04bb941793ef1f52b930318f4566b8cd3cb773b6eb47ee7e91bc6dd6aeb2437cb0dd29df0cd4f2b038b320fbcdcaf9d978a8f013a9382adecbdd2514067d99b94ef9e8650deb148e3d1b9fc7e2be91991ed64b9ee13b01735c0f5c7c15b23c517845d3dc5bf0a9aa6da6df4f26adb631f5748f2c1e61735a7a03dd659e32c73f2612be6811c73323968272e6bc13248e3fe0fb8fe0b26af08fddb9354ed8d7e86ad95d53351bb9a90b8e488c0e9f82c70751e92bc693bfdf34ddf2134f79b7554f47231e3ab807168cabb378386a4ada7dd9d5f4ef706530a014e19d9a0f377016385bbedcf8db1984f0a16cb2eafd55fa1b5451455142c89d38639b905cdecae1bb8f55059f6c756d5c31471d0c768ae8a268ecd6889c02b46682d7d70db6be3ea6dcd6bcd653ba9811d794bbe0ab7788fdc5a8db4e0e35eeaebd49c9cd64958d7487a8749111d0fe2b7d37c6f4f9a9710774f3f7bb71ae0c687b1d729c0ebd3ef15e6969a39aeb5961a5a219927ab635c00efef2e6d555525e3556a07d43cba4f6d96b0b9c725c0b8f7f8af6de13749546e3710db5fa4a0a52f1597ea361606f4e432007a2e79eb925d5ed918f8add968b6f3c367847d1b380da8aab732a31db04c40e576bfb31fb293b6bf72b7c2a29f9a10d7da61791fb47a8c2ebdf6876a22b268ee1976628b26b2df10a7f2dbdc6581a07e7857c1f067d80feb1fc15edec1554eca1afba44cb95680de57f9a4740efc30b4c71ff00a6f8e3ff004bb75ba9fc9844af68f39c4e4fa9eaa64a0a92a3cf69e61caf69c631d946ae8976ece3d6ba10903a93808b8e560918e613ee9e85176ee66e01e66e3eab777eca402035127b2cb9829e21d1c7d7f151133d818d999716c74e3dc05ade6c1f4cfc946d97f44db99b9c6467e0a53570ce6a39a31ce1dd01ff0007f3523d49aab4e688b34b7ed557bb6dae9a3613ed13bc3011f2cab78eb2e2c77177c350cfb65c2e51c9042e8cc771d5b55072c16e19c1f2d8efe54fd136ae7c9d3d9788fe25b4eed5d341a534ac726addc199c1b496287df92194f69081d719eaba670ebc3a6a8aebf54ef9ef6d53afbba95c0490c32fbd15ba9fbb63603fb40673d1771d8be166c5b475afd457dab7ee56e6d67bf5976abf7dc33d4b99cd9f2c0f82ad4a78991451b1ae0f00743fe755c66fd530c6df5278e681d2ccf9992d653c9207c381eec67b77f42bb1039ea17088a18d8236c6c6b3390d03b2e603030aedf0c7422222e22220222202222022220222202222080a89db4e6a6a2a9bcb471b01e7f812b154f1fbe212fbab6f5b43c1d6df4ceaab8deab237cec63892e697e08207d56503b81a96d3a63486abbe5e67652db6868a4aa95ef386fbad2403f880b0c8e0a6c77ef109f14cd53bdfa81b35668cd3d59216193de8e031bfdd6b73db2067a2cf3bf4e3e5f594b7027c3ddb7877e18f6b741db69994528a18a7b9168c132168241fc555fc5053c4ea89a67f342f9b30f5f4532a7a6a7a6a78e9a9dad6d335a1ad03b7285cbe5c64347230b475031d95e63a6f8f1b900c7644452d44444044440444404444044440444404444044440444404444044440444405c13c6640d68f288ce4878c823e0b9d111625f18125407d3327a4a469c3a0711c8ff9add2b793cc99d0c2599f758c6fbcd51c895598478c6e46c4ed7ef45a66b76e468ad39a92daf1ca62aba70e791f556afdc0f098b7592e557aa385cdd8d7db477e63cc94d43055f25bd87b86f20c9e5f92bdb3bb1fa2ebd41339958f8db9731c4e7fa55329e6d8e7c73736b1f5b37cfc4cf864e5b66efedbdbb7b746517deb869e61139887aca5e7af4ef85509b61e2c3c2d6afb84165dc0b95e36bb5b3dc1bec37289ccf7be1cd8c7f15742b8dae96a819678e9e68fbbd928058e1f354e7badc26ec16f451cb06e06ddda352c4f180da3a66c3c87e52c603bf8a4c6cf1170b3c7b3e91dc7d1dac68a1bad8750d92e549363ca30ccd739c3f3caefce700d04901a7b1cf75663bef851c1a4ab6a6ffc39ef16bcda2ad1931dbbcf7d4458ee00f31c5741a89fc53361a433d6d2696de9d234ff0075d5b5062a97b07c18c1d4a7cb5ea71e4b3d5f6cb9ac6f3bf0d68f53f05c6da88243cac91ae2acbba4fc5523b4b5941bf7b1bba7b7f778ddc92d4c76a90d1b47c4487b855afb79c7570bdba54d00d39b95a77db5c0669eaea1b148d3f0214cc96fecace74ad690dc804f6f9ad1f346c697b9c0003a8caea3a7f50daaed4eea9b55e6cf5b13bde6e2a01e9f2f929a31d0493991d474f3cc0f411c9cc4fe09324ff4eba4e2395b28e66383be183dd1b511bdee8da72f1e8a066f65ab7b628e19682703d42e683cf63c412301c0fe507aa9df7a4ccedba47839f8844452d44444044440444412eab8dd036aeba26f9f38600c8c7a9ca965c2922b918a9df49cb472d339b3348e85c7d0fc576450f570ba781d1b1c1ae3d8aadc59e587dc7ce8fc717863876078c6d4773b5d39b7e9bbc3057533c0c365908e670007ccae9fe0fd412d5ef2dfdec90b691d462595dfba39bb957c4fb4bbb450ea2d1db73ba5450013db8be2a9701e9d07756c0f068d06eaafeae75f9a774742f6fb04671d09073d16167fd74e2f8ffd3220d2565371d5760b7380ab88d7c4e69ff133d4a93f8f36f0bb6af82487474358ca4b95dc362a5881f7a76b7be31f25ee5c32e90a9d4bb8f1d6d512cb750b0caf71edca3e2b1c6fb433c54b772b884b2ecf586e31d5e9db0c4de8d7e5ad7b860ff995b2eb1d55ef518e579f3cf052dde4696544d3986507d07757b8f031d9d8375b8c7d2f7aada1125aad713aa84bcb90d998e05a0ab25cb4b2b0d3c0df7a0f3fcc0075f45990fd9d6d9587416ceeecf12ba9adcf8e96a6279a72e675858c04123e1d9678cef4cb1c7b79d7880e8eb8f167e2d3b6fb416da692fb65b6ba09eb9b1f514fc84139f4f45971689d276fd2168b768fb3c422b0c14713d8e68c08e46b40e4fe0acabe19fb0f5da937a77e38b7dc4b6cb26a6badea7a4b2b656f5650b243e5bdb9f883dd5f5ebfdacc2cf648f94fa86f75d18f4e8c26fbad1d554d4f3c92c85ed7b86301bd3a2983266bd824691c87d7b280c8863a613cd232523de25a0b73fe31f4521bbdda8edb4cea9bc55598528070e3501ac1f539e8a7e4d267ae9dbf9c7ba72034f4faa86ab9bcb89d8735b21c86e7d4aa38dc5e33b87fdb4a5969ee1aaa2d71758720d9ac6ff689e177ee80dea4aa681c58712dbef23e87870d98bb69fb4e706ab5a53bede236fefc6e23de2145cd19737e2e67a9b5458f4e595f5f7fb9d152524039ea9ee9034b00ee707baa07d65c735aaff779f4670c1a6aa375351805aff2623e540fedcd213805a3d70a59a77825d6fb8d5b1ea5e22b766edabea9ce0f92cf452f252c3eb82f61191f555c1a1f6c76eb6b6d74d63d11a76d746de99a886269737e464c649fc52db14ed431a6384ddd7df3bed3eb3e29f5756089a79e0d376d7965bda3be258cf527f155f9a336eb48e86a486d7a5f4fd96db6c846194d4f16181c3f6cfcd7a6818528b77f2d55f5533169fca4a86a88677b3cc6345234b81e583a3a43fe39f829d401e236f3b58c763a86f60b9914e9a6386844452b88888088880888808888088880888838e49191b1ef73b95ad1927e0b80d5c3e6363c92f2ce7c7cbbe56da931c8e8e91e7f963e5827d0a925c2b45b2df535d3f2b23a16b9d3c8eec183ff00928b59e59eae963df1e6e2ce7d95e1727dbbd257014facb54385246d8dd893cb2463f3eaa65e06fc2bd0ec870d541af6ff004be4eacd5ce172abf307bf1f4c633f3ce558ff008a4d517df138f141d23b4968a89a5d0166bb0b754f27f270b617679fe1d718cacd374368fa1dbed2560d136aa386969686922a284018c421a039ff009854d6eedcfd5cb6f4a68680030e59e8b550d4b1b228638a293cd89bd03be2144ad23ae782222244444044440444404444044440444404444044440444404444044440444404444044441b48273d7a7c16d6451b0f306303be202e4441c52b4be3918d0c24f4c3c647e4a04d25418b31ccea49fe109e56fe414cd1116255fa3203fac9a4a974e460bbcc3d3e8b5652d45306b69de2a22ee4547be47d32a688a348b8474bbdedf68fd54c7b75569bb3dfe37370e86aa06c919ff925521ee3f87170b1b8d24d513e80a6d2754fea65b19146ecfc72d0abc16d767d3ba5911709565bbef8606a6d1f52e6ec6eff00ee069597398ff4957cb551b3e03071d14924d0de2a7b2fe550e9ed79a47782d0c39e516f6c12bda3d3cd73ba157a29ab6689cfa7ac899246e3f79ab919e7c7116d155c7521dd7c997ee95598f6c6e325dc59ca9f8f1e2ef43b63b5eee708b7e645163cdb952d7364047a90d664aef1a7bc5e787e6d48b36b8b1ebfd1f74610c7f9d66a87b33fce0dc745748ab9627b79268ed62623ab1ace61f4eaba76a0dbbd11aa291b4d7dd2ba5aa23901cb66a71cd28fc9566f6ac965eabc3349f1f5c2deb26466d7ba165a573bf66b1e2070fa87e17b85a77c36b6f6f8cda35f692b9d3bbee986ba3713f802a9bf557877707bad04d2de3642d505c64c9352d6728cfc7a1ecbc3ae5e12bc3f7972bb4dde75a6836f788d967e5747f4e62a6fc96f9e5f4ba3d2dead959189692be9aa633d4398e04288371a5f473dc7e4d2559f2b3c3437474ff2cbb61c636f8dbe06756c174ac6727d3dd1d94aff00ec61f102d3af32695e212db7a9983a0af99e41fae025ce9972e517988ab5b2c9c82295adfde70c0517e633f7d9f9ab2f416cf179d1ee33d3de761b56d1631e4d4fb4389f99c0eea306f1f8a159b1fa736836b2ef8fbdfa3e19bafd3994ccbb4ce6abc8c6f13cc61639824ee3de1d4284125c8c8f60a6600d38c972b3cb38a5e3dedd389ab38617dc8f29e6651c27cc3fcdc9c2a9ae1c37e77cf712e92d2ee2ec66bedb76e7066b8b1a22fe04953f22f26fd57db4b8b5a5c00763aad9334ba321b27947e2b7464963799cd71c776f62b8ea042e89ed9dfc90e30e3f0566ff004b09f8ff0058a2b9705ba82e7040c35c2aa0a7821c65d339cec642b7af87b6ce54ed1f0f7a4e824a3636ed71632ba48f1cae6970ea0abe0f8906da69bdd6daeb6e8dbad438c5157c158184f47b58f0eeca89749d8e92a6b2db63b5c86df43135ad649fb3142dee7f20565f1efb7159dbde2ebbb7a73861e17b7437cf5255474f11a2969a958486ba494b4e037e3d57cfd377b70ae5bc5b9dadb5b5fab5f3d5ddaaa5a8a696439e58f2486f5f92bdaf8d371c36fdcad4941c36ed65c5cfdb1d30d0eba185feed5ce3be71dfae563e12c71ce239e0772471912423e0d77a2cb3bbba8cb2aedfa1b4f5e3596a1d35a5ad34d2d4d75655c54cce5192f797805b8fa2fa6d7055c39d9f63b848d33b375f48c93f485a1acaa6b5bcbce656027f2c9585cf821f09b5dbebc5bd83545cedeea9d0561636eb348e6e59e7838e5f82fa0cc12454f0d2db69e9f9aa220238891d1ad1d969c737db4e2c6ebb53c6b5ddbd92e1474959e87514d51678e9e9db07252d1ba573da074f75a3a954ad53e25f69d415525bb6536cb5cee55c5e711c72d04b48c27f9ef680ae13abf6e74aea9aca2abd616265c2be2eb148c6025bf9a9ddbacd4b6a81b434f0daec76b03dc2216890fe415f576d2cbe2d8a75978856ead43bf43ede5bf61d927f21535f3475ec95a7d5d1b4f4c7cd4c68380dd7fae2a5b73e23f7cf516b1b83fde3069f95f6fa707e7182410ae7a4410f2411cf3470bffbe7f845cf1f9317f62d1b5d248eeef21575fa8b3f54ddb61c1d6c46d7360abb468bb5dc2ecd1935b591896779f8b9e464955290dba2a38c36818d6463a3627f56347c828ba58e58a2e495c24767be5452d74e9984b1286dbdd2b9efa96b2293bb7c8f701fe70f55b196c91cc6998c6d99a70df2872b08cfa81dcfcd4e914693708da092092a029696585d339ee1871e98531452b6beda0e8005aa220222202222022220222202222022220222d0900e1043d4323c79ce6f348c05ccf9156c0f153e2968785fe107702fa2e11c5ab2f509a5b7c61fcaf7e410e70fa655cd6ee5edb7d54d1cbe518d85f9f4c00b096f16cdd9d43c7471d7b6dc2e6dc56cd71d2161ab64356c81c5cd7b9e473e71f03959f25fa73f3e5a5677d9f1e1925a8b76b0e28f5dd23eb751de6be4f6774acc39cd27984a09f8e56534ea3a996a9f5351331d281e53081f7623dc7d7e6bc1386fda3d3db07b2bb73b7fa72dd152c76fb5c34d3e072f34a1bd495ee6fadac92133b58191e7ab81ca61d4d5531b24ed37862642c11b061a3b2e550d48e2f8237b8f33b1dd44ad1d53ce84444488888088880888808888088880888808888088880888808888088880888808888088880888808888088880b4e87216a8821e3a68e3c868c8ff001baae092df4f2bb987346ef8b7a6547a2691f18878a9e28981ac6373f17004950e617c550668e381d1632f0f70e61fcd0a29d344d91ac73c35c7b0cf7526badc6c76c91b5979ae8283c961707cb308d8d1fe365478a67ad2369445719279626cc1d18ef265ad0b89d50e644d7d5ba07c4e76016bb0ad8bc4978b9706fc344d71a2d49b8b45a8755460b5b6fa2939c13f024642b206f67da68a8ac7d7da367f6d2dd657467105557b1b3c6ef81e5042ade48e7bc91978cf4f4ac0c94d44ae85c70df500fd5734629688b4c95144d7fc7cceff0082f9f0ee378fdf1cbad04d4d15e74b414672182dd4669cb07d7995374be2f1c7257bdd33772a668ce3064774fe2b3fe937d2979a4bb8fa5db26321cb6a284c7f132632143cb55187100d637d3223f73f35f364b278ccf1bfa72a0492ee10ad701d1b2f339b9fa6555ded37da24e3434b4d147aa67d25aa6d4dc0745ec64388fa97299cb169cdbe99ea17cac9cd48a9b6ba6031eecc33f92e68457c65eef2e3983bfef99589c6dcfda6cd2be5b29370f648415a480e9e0730348f538caad7d2bf6833831d41451cba9ae35ba4252065a1f9c7e415a6734b4e48bf8475b51554f50da6a6a88a789dca7998403f43ea8f9e29290baeb3c76f88757971c642b3841e3bbe1f2fa267b4eedc90c61bf7431e0bbebd3baa49e25bed0370c8dd39596cdab74fa8dae8cb3da73d47e7d54dce26f32bab8a8dcb9f53eb03623ec6cb7d3b5d147530c9ccce4c63de3e8ac23c76f889e93d87d137ad0bb597b6ddf74e480d1114ed0f8e9623d090f1ebd55b37894f15cdd1dd58eb6d7a269aa3405926cb5f565dccfa907e18390ad4174b9566a1ba54deaef777d6564ae2e7c92e5d2bcf7ce7e1f258679b9b2cf48cadacbed6dcc5eb50d5ba7b85ce575455f33b98bc924f5cfd54b6d34afbe4f71b75be19a4b91a86434b1b5a492e73b0303d541c555155f35da5a97d53a27796c6f5c67e0af49e0c7c10dd789de23ec5acaf96591fa0ec330aaac2e88f973bfbb067b1c10a98cdab8cdf4cadfc16383fa0e19b855d3b78be51fb26b5d491b2e35d33c7bc0387f27d7b7c55e98471bda08681d300fae3eabaa58ad94768b652e99143153515331a208d9d030818c2edecc06b401818edf05d98cd3bb87171c7188fdd6971ce7a9395c54b470d24af9a30e7bdddf9cf30fc8a8b452dbe310a29206cef9b97df77707a8fc07a28a9499631139c43076c0c10889a3e31c30c0c81818d2e701ea4e5732222641116c748c6fde7b5bf541bd16de61804751f25b5f247134b9ee0d6e7b9f8a0e444041008ea171b6589ef731af6b9edee07a20e4444404444044440444404444044441b4f4ea4901403455493cd2ba51152c272f6fefb7d144d531f253cd1b3ef9180a4f5156fac7d2450c9e4c0d6f97393d012debdd572ac3972b2f4a2be3f389da0e16b864dcbdceb85dadd497534b2b2cf4d3c818f9a4e4386b41ee7e4b1d5f012e1a6e7bd7bafb93c62ee150d6bae73d4cb5b6f7ccc25b2bde492d04f4385e4de3afc515cf889e20b48f0b9a22cd55a9e1b45c58c3494920f7a5cf778f51f25758f0ebe38f85fd81da9d19c35ea1aca8dbedc085ec8594f514cf8fcda827de1ce4007aacfefb616eeeeb20aa60cafa0a564cd31cdc80cac03058ef50a3a285b1c6216e79074ebeaa0ad33535751535d696713c752c6cc1e0e5af04770a68b5d7ebaf0c67ad0000000003e4b54452b888880888808888088880888808888088880888808888088880888808888088880888808888088880888808888088880a16aea9b471f9af867a807dde48c65c73f0514b8a6648f0046f0c39ea7e4951978b4f71f5e27db2fc105a60b3de2b2ab516b898134f490343a781c7b19076002c38b8b6f170e2b78b7d6375d2d64d575da6b4acc7cb821b539d999a7b35f81dfe8b3a8e25b804e1938b086ba8777f6d69ef12b984435ec98c7331ff12e6f5c2a7de1d7c243856e1abdbaf3a4b6facf79bfb5c64824ac8454741d872bc1ebf358e72b932c72beb0b3d87f0abe32b8989e92a63d0b78b0daaa8f39bdddf9c326cf5e60e39575dd11e003b41b534105eb8aadff00d3fa498c1cf50e8aad9c9f1e995efde273e255c5af0ef5f78dbad95d88bf6d759466192ff14064a7919dbdd672f2b3f058a5ee8f139c41ef4565c6bf566e8ea2bd3e49099a3f39f2301fe66703e8b3ce48c6c9192fd6edcf820ec0ba4a5afd42ddf39e104bbd98c72648fa382f2ebdf1b1e081630f8eddc1b5def07b730a4073f3e8f58b8d555799087dc0c75d367ab9b2792e27e6028026695c1d0573a85a0f46e39ba28b9456f24646776e34bc1a6f934908e12750db2371c623a4196ffce5e6f77baf83c6e7bdd1db29f77b6de67f66434b10630fd4b95881b51492c7e45c28bdb5bdc48d7721cfc5720a93134b69e56329ff00c196fbdf9a8b9444e48bcdddf830e04b588326d8f13155632e69f76fd3451b39be7cb9e8bc1f59f8744f6ee6a8d2fc44ec5eada0eec8a86e25f3e3e98eeadaf2490107d88cf44dfda8dcf2ef30fc73e8a6541a8ef16f20db2e3556c907edb2471394b9445cf1aaa0bd706fbe56c8e56da74c0d551373e5be2765af1f11f25e6553b01bcf6e63c5ff0047cfa7a069f7a42301a3e2575aa6dd6d7d4ec0c835cea9a4781d5cdac930efa0cf452eadd7faa2e0e26e7aa352dd1c7d64ab7968fc33d54cb13f3c749ad6688a7b4c43f4b5de39de3b343f2ba33a2a49ea1f4d44fe4987dd7fa15b6aea9953279d535751547f77092d7d14ec8606d31a4634e5d2b465df21d3f059cb15994af45d8cda4d49bc5aff004e6d9e99a19ab6fb71af8e99ac8da4f96f73b024207603e2be977c01708fa1f83cd80d13a2edb470bf558a76cf72958d1ccea87005f93ebd563d1f677b81b86e7054715bb8163805c2589f4d696ca3386e7a4b83d88c2cbf69a9a1a58cc94919a993b12ee99fc17471e1aedd3c78820155332e51f33273fb27d54d19cd8f7861deaa1db13df2c73bf9a32075603d145818e816d1d98c11114ac22213804a02284154c2f746f26320f4cf4cfd16ae9a4e42e10ca7ae318ea5113288a5015bece4c31cd1195ce24347c0a8864f1f28f3648a07feebdc1a54b6aa673e689d0c4f788cf3970191855caea29c994d388453d2bfc99eb453c673cad1df0a1ea24a991a2215548ea60eea64c893f00bc6f7bf88fda0e1f74f5c75f6e56adb2d15153c65cd81f50d123881db9562efc58fda45ac373ba69be1fac0d653b0b98cb9cac69e57038e8d23a8f554cb29ed73dce4f597eba38239693ca96b5eff005e6fba54257720aa2690cb1499c38e3a12be774ef1eff10c37f17176ead1545ac3b99b4c2db137947c32af25c117da28a3d5973b2e91e25adaeb255544ada56d6b18d21ee240e77607ba0e556724bd2b3965fb657935455d3fb3c6d1e692407bf195371d867baf39d1baeb4b6b1b5506a5d257a8351d92b6113c5514af1244723b730e99f92eec2bff005ad88d3ced71ec485b474e39cfba982281156d354fa4682640398f551a338eaa5acf36d51110111101111011141d4d6454f0be72e6ba361c3c83f77ea88b74e5a8123e37c711e5791d0aa19e3a3892d3fc2ff0ff00ae370ef1591d18651c9050c65c03a4ab2d2091f9855af5b70642c87cb707195b98de0f45858f8e9713779e21f7ff004870a1b6f5b3ddadd4d531c3353d3f56c954e706bc3b1f0eea9c996a30e6ce7d37f81af0e9a8f8a4e26f7438bddd7b50bbd2d35c5e23754b4b9b2485d96bdb9efd16559b8bc1a70d5ba3aa2aaf1aef68ec577bc5306d552d6321e5313875ce5b85e61e1e9c2ddb385ce1a76df6e21a78a9ef1fa3d935d1f0ff007e99c39bde3ea7ae1576c541296433b6a25a7973c92331cdcecfafd14638f4ae3875e3669cb6d0d96c165b3db1ac8edf4d4cc8618c1cf96c1d9bf829d0cfaa868991327a86d3d1fb2400e1bef679c7c5448eaaf1d18f822229584444044440444404444044440444404444044440444404444044440444404444044440444404444044440444404444044440501522a5f3c51c350ea48c83cd20fd951eb85cc7991927386b1b9e98ee88ca74f1edc5da8dbcddab357e8fd6ba62d3ade8a661638d5c3cf8cff39632dc7d7d9f9d31a962bd6bde176bbfa8bd4b1e669acf0379629c8eb8681d3aacb0c53cae924f3246be17020b00c28716d63637b23e5691fc91efe57f4acee2e6fe56cd69f26bde9d8cdd1d88d695ba7373b464f68bc40e311134240931fb4178be4633d005f4ff00e33bc37f61f8c5d2571a3d5da7add43addd0b9b05e638c095afc74cf60b095e32bc17f898e1a3505caab4fe9fabd7ba1e22e7b2aa858e95e5bf805867c7639397ff3e5166a0414c8f8853dbb693d5563aaa9a6bb698beda2a227f218aa69dcd7fe4a123b6b248fdfafa38263de391d877e4b2b1cdfcefd44b4903ba647c47e6a3e6b6cf0b29da03aaaa249791b144d2e7387c4745c9fa26a23ad1435749574550c6974ac95bca5a3d3a153f1ab4e2c92d45abc358e7343b99a0e01f8ad638dd248236e1a49ee5554d5f1b091ea57af6c46d8ddf78374b496ded9a8e4aeabb8d741172b4766f38cff0005e4efa7229fcdeae90bb95807aac843ecf970f94db93c55d46b8aca27d6da34fd1b6a99ccccb1d3e705a4fcbbabe38eeb6e2c2ed9b070bfb19a7b87fd90d15b5562a58685f4f4503e42c6e3a9602ecfe2554953bdae686b46037ddebf10a02e6c91cfa68e16f2ca59ca5cd1d40f829946585a1ad0c2e680d38f8fcd76cf1e9714728e9d3395aa2296e222202145a1008c1412da98d93b99231a6a278ba3631ea7e6bc0b7cb892d9de1e34fd5eaaddddc5b3e92f2a2748ca67ca398e07c02f63d4771aab4d0deeb68a314f3c16f967648d192f7819195f326f10ee28b75f881e24b70e5d73aa6ed3e9fb7dceaa8a9e844ae113791c5a0e07d165c99e9c7cb96af6c8ff00895fb48fa1f4f56d658b6276fddaceb0e58cbc54969a769f43ca705599377fc73b8e0d6f535b0536a76e8eb74c0f254db1e58c8f3d9bca0e55951f2f991be394097e07b16adb0be3a689a208f0fcf57171391f0c1585e4db96f36deffba5c50f10dbc8c959b99b93aa35d52c8ec9699dce6b3ea0af0aac1033d99b0c8d79e4f7b1dc1f9fcd6d6dc2e3038fb2553a96171cba368183f8a857b60e62628442e712e775cf33be2a2e5b679e72c6990d24f50a6747254b2e3e648f754be68c46e31f434ed03a1cfc54b394e5b838f4caf63db5a5da8a1ae647b997bbe41475180e92c7189e48da7d1c0f40ab8cb4e2db262fb3fbe22f7ab3ea63c26ee25fe6a8d2ce9796cb5755265d2cc7a08c12b33786b2a0974150d688ddd2293d0fe2be7e5c227095b237cdc5db6dc4d81e236c369bd5b6e3155c541a96b23a39e5783db941c93dd67aba45f591686d2d25d2ef47748a2a68fcdaaa6903fce9703a34fa8cae9e3de9ddc7febbe5352c50c843e40faa3924fae14c80c00148a095efb9b639dad6cae84481b9ea1a7b67e6a7ab58e9e3bd74222295c44440444405d6e57321ab1511c7e75aa677b355371d1b9f55d8cfd33952392aa9fcd984f5260b739843d800c730ebcc534cf93c51271e1c4bd87852e1f770b5c544b1c7574d472c56769700e927734f2e33f3c2c603c133869d49c5bf143ad38a9dd1a29ae76382b5f73a792a5a5c0d5bddef3013f052df1b5e29b50f151c4be99e1436ceba5a882d95f0d14d4f44ee7154e7b800e2077c2ca33c3e7863a3e15b861d03b714b4d1516a0a98195d5f28601279ae6e5d9fc42c2dde4e5bdd570504b4cca836fb535a6869da2398fc1fe83f253d527a1789259658a06d2077f2a1a3f947fc4fcd4e16d23af8fc11114ae2222022220222202222022220222202222022220222202222022220222202222022220222202222022220222202222022220222202222022220e0a82e64523a3884d26090d3fb47e0a4374b28d41628e3bddb6d8fa639f329646b64e71f05d90f6c8ce542c549145279ad043cf7c95166d4cf0df4a2fdcbe01b857de163e6bf6cb69a8e47f592789b1c4f3f90caa4fb878247878dc6bcd5dcb686e0caeea4ba3ac21a3f26abc0fb1c1e6ba52c05c7afe2a2ba818c9c2afc549c5fab5c69bf09de0836d192dd6c3b356abb1a789d28f6b95af2d2067f69ab04cf145a4d354bc676e5bb4b5be874fe988cba282868f1d394608c37e8be999a9628a0b7dca72dc44ea5943c63fc42be5a3c705e63ba7147b93531926a63bdd5b03f3d437cd230b2e5fc8e6e5eba522c2f6c91b5f1b4b1846407771f55194f23629a37bfee67056daaeb573e3e2b5a78db24d131ede619ecb0ae09bf92654b1f355c0c24f242d7c8f1e9d7b159c6fd9b5da0a7d21c3a6aadc49e9daebadd6ed2318f23af945a08eab078a0709ea6a6368e499ef6b001fb433d97d2c3c23b6b29f6d382fda58cd336927b95ba1b872818fbcdeeb6e39df4ede19bbd2e5b4b24ff00a42665535c32df77e01445244d64952e0f6bc97e7a771f55146305ed93a738185b2285b139ee68c731c9f995bcc7eddb30d39d11159a088880b427e18cad5684f50319ff00520ebd5133aaacf7c82b69839b235f4ec763b820af98df8996cb5e36278bedccd2777a3743057dc6a2e31e5b8c891c5c0ff15f4e29993c94d3ce647bda24f2dac3f1f8ac64fed07f00557ba3a0a9b891d1b6ee6d41698b17292067eb1f18fde3f20165c9fe387925b183eb8861c61680b3af4eaa70e8490c86b626d0d2b0f2f33861ef3f35c3708a9d8d8cc6795d81ca00ee3e2b95c578bda970c0c0190b5271ea32807c7ba9c5b608a489ee7c6d73b9bd544ed4c67caf49239c32d39e80a8ca42ca52f8a289b716c87a81fab2dfc7d5760f64a7f4863cfd17599d8d64b2b400d01c55f5a6b71b8bb059aef74d2d74a6acb13eb6cb58d7733268eac9746eef9047657afe00bc6a77f7870be59b4eee3dd6bf7276e6a6514f3475921f328999c73b7249381d558ca0f244ec33372ccf5ca8f86a259d9510c781564110c846081f0098649c393b7d59f85adfed03c486d7daf7276eee515eecd55f7e7e6cbe39319311cf5e8aa546001d82c393ecd571177d37dd7fb1b7dada86d9a968d955040e77b82573b05c07c56608f865a782b5fe63a40e39675cf285d5c796e3d1e1cbfe53845c509cc51939cf28eeb9569a6f044450088a5958f8e23e7c72112b5c0ca09e8d8bd4e3e488b74990272723015b73c4ab8b5d37c29f0e5afb5b4952d6ea49edf2d15ba3ce099dc3a11f355ff355416ef6eb855553996f1099e090bbdd7300cb89fc160bfe2afc45ea7e39f8ceb170efb67555972d1f43728edde4c0e2639de1d82f207e2b3cf273f2f274f5bf02ce12efdc436fbea4e30f76e864bab292a9f2514b38e6156f91d90467bf27659a951c5e78372aa9d91081e608d83a018e8a913820e1d2d1c2df0ebb7fb6762a1a58aaa960124d23180191ef00bf9be872ab2fd9a031f23e3059cde6119e9cdf153863d2bc785b1016e32b65ae8ded00365e9f35375b031a09734004f53d3badeafa74e18ea6844445844440444404444044440444404444044440444404444044440444404444044440444404444044440444404444044440444404444044440444404444044441d7f53c4c9b4fdf237380268e603e39e42be539c5543c9c49ef1495721e76df6b71cc7b9f35cbeac9a90385a2e128008641274f5eac217cb93c4434b4ba3f8b1dd5b3494e6191f769e7ea3190f793feb58f37f8e2ff00d5bfa517470d455973a28df2bba9270b8229cc1c950002c07a15191c17092eb4f67866f6480b5b279c07de71eccfc4f4fc57a36b1dbed57b7b6fb5546bab28b3d5dd5a2ae9a95e007369c74e6c7a67bae7936e1c38efdbb4f0f9a066dc9df0dbcd254d4efaa8eb6e74cc95ac04f2b5cf1927f35f537d8dd0f06dfed4edee8f8b11476cb543471c7dbdd0d1d5605fe029c37556f2714b1ea2bb513dd67d3e7daa691cdcb4e465833f82fa0edbe5a77d3421ad0d998c0c68f8300c05bf14d3b7ff003e3abba99a222dddc22220222202d1dd8e064ad5104b6381d4b14cf90895ad7f9ad68f53f05d3355e8eb2eb2b25d746eb0a065ef4c5ea17b2a22737984608ec41ec7aaf4550f521de4cbc8435d8383f05171da970fc603fe2e1e10fabb64f5e5db7676a6c971bc6db3dcf97d928a12ef650493ef01db0b1e9aca47dbda28ea58e7d5c849667bc601c1057d6bf71ec16bd4da3af5457fb253de2dceb6cb1ba9ded0ef389611cd85f2f3e2e743d36d87123ba3a420a66083f49cb2c0c03fda8c2e2793e5dd7367c6e1e4c149de4cdfe064fc94da81e2089cd97f564bbb1535f5ce7a290dcff971fcd5166bb61f0987fd2706a20c60cacc7d575893f5d50e644de7738923e25719e5eb9c2ed3a5e392a2fd69a533d101254451349675f79c01ebf8aa65765bf375d8a26b6a228ab734ec70e6f7ba647c5474f04d3d5b218734be5b72c27f687c42b87f1cdc37546c5576d054525aa9abedb7ad371d5bded6068e727f7bb054c9b35c386ec6fa5fd9a4b41e96d53a9ee15af10b0c5432362833d3f97c72ff00153f1ab4e35f93ecdb687bcea1e21f71eed50d963a2a7b6c25d281ee9f7fd4ace56380c75559139e248401cbf02ad1de10de1fece09b62a863d536c345b99728c1afe7903de19dc02e1f35780e8704ae8c30d78ede2e3eb687a79bcee7223746c07033eaa250003a045aba4444405053c10b9f23df097b4b7964e9dd87b81f351abaa6add4b69d1162beeb2d435cca3b1d0d2be69dce380d00775154cfc5a63c6378dbb6f0a3c305cecf63af869b5cde1aea4b5c61f89a38dc307a77ec559bbc01b82eb96acd55a8b8b4dcfa2a8b9564956f6db9952ce67485c79bce19ee3ae32adf5c5eee6eb3f150e3e2d7b5fa4a6adabd19497734d0b984b9b1c4c7f577e21672dc34eca69ae1db68b476dd695a2697db682381ef6b71cc79467f8e5613bbfe38ecdddc7bfc51086a2a68e9b9042d0d747ea1b9ee14c9bd82817ca453473c4d6b257105d9ef851cdec16f8de9d5c4d51114b511110111101111011110111101111011110111101111011110111101111011110111101111011110111101111011110111101111011110111101111011110111104b6730d43ae545500ba234c4f2fc5603bf6843870a8daee234ee9c14223b0ea02c14e4370637340079bea567d13cc1aff261839ea5c3abfe015b8fc40f808d0fc6de9bd0965d613b22a9a0ae64b239b8e6118764acf924b1c9cb8cbb616de183e1dd57c425deb379b76a92aad7b05a79eeacb8d7ca395b5124639846c27e602a38e383762977fb89bd5173d3d09934c5b7366b2d2c2dc0929da437980fa8593bf8c66fd6db7039c3159383dd80afa1b65febe99b0d6d35372b5f2331fcab88eb97755649f083e062ff00c6371116bafbe59ea28b4259ea9b70b854cac3cae703931e4f7cf759dc75d31f8eba8ca4fc0c38499f61b86ca0d57aa2929e8b586a18db50f93970e920c658d19eb9c157cdb60639b2c8e824a6918ef2fcb7f7e51eabadd834f59346da6c5a728291b4b6db5c2d828c463a600c0edf45da2073e6a935358f02b9f92d03b727f4ad319ae9d1849b4cc7500a222d1d22222022220222202e1a88db2c3246f0e2d230437bae65c5291c8ec82e69f8294575d6d43698544f5323619636fb3c4c97ab5cd3d3afcfaac4b7c52bc1377737537b3526f96c6b2dd5b6abd4826aaa539f31b263f640f4596b3a41531d5513aa28a9e1e7cf2cee01df99eaadc1e231c63df7858daaaebb6dee89bc6a3d532b0d3433c0c7491c248fbe40e980b2bafb72e5e76c1437e7c3878a2e1e6c73dff5ce88921b5c7d5d23646e7fc9ce55baeba47ba62248dd14ad18734fec9f82a9ddfae26f7d77bb73751ddf596a2d512ea296791ed6c95120a485a49e8599e554b7513b2aa796492aa7acaee622a1ef8b91a64f5e5f885cf9e4e3e7b74e073876232176bb0d4d3515cf4cd48a7a574adae8dcf7f5c001c0f55d57b1e99c67afcd4d0cbedb019a188d1d246435c7d4b87a859e3facb8e7dbe8b5c30f0f9c2c719bc33ec85d370ec5a5b5e5e6d36f8a9aa60772bda1a0670f19ce15cab6936136af6934bcfa5769b4069dd25451bba7b253b5a437e44f55f36fe0cb8dce26785fd65a7e4daabf57eaeb74954c1fa19d2388a804f56632be831c32f15343b91b2ba635c6eb8b76d9ea59e16bea29e5a80d2d247507385d3c77f1dfc776adda6c89583cb91ae6461a4c9f78951b53298227c879481d40f8aa7f9f899e1fe9dfe6ff005e2d18d9b97044f5b1b067f35273c4fec055cad63b79f6f9d93dbf49c67f86569f26d79751527495225673cc053464f4738f42b5f3e78e47fb4533e1a71da52410bc7ecbbd3b517e91b4961d7da5b54f360320a7ac6120fd415e8317b0421b540cf042ef7bcb738b9a7e8525fd2725d3b5021c010720ae19e6308690c32127180b731ed2c696e7948047d171d4ca19116f2925e0b47cb2af5b5bd36cf551451993cd67235dcafebf73e656381e3dbc7d0d92dad8f61b435d04baeb50b0c757042ecbe9e94f471701d4743957cee21778344f0e7b4ba8771f5a5d61a1b75ba89f24ee7b80f3df8380dcf7eb85818ed2e9cdd0f155f10f75daed24b59698eea6aab26907eae3b631fd5a33d012cc2c7932eb4e6e5cede9e97e13bbddb7bc0d6e950ebce2776f6ff4b497f8f9edda85f4ff00d8d0b48c8739c7ae4e56709b07c406da7103a49da9f69f56d9b53d1cac3235d0c80970fa775e2bafb81de1d771b66edfb37abb45592f165a1a68e9edd2b226b646b46077032ba2708de1e5b63c1c5f350de348dcf51b60ab7174544647ba281a7d1a338538e3674a632ae214ee68a26c95e4453f3e391ca3c1c818e8a50df369a944ee6f9cc91e30d7f71d54dc1c81e8af8ba78fc6a888acd04444044440444404444044440444404444044440444404444044440444404444044440444404444044440444404444044440444404444044440444404444044441095338a364b53e59a9f7797cb68f7bea1517f1b3c4e69be0ef64f58eef6a39a2b8dc23a37b69297387095cdf741caac4ae91cd9a37d248d6d644449203eb1ab3b78b2f07fb9dc65dab6e36b3423aa28ac3515426bc5602406b39b23e5d9679657e9cb9dbb617541a777cfc53f89d6de28a8eeb7aa9afb9b89ab0d716dbe02efe4b3f00167e3c0df063a27835d9dd37a06c11c52eac9218e6b8d4b47bd23b1d798fa9524e09fc3ff67382ddbba3b3685b651d5ea9e568aeaf318e77cb8f7882abf58d866a86b63a67d2d431b97ca7fbeaa4c3ed5c306f16f8cc5243239ef6939c9ee3e9f05cd153c7196380e6734728713d70a2516fa75cc6088889111101111011168eeddc84128b8dc22a174b552ca1949042e9a7c90035a3bb8958eb7885f8f3ed9f0ff79a8dabd948dbac35e9f32375646e0e868e46fa39beaab57c62388eb9f0d5c226b4bbd86e2fb65cef0c75bc558383017b7ee83e857ce02b6f75fab6ff0070bed7d5496fad648e9aa269dd975797f5e604acb3cf5d471f2f26ae9794d77e3cdc6bea4b8cf4f1df74ed3d33dc72f8e970e1f43954a7bb3e26bc5b6e9523ed3aa770eba5b5c919698e37b83483e98caa0c75be8aa1fed0d7170273d0f42a0ae11cc641296b4c43dd6e3d16195ae5e4cec9d37dc6f174b9d554d5d557d5493cce2e90f3772a0e499d288c3801ca39738eeb8d167b735cab693d4770544cd572cad646d6b591003dd1d8fd57022132d27565d4b7ad3b72a5bbd8eaa6b5dc60789219a0772be377c411d8af5aabe27f881b831b15c376f5c55d30e8227d73cb47cb195e16892adfd3277eacdd7dc8ae92496b359ea1a9713d03aa1c71f450716e2ebb8646491eaabd070f8ce574d44da3e77f5ed360e2237af4b5cadf5760dd0d63a6e46bb9a37d2d639801f9e3d16491e159e361ade8f5bdab673899d47fd5169e91eca782e554e2e70ce00cb8fe0b1568a58ede4543216ddbcc18962c64c03e2a656d7d5d1dc292b2c350658fcc6b9a18ef7a3932303f0385ae39d8e9e3cebeb9d65d41417bb61adb74e24b6ba363e1aa6756cad7343811f810b94579cc9486a99218c733e6230d7b4fa0f985660f0b1e2824d3fc23ecfd9f899d796ab36b1ab80416da79e60d7d4c59c34bb9baf4180aa33c4438c9d25c2ef0d1a975fbafd6c6dca5a6921b44514ad2ea874808e6183fb39056ff003e9d7fd3aed8f67da02e3b06bebe507079b677af6b6c13b5f5d2c44b8c92f372f92ec775774f045e04a9b86de1fadbb8fab6d0d877235242c9ea0ccdcc90c58e8d07d01047458eaf84c70b7a8b8e0e2aeb37f3752d33dfb44505c9f5e2499a5c2e153cd903af718c7e4b3ddb0dba9ed310b653c4208a18991318ce8d630000347d00c2a617e57e551c537775368a869613ccca78410496803ee93f05ac7048c73cbaa679f27f68e79545a2df4e9f8c708859ca1aecbc0ebd4e573000740888b48222202222022220222202222022220222202222022220222202222022220222202222022220222202222022220222202222022220222202222022220222202222022220e231c65ee772b7cc2307a771f05bc3700019c7f996e444690e29a26890323600e3970f895ce010002b54448888808888089d9101111011132338f5418e87da4da5a877069a69d033cc64fa8e0a7900f405a7aac0b3d95d289a9e5787183201f5207a7d17d1d7c6df6e26dcce07f712a60a17d747618dd76040fb8f637baf9c8cfce60a6f2b2dad919cf3340ea07cd7372cef6f3bff0046b6940e70006bdcd1f23d132ef571233f1e8b5270b5583825684e3e6b51d511011110111101111068c2e8cb8b096970c1c7aa8cb5d63ed75f4759182638a664ae68fdac1ce3f82845a121a43882e00e481ea9b4caaaedf1e2a35e6f2dcf4cdca9a7bae94b35a69990d1086a5ccf2dcd0002d008c750ba4ee57133bcbbbfa6f46688dc3d7376d43a72def734534d217931f4f527e0bc46b27a43491575332a5d2ba66875239fd18df52a2a89b132e1742c92924a79638dd13b1d6223ef00559d52ff00acfb3c0d375f865b86c359f6b3662e3496ddc7a4a56d65de37f52d38c13d7b2bfd5ae9a3a28bf47b2592a5f1e5ce9cf5129273d17ce3bc1f38e5db1e06f7c3556a8d796b96b2cd7ca616f75564725382e1ef755f40ad90e2236b37eb4bdbf53ed86a5b66a1d3f2c71f9460901735ce0090477eeba38ac7570e53edefc8a12aaa9944f0d983fa9e9d3a05140fba1c47283d7aad771d5b8d51680e4023047c56aa522222022220222202222022220222202222022220222202222022220222202222022220222202222022220222e85ba9ade2db2db1dc6dc89a85f738b4fd8abef6fa663835d5029e9df316027b13e5e33f341e35c547153a1b859d0f4b7ebf535c7556b8bb540b6695d2d6d679971d49717746414f18eb8c905cf3eeb1b924ab515f3c4cb8cad3b75adb36a3b1786ce90bdc0fe5a8b5dd377e56565bdf8cf933b5b090d95b9c38024020ac7b3c54bc55f72b863d0ba0b76a0abfeaab8e2de9d21fa6acd7b7467f466d1695a8c88e8ed11bbfedd7b4feb2a300939eb8002c1f2f57abbea3bbdceff7fb9d75e6f75b3bea6aeaea64324b532bc92e7bde7ab9c492492b3cb3fc737272fe3eb114be281c5edc6a60a0b645e18570b8ccf6c54f047bc73734d238e1ad1fa8ee4903f1573ce1178c0b5711d45a97476afd38fdaae21b4c48da6d5da36aa60f96df21eada8a67ff00db14920f799337a107e3d17c4b609e6a69a1a9a69a5a7a88dc1f1c8c716b98e0720823a820f5cacc6fc1dfc4d370b89e8ad3b29af3525d6c3c686d9e96b8df76d77318c32baf967a180cf3586fc075a9a773185ac7bb25a4823a8538e463cb5f488454fdc29ef2d5f10dc38ecc6f757d9e1b057ea6b052dda7a28dfceca7964665cd6bbd5b9ce3e585502aee9111101111011110501f1d1c506f470f72f0fda536136d7426e4ee2ebed5674d5253ea3bb4b6fa3a5c42e94c8e96363ddd9a4630ade570f13de2f2d55d5b6cb8b3c30e8ae34d33e09e09778676be191a4b5cd703074208208557fe209fdbf7c36bfe34e4ff0040917c84f89efee95e21bfe1cdfbfd3e654cb2d39f972b2beb3fc3f71f1c55eb4e20f87fdb5dd8db2e1865daddc182f9fa3353682d693de3cba8b7c0d95cc2d742d61079b04e7215e5feab0a4f000fed1de0fa7ffe75ba3fe870acd6d5b169c5773b11114b41111011110111105bbb8e3e29b7e361b5a70ddb67c3d6d9eda6e2eb6d7d70bbd3c8ed557b9adb456da7a1a3152f90c9146f249071820054033f8a2f16b4d34d4f3bfc2fe1a88de58f63b78a705ae070411e4742aa47c47bfba3b81aff00726e1ffeaf95f207dc5fed83aeff00df9adffd3bd572cb4e7e4cecafa96eb4f178e36b436e470ffb5151c3b70b3ad6fbbb37386cdb7d7cd3baeaaeb2c55d5ad91e2a61a9aa107eadf1c6df30019ce57a2dd3c4df8c0b25cee166bc45e18b6dbad2ccfa7a9a79b78276c904ad24398e698320820821638bf661b53d9b8acd1da4385fd59742fd79b23ba56fdddd19e70c086d93472415f0b1dfb4e739cc38f4016261c69ff75f713fff000f6fbfe9d2aaef4ade4ba7d57b657c42f8aad51bdfc39e89dcbdb6e156e7b53b8574ba59a9351e80d71517875255d1d309ded735d0b587a103ef642bd7ac0cfecf27f73b785dff00c756e0ff00d591acf315b16dc76d9d888b6f6c8c9c9ecacd1e2fbe9a068f7876c75a6d75da00db55dadf35354870e8585a7aaf9767153b3b76d8ce21373741de28ea2dd4b49729e28439bca0c01c7cb23ea17d16fc43f8b77704fb79a23746f16b9aefa52ab50c145737c4ff007e9e95df78f28c92163c1e2c5c38edcf1a3b6cfe30b861ba59f514a29a3a8afb55339a6ae4691ddd18f7872fd161c937e3879a6f6c4bc76e9d96aa327b5dc68eb26b7d7d254d055c4489239985ae6e3e4541b8c4f7bbd99d2490b4e1ce231d573495e77c6991db3d51699e992307eab5440888808b7c719964646081cc70a682d208e950ec7f354cc76b4c2df1284538fd123ffc43bfc94fd123ff00c43bfc953f0a9fe797e24eb407395c93c26199d19773007a1c775b02aa9a68403d0a0929a239a80f31f6f77be56ab4e51d5212eaa6114d24b00b656f930db1e39dae1f782b86f00de205bbfc166e4d1ddb496a6adbb6dcf3082ed475929e5309ee621d7df03b2b7339d03e0313e27ba607dd773741f82d69d92c9187d434be8a369e6e5f7727d323d55f1ae8c737d0774078e8f0dba9f703476dc56cf152d2dde86925a3ae99c0470cef0399b3bbf65dd7007c55f4add79b76a8b452dd2cd52c9a86a626c913daec82d23a11f25f22615170a165aeef1d4ca69e299b245caff7d8e69cb4f37c8e17d26fc25b73b51ee7f063b5b7ad4f5323eed4b6e644ea87bb99d5381dcff05b61c9b75f1f26fd5cd832b691cd6f34a1b903a1c85d90760a4fed53beb69e85a4b5ae8bcc3201f2eca703b05b633ae9d3c724f1aa222968222202222022220222202222022220222202222022220222202222022220222202222022220222202f00e2c3fb96b893ff00803a83feaf9d7bfaf16e246c578d53c3befce99d3d6fa9bb5fee3a32f543434b0b79a4a9a8928a56471b47ab9ce73401f1288be3e5afe3f7fed9f0deff00884b2ff982f55fb2bdc3d6c97121c7beb9d15bedb63a477534a43a2aaaae2a0bcd289e18e60f187869fda1f1533f1c1d82dcddcde1db821e2ab41e9dacd49b53a376fe8f6db5ac90b0fb5e8ed414aee59296e34e473d39e6040738005582786be2cf88ce0fb5bd6ee470cfbafa936835c54d1ba827b8dac4465929dc72633e631c3048f82c6757b71cbaafa2af8bbfd9abda9e2ea7db5d4dc2b56ec4f07f60d356fac7ea0e5b3ced6dc813ce253e4b5dd18d07bab30787e786ef0c7c096f16b6e231de271c30ef3c343a275469f6592c10571a9a9aca8a09216c4d73a2e5e70f2016939c9c2b215afc7d3c5ead974b75c9fc706ea5d1b4f3c731a6aa868df0d406b81f2e4688412c76304023209595cf85f789a682ddfa0d65c536c5691b5335c414edb8efe6c6c31467da431bfadd53a66270e8ec073e7a76f4760f40475bcb2b4971b59437866d354d1f009c27d355d3d45254b3465087c72b0b1ec3ca7a39a7a83f22ab9d741dabdc2d17bb1b71a2772f6eae14f74d0b7cb6c172b55444ce46c94f23439a797f64f5c11e872bbf2bba27822222444440444416b5f104fedfbe1b5ff1a727fa048be427c4f7f74af10dff000e6fdfe9f32faf678827f6fdf0daff008d393fd0245f213e27bfba57886ff8737eff004f99659fae5e6f59edf8007f68df07cff7ef747fd0e159adac293c003fb46f83e7fbf7ba3fe870acd6d698f8d787ff00911114b51111011110111105a07c47bfba3b81aff726e1ff00eaf95f207dc5fed83aeffdf9adff00d3bd7d7e3c47bfba3b81aff726e1ff00eaf95f207dc5fed83aeffdf9adff00d3bd67c8e4e6f5745f031e2fe4e0bbc4b3876dcbadada8a5d1d75b9374adf9ac7e03e8eb4888923b1c3cb0f5edd550ff0019f24737175c4dcd0bd92c4fd797c735cd390e06b65c107d42a6da79e7a59e1aaa59a5a6a98de248e48dc5ae8dc0e439a47504119cae6afafadba5654dc6e3553d757ccf324b34ae2e7cae3ddce27a927e2b3db3db3d1fb3c9fdcede177ff1d5b83ff5646b3cc5819fd9e4fee76f0bbff8eadc1ffab2359e62df1f1d7c5e0888a5a2da7e2a7b09ff006407083ba165b5528add4741412d4d1b1edc81235bd303e2be783b67bfbbfbc356a7b8b2c5a8aed6ab8b257d156d14d21f66a80d3cbc9c9f3ecbea8b5b04172f698e48195546e8dd0d440f031234f4231eab0d2f172f058d7f49ae2ffc41f0d1619b50c756e96aaaec90b4bb909ea4b5a3d7bae7cf1beb83965ded8cf6ea6e749b95ab66d5572b34169d4f31ccb4f4edc4793dd798d636aa36e5ed818d79cb8463b1f9aedfa8b456a4db9d402d7a974d6a7b1ea21096d4d0d7d2398d6c9ebef1eaba452533f95b0cec969a49039ef0d25cd1d7e25656d73e78da87cf4c9e8b5c8ef9e8a2a985339d246e8dd33c821a5700a5a80c92473311b7d0f755d39e6174d88b48df4efc095d3039e9cadce56ae203cb5b92df427bfe4a2c2e289a3ff6d43fce5d9d7500e2c70730e1e3a8511edb57fe19c3f057c72d35e2e4926abb3ad0e7a61759f6dabff0cefc9686b6abb19c856fe91ade68d6bb9bdae4c630a1490013e8a64da79667d2c8c63ab8cc791e1bd4c6ece00c0590a70bde007babbffb2963dd7aed4674e4f7268928a8e401ae9185b904e7aace636f8c7f9dbdc63b2083d90903bac8ff005a7d9b9e2bad8c925b0def4a560c121bed3d4aa71b8f80e71cb659648e5d33a6ee3137f6a39dc49fc30aff00ceadfc32de964f51b48f82082a6aaa4be687ee189bfb59f557a7d39e03fc6edfeb5b4e74ee96b7b49c667a87371fc156f6d1fd9acdf2adae865ddbd63a7b4b5b1f8e69adf2899cd61ef907032a3f9dda78f86c636ba0b42df35e6a7d33a2b48dbab2ff002dd2a1b1f95134b8c1923d0765f4d3f0f1d8876c7f091b51b7b7389d4d7ea7b6466a43c61dcc7af51f8aa5ee0efc1f785be116b6df79b0db2ab70b5a330f373ad8400c7fc40c90af054947e5964ae11b650de41c9d1a00f905be1858ece2e271b1cd92a22920cbcc7fab71c765366fdd1d72a1a0a48e0121673073ce5d939516b591d58cd0888a56111101111011110111101111011110111101111011110111101111011110111101111011110111101752d79ac6d5b77a2358ebebf79ffa0ec76aabbc56f96de67f91044e95fca3d4f2b1d80bb6af00e2c3a70b5c497fc02d41ff0057ce88be31d9e20f702ab7d2a2dbc53f08dc0b7151acecdae6821835ee8cb968b78d3bbb16199a079b267dd86ba363b9a3a903271caef42a8aee3f63cb86cde9ac9f763447119bebc3e696d40efd2749a26f1a569e6acd30d93de3472c8f99ae7161c8c903a63bf7565ff1b4e223894d98b1f86fd16d3ef46f16d8e91acd8db3ca62b15f6ae8696a6700073b113dad73c0e87d551ff86578eaf12fc05ef95eb76b72f516e9f14b64aab3cb6c6587516b0ac7d341238822602473c730c7c165bfd72fca5f63b578e6f83268df088d41b1565d23be5a9b7a19abe8eb2aa692e3688a84d1185e1a0344723f9b39f5c2e8ff0067de5963e3e6f0d8e47b1aedacd6c1c01c070fd152743f10b9bc67fc666e1e2ed7dd96bcd76c9516ce1d2149554ad8e1b9bab3db3ce7876492d6f2e30b77d9f1b7d755f1e7a82aa9a8eaaa2969b6ab5ac95123184b6069b5c801791d1a33d3aa8eb7d2b75be9f4f2f0c5ebe1fdc25ffc0ca1ff00a25576aa12f0c4c1f0fde1288edfd45d0ffd12abb56cecc7c1111122222022220b5af8827f6fdf0daff8d393fd0245f213e27bfba57886ff008737eff4f997d7b3c413fb7ef86d7fc69c9fe8122f909f13dfdd2bc437fc39bf7fa7ccb2cfd72f37acf6fc0048feb1be0fbd47ff007d6e8ffa1c2b35ac8f885f269e113c6a769760784cd95e19774b840adddbafd0b75badd2cba8edfadab6c75703ab70256b5d4bcae00b5a1a47360aac1dbaf1e2e1cf5e6e0e85d0eee0af776decbcde68ad4671be17f7790279d9173e3cdeb8e7ce3e4ad3289e3e49269f4d5041ce0ad55a7bc2f6d1fd49dcf8d2d016dbe6afbae93b0ee74d436682f378a9b94b414a69627889b3543defe505c7a655d855dd328888808888088882d03e23dfdd1dc0d7fb9370ff00f57caf903ee2ff006c1d77fefcd6ff00e9debebf1e23dfdd1dc0d7fb9370ff00f57caf903ee2ff006c1d77fefcd6ff00e9deb3cdc9cdebd537a3876d5bb35a1b607716ee0cfa5770b4d9bfd9ea3a0e6f2e67453478ff0011e00cfae553cacc0f89ee126d9bd9f666b831dfdb0515be7dc5db29aa6e15458c06a5f64a8a97452927b8898fe577c32561f8b365a67b9f6793fb9dbc2eff00e3ab707feac8d6798b033fb3c9fdcede177ff1d5b83ff5646b3cc5be3e3b38bc169d7ae16a8a5a25859019da65220aa19f2dad3d1ff55d5752bee94d6cbd5742d8d97865348ea7848cb67763a34fa755de8c6c2e0e2d05e3b123a85c1534c2789ec0d6739040247650cb3e3db0eedfaf113e0cef1b87b8db57c5170ab6fa6d636ead920aabac5c913cb03b05cd21b954cd738fc08b5e446be8b556afd135447eba17c7348038fa370decb87ed11f0cd4da57893d33aff4adb6aa482f1411c1574f4d1ffb66a4bba9c0efdc2b0a6e16ca6b3da81a565d530be9e4ada733085e30e847a02173dcbb715caed7acb9ed0f827b6296a2837b75435e01e9ec9367f0e8a99f5b688f0c569a8a6d09ba7a86e2cc139929e56fbde83a856ad0d1dcf5faa905c981b503cb1c9d33d3a2ade95cf2f8cdbda37634b6d45ae79a4dbcd4b35653871e42f6119fcd78431af2d6921ef3f1c775a9739c395ce7b87ccaed34dfed78bf9aab8e3b6727cebabf2bff0071ff009272bff71ff92eda47438c82a57595eea73e5b007bbd49537088cb864ed25390092d70fc16e314dcb2bfca7b5acfbe48fbaa2a3a8152d963ac93dc232c1fe30ecbb4696d33a835c6a3d29a4ecb04b5d75b8543207d2b065d50f2703007c953e2ae384be2e2be171c2449bfbbdb6bd57aa99e56d4d8c8b9dea599b888b23f7c0e63d3ae0acc37c3a78ceb5712dbbbbafa1b4472db741e9806d161a78ba33f56ec73903a6303bac7a7890d7d63f0f2e09ed9c37e899e17ef56a5a56cd79311024818f0086123af4070ab0becccdbeb05fb74efd5b33a79a7a3114c7bfeb39b256d8f5751d7c735a8cbd69db768416cd2465dea4f5c2853e6cf52df2aae960987673a3c83f82ec400f40171b6189a438451b5df1c2e8d3b3f9a4ed8e27b8b26969eaa6ed963037aadad85f15542258a57447b30bf981fc14e9b14590f11b39be202dfca092480a3e2ace2fd4a67736798361b9c14f1763047072e7f1530a78845196358e8c6738272b904318c10c6823ae70b781818565f1c246a8888b88888088880888808888088880888808888088880888808888088880888808888088880888808888088880a06e96db7de6db5f67bbd1535c6d55703e9aa69e6607c73c4f696b98f69e85a412083e8547220c55bc49bc34f6b2c5b617ad9cdeeb65cf53f02b73ab7cda53534309a8bc6c1dde62795cd7f5749667bdc016768b3e830b0f9d5ff0066e7c47ad9a9af545a1ecfb35b85a3593bbf455f2935bdba386eb487ac73b58f9039a1cd2d383d4657d666fb62b3ea6b3dcf4fea0b650deac95b03e9aae92aa212435313861cc7b0e439a4123055bb66f07ff0de9e69a7770bba5e373de5e5b15dee71b0127386b1b521ad1f000003d02ae58ed8e5c3f8f9b1db3ecdff0089fd6dc68292b342ed15a69259991cb5536bab6965330b8032380973868c938f82cabbc313c2e34669bd157ce183879ab9ff00ad60736937bf7b295be555ebdac6ff002ba7b4f4df79942deac9a769c1ead0492afccff078f0db7b4b1dc2ee9d7b48c106f775208f9ff652afddbfdbdd13b55a3ec1b7db73a62d1a37455aa99b496fb6d04223869a21d9ad68fe24f527a9518e3a461c3af511a1744e96db7d1ba6340e88b35269ed2167a28add6da180623a5a78da1ac6373d7a003a9eebb5a22bb71111011110111105aafc446ba86ddbebe1bb5771aea3b7523774e4e69a795b1b199a193bb9c400be7abbe9f67b7c4c35a6f6ef16b1d3fb7bb5b5761bb6aabb5ce8653ae6d8d32d3cd572c91b8832e465af69c2fa7ef109c2c6c07157a76cba4f882db5b46e5d82db59fa42820ab9e78bd92a79797cc63e17b1c0e3a7754a5fec3d786e8c7ff660d3ceff00cb975ffe29532c76c7938edaf9adff00f4723c51ff00fe1b6d50ff00faeed9ff00fb57a46ce7d9e7f134d27bbbb57aa6f7b79b594d66b6ea4b65c2b241ae6d8e31c115546f7bb025eb86b49c2fa2effb0f5e1b9ff73069effcf775ff00e293fd87af0ddffb9834f7fe7bbaff00f14a3e0a4e1aebbe1b93d3546e0f1fefa4aba4ae846ecccc12c12b648dc451420f2b9a483d41ecae9ebc0f87ee18761b859d3175d17b03b7368db7d335b5aeb8d5d2d24d3cbed152e18323df33dee2e200f55ef833ea72b474c11110113b7d110111105a17c45991547139c03db9f596fa196b06bea281f553b618dd34962e4634bdc40192e017cf3359fd9d8f13dbb6b0d5775a1db9dab968aa6e555510bcebab60e663e5739a71e6fc085f51ce22b844e1cb8b3a0d276be21f6b6cfb9b4762aa96b6d02aea2a217504d23391ef8df0491bb2e6800e4f654c7fec3cf86e7fdcc1a7ff00f3e5d7ff008a55cb1b5867c56ddb1a9da3d29a8f84dda5f0e2f0fbe270e93b558370f416abdb8d771c35f05c28ecf2d5c8e750d44f2c6e2c0c64dcaec93df0b1cfd55f66e7c4bad5a9f515b74e68ddabd43a7e9eba78282bff00ab7b6c7edb4ed91c239790cb96f33435d83db385f492a3f088f0e1a08af1143c2b68999b5f48686a7da2babe773e02e0e2d6ba4a87167500e5b83d3ba821e0f5e1b840ff00ecc1a78ffe5bbaff00f14a2e28fe57ed8f9784af0a7bbbc15e97f0c1d88df9a5d2d66dcc8f7635cdda4a0b6de69ee1c94d35b19e5bcbe17380ce0acced50aed37869703bb17b8760dd7da9e1f74e694dc2b58945bee8db857544b47e63795fc8269ded191d09c2aea568db0c75342221ec71dd4acd8e780252d21c58c2f70f5c2829e4f362a485c2583da810c77ab3e65721808a913b48c7216b87ef15d0f5b6beb4e89d1d7fd7dabeaa0b6e9eb2c4f95ee7f4cb40c9eaab6b2cb2b1437c7b9e1b742e8b8f7c37d2df6abad4e9463e5a1a4a96b5d2d7ca1a797963232e19c2f9e2f135c415e7897de1d57b99570c766b354553db416e8c61b4d0b490d1cbd31d0055c5e2b3e235adb8cfde5d476db1de2a2d3b7b6199f0daa189e432b58d7601701dfa2b4353d4c7354c352072d4ced2e9dbe8d70f82e7caeeb8f2cfb4f4f63e8a4172fe5c7f3429f0edd4e5486e7fed81fcd4cbc65cde2587279bb63d14f20b853c70c6c77981c063eea92a2ca65a73e3959e3b132e14f23846d2f2e3d07baa024a19e4a9749c81d11777e6eb850b47feda87f9cbb3abc9f27463ff0053b7aa6d56d3506eddc27d2b4979b2587503d83d8e4b8d436080bb3d799e7a0578ae13f833a2e0f68f50f179c425ff0044d641a6a99d369a651d732a22adab032ce6c1c63bf5561991d534ee6d6d2bdd1d447d5aee6c067d5766ba6e9ee0df34fc3a0af1afefb7ad2327beeb7d44ce34f9f8007a29924ad2d92bb7f103beba8b7d777f55eed6a5af6dc65ada89248630fe6644c713cad60f801f059927d9b7da27697e1bb55ee2d6b5ccb95caecf6b4bba01196e727e4b0c6d8fda1bcef56e4693daed3164a975dabaae2a6a7644ccb58d27049c74c2fa6cf079b1766e19f61741ed84147476b8e9ed3032eef738379aa79464fd55b8a7dadc73bdab35bf746707a7a762b72d91f27971f96418f94729f885bd74bbe08888911110111101111011110111101111011110111101111011110111101111011110111101111011110111101111011110111101111011110111101111011110111106d711823a952ea6a89a59e463e485ac19c0cf55322700aeb57dbf5aac74c65acb85b681a7a97492069fc92b3e4b6768f82b6592a648486f264e08f45be4a9ac63b0c8a3987a1695e5126f26d4d0624b96e7e94a27f5e663ea636e7e59ca92d67113b054d977f5d1dbda467425cebc440ff9d536cbe775ebdbbdbeab9807d0ccc1f105723aba738e4a29bf154f038a1e1c049c953bf5b60d8fb96fe998723f8ae19f8b1e17699833bf1b68ff004ffefb8ba7fce4bb4ccefbb543fe9091ae68969666bcf6c0511ed931ff00b4e6031ebeaa99e9b8bfe1724071be5b68f39f4bdc447fd2539878abe1da66ff0062ef76d6b47a66f31123fe727cbfd267febde24af7f291cd0c0738c381247d56cf6c2d21ceaca2737392067242f2483892d8dac023a7ddedbdabe9d995b13b3fc54ee877776cae5246d8355e96ad8dc71faaaa617387c805329f3fb7a8074d3f24b03a2301f8f75cf87f37ec16e3073f1527a6753cf136e741520dafbb48ed851f07973c82a61a8e78b18e507a2995a639ed1a88b4e619c67aa968d51114c10f53ed263229bcb1267f6fb6143493cf216b690793cbfca3a6e8dfc144543a28d85d37308bd48f4f9af23aede2db68351c5a22ab555156de65772369a29073b4fcf0ab58f265aaf54a5ad6554b342d8e61c9dde47baf3f2530ea40fd92a0e95b3c4440e746ea66b418f18e600fc5459248c0ce54c5f8eee7681866923acf2a56b4309f3323e0b1e3fb40fc4bddf6938698b6ff004fdc85057ea4924696b5dcae746d77503f0590b0709aa99334feaf061fc4ac2afed37eab7d7eecec4d929a67b282861ac6cecf42e20632163c975db9b93c62c3255be6f38bda4b9e721d9ead5b609db4a039b0b5f27ab89eab80e1cee61d96ab9ad79df3b2a646eb311fc8467fe515033d43ea1fce5ad6f4c6171a29b9173b7d3ea888aaa358def8a46cad209073d54c45d251da28fe7d7ba96ad31d72a665a5b1cecf1328eaaaa79984d17b651373e740debe605e89b5db77a9f7ab58d2689d334025b7cb20688a6f75b47938c93f05e6119c473ba59678e903732f9433263fc503baec163d4d7cb3d3f99a4750d7696a0f5998d3ed321f98ee14c9b6f85dfacb83816db8e0cbc32f45ff005d3dfddc4d37adb79a48fcc8e8a96664afb7607ba180f62bc0b88df1c4dc3e2477a746ed96d053dcb48e8865d2106b1a3965ad69900c3f1d318f82c64eeba8350dea69ebef777b86a41e59773cd50e749d07ab495525c1169f7eb4e27363e8adbed5566a6e7087c0e888ec41ff0052bccbea2f32be47d4ef45cf2d4e8ed27513b8be692d94af7b8f72e313492bb329169680d2e99d3b4c5bca63a1a78f1f0c46d1fea53d5d6f4f1f044444888880888808888088880888808888088880888808888088880888808888088880888808888088880888808888088a14d64025f24bf0fcfa84da37fa8a45a0208c82085c6f9a38c80f735b91d327ba1b72a2d8c91920e663dae19c0216f4488b8def6821a5c1ae27a7cd72641ec72808b6798df33cbe61cd8ce3d56f40445c12cd1c43323806942d73a2d8d918f00b1cd703f05a92181ce76037e286db916c648d9017348737d085bd06d7f624742a8d7888e12ac9c437232e5abf70b47c4d76657db2bfc86bc7d1563cd3321673c81dcbf21952fac89f5e23881029dc32e39c1517b67c9371644d69e09db297eaa655ff005dbdee9d8461c5d7725a0fc48c2f13be78036d45d43d94bbb7b853970fef956e3f9f4591106fb0b59414b0c4d8739323c9395cd23bb61b3c27b1e467754b8463f08c60ab7ece368696433d3ee95fe989fda9a727f3e8a58ffb379a2e6389377aaa41f02f77f42ca1c42c713c8caaa877eec990d5c8295fdff47d311fcf498cf4984d7518ba47f66d342b72f1ba57493e7148e03f1e8bb1da7ece86dbd312c9f77351458eff00ae70c7f059353854c113b921a7819f0e6eeb828c52d43b924a62e767248ec547c222e1de960dd3be021b316665389f72773439a07eb20b9f2877d063a2f7ad33e0e9b35a6ea68eaaddbcdbd549708640f8b37825808f8803b2bbb3996d64af0ef309cfdd39c0473d94fcd2474b03c0390438e4a9f8c2e32243a3b4ddaf44e8db5e86b4dd2e3a89f4cd6b249ea5e5ce791eae257718a030b83636471c21a3dd68c7550ded5ec7135f48c898e97ef13d70a321a885c4c4c2e7ca3ab9de9f9ab4abe126f4890738f4505336473e5899cc5b23705d9fe4c8eca20cccf69868c75aa7b0c8c67a968ee4293cad91d56ea48a60f6551cb9dfe04b3a9cfc32ad674d33bd690f5150db3c6fb85eaadb476ba7a6fd7caf760039eeba6ea7dccd21a63476a7d7f7cbe5350d82880a87ca640d6b98d6e70dfa856b2f19ee262f7b03c3de986d8ee868aab53dfe1b2ba46bf058c241255b0fc6f389abbedc70cfb01b2db7d7e929eaf5159e0aeab92393de9b11b7209f5072567bd78e7b9aa0affe20fbfdc7cef2dd7663828a1adb4ed74139a5beea2783cd4b8383e53c76f5578be1cf83ed21b296da2b96a0359b91b8b50d0fa9bc5c5de63e0908c92d2eea305527f83870f961da0e0ff41ea0b251dba2d557fa665c2b6768197b9e03887bbbe55da2aa36d5300ad9abe8e368f7db10cb5e7eaa24badd35d6ebc43883e21b6f3865dbcbcee1ebebdd24569a367264bb95f238f6033df0bb6ed0ee2dbb7636f3496e5590b9da76e9431d752bfbf981e3206562edf69db70359691d3fc3dd8a924929b6f2b8d53eb2085e43aab95c31ce15e3fc237883d21bdfc19ed859b4ed75107d92d7051494a1e0c9072371970eea665de9332fa570ef0ef96dcec1e91bbebadc5bf5258acd471baa6a84cf0d21e06406e57cefbc58b8c7d39c667109aa755e917541d3f42e6476f0f76627b7b1737e655d33ed256f0ee9546e7e88d193dcee766dae750ba2aa8a1cb5b70939ba1e9dfa7458b7ceea889c6c6d631f0491b64a703efb1a067de58f2e4c7973df4950ce067bad56a629434b8c4ff2874270b6839ee30562e0d3544440445b9b1caeea22791e871dd06d45bdd0cc012e8e4601eb85c63b77ca163922924864f362796483a023b85b79e4339a82f7198f777a95a2d1dd93b4edc946e34b552d6c2d63de1a449f120ab8a7863ee86d4ed3717fb57b85ba73cd4561a2aa6b9cd2ec46cf4ce3f156ec6400c13494e0baa0b9bcd9f419eea31d3cef7d6bbcb69742c1e4c8ce879b3e855e57471de9f59edb6ddddbddd5d3765d61b7da8e8f5269ba80c643ecf20718091d3ccc2955eb7a76fecbaed9b7dabb51c3a7b50101f46d749ca2b1c7b00b0a2f009e2cf74346f1127651f71b95f347de694bea69ea5c5c295e300167c0e15e1fed025e6d7b69b55b77b8fa6eef5167ddaa4a92eb6be29395c1b91f7f056ffd2faea995b36c8ca19ead94ec7d5358eb9cc321ac39608fd1c16d9e0ab733c8a7aa10d3e39a29dd93978f477cb2ac2be0c5e24d72e2ef43c9b37afee8ca8dd8b452874d52f77bcf840c672afd713ab618b1cb1b6818d31bbcd380e07b91f357994b36bccb7e2d21bb3e24b77e167716e1a3f7fb415d682c7575623a4d43111ec71445dd091dfb2b8a6d5efcedc6f8db296f7b6dabec9ac34f4f10945451ca03a018fdb19caf0ee367864d09c4eecceb0dbfd4b40dab2cb74b51401d18e71206123deee06405f3f8da1e297889f0f7defd4b62d19a9aecda3b65cdf4f576874ae7413343cf419c9eca9965abdf8a7cac7d34647553658d93b5c2d991c9583eebcfeee3ba9eb4600f5569cf0dcf132dbde3a341d3d11acb7dbb5d51b1bedb6ce70031ff0011eb9575b1554e30d32b41ecb5c67dc74f1e5bed128b884ac7b5af0e6989c320e7b85a36785ce6c6c91a5e7b007d14dabee399170c53472191ac787969e53f22b9912222202222022220222202222022220222202222022220222202222022220222202d0e403ca013fe75aae09c8f2a5e6739800ee3b842a5b355d734b6130b6191debf796c6cad6669eaea9b5b39ecc11e09fc5741dc3bc6adb0687aeb8edc5b65d5ba85ac718a17f5cbbe0acb9b85c54f8b7daa6ba3f45f093477a31c9cb0c8f881e6667f9cab5cd95ef6bf7471c2cfbd07903b8064cff05ba5653bf94be07cdf3682ec2c5835971d5e37140d7ba4e11ecf4381ddd4e4e3f272f06aef10df1a76c8e65570fd4b6a90766434ef00ff00154994f222724fa8cc44d743000c6c328c7c19d970f98c702e175e4cf5e52cea3e4b0c6adf109f1a20fc3764de1a7ae7d9e41feb5156ef107f1a2739863d83a5aa3df2e81f9faf751793e95bcd5997b6b9e086b9ce9987a1c444650be1a81e4d2d3be0971d4ba42b11db771f7e372e7c268f86bb7d63ba72b5d4eec3bebd5546d8b8d7f1a5b850d1bee7c1cdaa5a87101ee860c1ff00a4a6e6afcd92dc3543cd6523c4667033969054d067033dd508f083b93c52ebd81d3710fb374bb6d20a7e66cac680e7c9fba7a955dcb495d5c796e25d515353039cf14c1d1760ee6ebf928364f3fbb555558c8603d390c595bded859555b2c75734b5a199653e7a13f456a2e2237fbc42f4a6acabb76d070ef16b2b0871114ae8f3cc3d3d556dacf3bfabb1c4c85d899946e0d3fb5cf8cfcd734be47932b0121b8eb8393f92c66b54f1afe36d40daa633838b552d33090d261cfba3d7a39533ea2f104f1af8a49a19786ab4db233fdf23a57f333f8aafce4673393ad32f88ab29a160606ca00f830adafaa8e63eed71a423d0b0f55864d57882f8d1b799ecd952e18eb88241feb5030788478d0f9843b636299de9e640f38fe29972179ef9199f1a97c24f2d69a8edd7ca2729ed74c795d3534af95dd39b25bfc1620769f100f1b0923060e1d68a523d3d9dff00d2bde34371c9e36b726c7054f09766bbb1c3dd1ece43cfe25ca3e7b57e57e9942879a125f50e89d0bcfbad2f04853907202b24f0dbc45789b6b0d514d6cdebe1528b485a1f2b4493be31ee333d48f7bd15eba9dcf3142e9472ca5a3987ee9c765a635d1c55128b826a88e12d123b94b8e07450ccad6ba79617b7cb7b4120b8fde566b6c6fa8ab6c52b21313e52ef80ecb49995118068e389a4f7c8c2b78710dc7a566c56a275aa3d91d6bac636c65c67a30394e0f656ecd73e3c474fcf2d23b858ddc8dede871167fcc152e718e5cb36c869b4d3f3737b4c6e973923942def9aa6169690d7b7b9c46b15cb9fda20bbd33e68a93868dc1a6c1203a4a57737e3d1747aefb469ad980b69760b57366f463a91fdfeb851f29a65f39a65a7edad231c8ec7fe0941dceef414368ba545d2a596eb632173e7a878e410b40ce73f82c466abed1e6e5d1c61f59b117da68bb92f81c1534712df68335cef96ceeb4db3d2ba56b34b5f2ba98c2660ee47440f43ebf351fd61fd998c6c6f111b77bf16cbcd66de5d21bbb68647db05646ee6c3f241ebf82f6c9608a865a392390ca40f2e4cfed3bd56179f67738cdb6e81d63ab787cdc6d40ca5b8df2a0d55a8d54b9334e7b007ea4acd14b6a0d750cb3d3b5b0869e6c1e8f711dd4e3771185dacabe3a1b037fdf2e15d9fd4a5a64acb9e9dabfd310f23324168ee3f258617175c57d5effed06c6699d432ccdd7da42396db5b3c9d1df780683f4017d35b50db2dba82d157a5af5474f71a1ab84d3cf139b9cb4f43dd617fe2dbe0b1a934bdfb596f0f0f1a74de74754f35554dbe962fd64120049774e98ce7b2ae78f5d2b962ba1781571d1a2f75761acbb0fa82fb456fdc3b1c6d6d3c72ca1aea988741807e4b21a35314d511d6d3b6412b40cc0ffbb27d17c9b36fb74b727869d7f6ad59a4efd71d17afe81cc89f4ee0f8cb8b4f5690b318f0f2f1f3db6dc1a5d35b73c4cd4b347ea663190c57595ffab99ddb27d530ce7953c79fd2bdbc63b8208f8c9e1f6eb3698a67556e2da18faaa1a6233e50032e6b47cd6171c277183bff00e1abbcb3b619ee94d2c351ecb73b05565b1c8c69eae683d3e2be919a6770343ebc861be694bfd92f76bada73ecf353cad7fb5023a741d47e2ad0be205e0ebb51c5e51cdabb4c5aadda5b77d9cd89e18831b5191fb5ea4a653ee1961dee28e35f710fc0678c46cec5a4f5b6aed3db7dbc74f4bcb48ead2d85914f8ec1e703bac6d789af0bfe20f6024adab8b4854ee769389ee928af7629bda07940f42ef2f39185c5c59f861715dc1edeaa9ba87445fe3d250ca4c177a1638f98dcfde1cbd42f25dbee3a38a7da4a18b4bd06e8eb39f4ac7eefb15648e0c78fdc7348ecb2b97eb3cb29f6a4ab8d3575ba6315e67abb7dc1a7069a5a52c907fc83d54aea4f9c1b3be6883fb796e6f23ffc955d9ac38d1b66e85b25a6d7bb31b5f495cf047e94b7d1f2d767e3ce4f7546d7c160b94b3d558edf52f2e7f49ab1c0cad1fba08f454ba659cdce9d47b601392991f10b9fd96a0bb9447d73f1eeb7be82aa3fbf081d3f7828d39fe350cbb4d37fb5e2fe6aeb8d82369c4d50c63be1dc853a655c10c4d69901681df055f0ba747163af5cf59fed59bf9abac765369ae74f3834f1f31e7180e23a052b9a230b8b1dca41ec41ce5573f7a579aedb723b67aad3be42d648cb18c91cf6e1de9ea16f8a0924198d85de9dd52d63aa898df48d6c6ea88d97691bd590c7308dd07cddfbc17bf6d670e3bb9bef550d3e8ad277dbd12e0d150da57434f4e0fc5f8c1c7c575fdb4d7da636cea61bcdc340699d55740412daf87cc6c9f00ef92f75d41c6e6fa5d60f23405dddb5d6a2393f46e9c7fb3c0f1dbde6abc8e9c674bed70696de17fc2434edc378f79b5e58770f7e27a47474b67a42d90c5238746978ce083d1599fc433c41772f8e0dc16dfefd0d4e9bd2904aff00228bcff35a2371f77a8ec7e4a96f4c6d56f56fb6a9a48f4fd9758ebad655350d772cb1be48fa9ebd71f359227007f67cb54ea0be536e5714b5753a7ecb3186a1961231e63dbd4641e98cabf77a8d66ef511ff672785cdc0b3ebdd5dbd578b6dc2cda126b67934d3ccc224a976723bf5216646cf6896296e5347e70634c8da6cfdf0df92e8db67b57a6f6af4fda34ae87b1db6cb454b0369db1c0c0c84b40c648f8a93ee8ef96d76c369dbb6b1dc5d6967d3b4747138992a661827e01a3a95bcc7534d64d44e771f525bf4eedceacd59a8aa28ecf64868649df572bc3443cad27cbcfe185f2f2e3235f5a3797897dd9d65a5ddfa36d5577797cb2d3d3941c737f057c5f165f1a81bff68aed90e1f2b2b29b6f257b9b73ae8a5c7b5907f671d865637d6ad2baa758dd68edda6ad55b77bc54ca237414ed2f7cb93dfa2cb972df4cf932df8ae6f0bade1dc4daee31b6daaf6fa5ab8995377a5b656dbe307fb2e391e1ae948f83475cafa6dd2cf2186929ea29592543892e78c74c8f92c563c177c242f3a02eb6ce27f7bed9043798e0ff00eaca0923e5920040f79c0fa8eeb284bfea6b16df69cbf6afba5d2286d34146eaa96499dca30013819f5e8afc7d4d55f8fa9dba158f7d769ae9afee1b4543a9e8ff00ab8a26b9b252ba4f780cfc3f15ed6c2da6864718b32538ea71f782f9d66f27886ddec7e247a977fb6ef54550d1a2f43daa164840740d761cd1e9e8b29bd3de3bbc0ec967b1417adcfb651ea8ada263a6a17f317c6f0deb9e984996d38e6be052cd04f1b67859e5f38e677cca8a19f5185662a5f1cce02e16414e774ad0c735803fdf3ee1f8765d9e87c6e3c3eea434cdbd960a53f3e6fe85a4ca78df1e4c64d2eec8ad8345e30de1ff007131b2877ff4b4f23b1d32efe85edda0bc403854dcabad058f486ebd8aef78aa70653c1193995df00a7e5169c98d568228182be966a68aaa3943e07f672891265f80c716e33cde854ad2b9511112222202222022220222202222022220222202222022220222202e39080c71763931d72b91080460804209448c6b01aaa49dc1bd3dd8c020fe0a18c86ac19a6fd2e18d18e5645dca9e32264630d6b5bf4185b66649381cb51344df5e538ca8bfe31bc77e9d7dd456d988cc756ec8c626802d5f66b335e1b35b6d137c4be06647f053b82030f366596504e30e395c755451543848e25a40c1c7aa89351338f53a401d3ba75eccfe85b4b87fe01bfd0a0dda774c87811e95b7b1deaf6d3b707f82ecb0c4218d91349200c2877d2bdcf73db53333273807b29b2ad9cb7c49e4b1db216be61494d144d19e410b40fa670b9e9e17470fb4d1d2d1b23efcb9eca6af6f2c7ca7331c6307f694b19008a474d387c3073746b5d9c95159e58f7b70dbbf5d5d2d538963b971ca0e42ec1918ce7a294c9253b5c64654494f19e839602492b67b788da4b5f2541f83a323252530ce4f5c95901a895a219238e51d73eab643552380a598d6070241732304ae58a5a87feb1d45ca4f620f70b6bee0c63a48e512533ff78754b27a8ca4f502fa7a095ee6cadbb73838fd6c3d0ad3f435adccf365a4a299a73d2581bd7ebd14c29b0e797c95123c0ea0ba4c851b50f864a79237b9833ea3a91f82893eea24d76934761d3f2349366b39774c8103703f82e2974de99ce5da5edb564f62206fbbfc144c221a725d1d5483d3ac47aae67399360fe913091dba72e53e5b32cf73bf506dd3b6631814d6aa3a2f8fea1b9ff32d596c6f9b0451d252d23587a5460349fc947799551e1b135952d1d9c64192b63df3cdca2a58c85ac25df7f23f25696275344efcd5b699821ad2d6fdf0e3d0fe0a6ad0435a0800e14a5afa50e137b67927d43603d47d546c26a5a65aaf27da68cfddc3c0eaa3c4e3948e0af86597ca7c6de6e5773119f450b86d7d40abeb1471f7f895150b9de7b8cd521ae71f762efd3eab9a6a464cc0d2f7463249e5e9953569df6eb95169d2f777cb25c6cd054381c02606b83be6490a4f53b7ba19e416698d2721c751350c448ff9abbf3e9c18442d718dbf11d140fe89849c97b9e73d72ab65572c2bcda7da4dbaabcba7db3d0f3b8fde78a08bdeff009aa533ec2ecc55874755b5ba11cdee41a38c13ff00357b9c6c6c6d6b1a3000c2e19600f639b1b226bfe24655a45af1c51e6a5e09b85dd762a68750ed469b8e07b4b7fb1e06e7afd02b457167f67e3877dd9b35e67da29abb6fb58e1d2533e38c06d43bf70e4f6590f1a4ad9247c6c00f29c02072f55191b9f0cd1c0ea47baa07dd7bde0f5f92a5efd6170ddf1f30ee20384ee247c3a7736c37bbdda6ed69d416fad6bacb5f6c0e9206e1d90e7487d4f7c2cc07c2b3c5c76bf8a3d1fa6b6bf747525069cddea38c4350e9a618a9900039893fb44aba67137c28ed4f14fb79a9f6f770ed54c2beaa37082a7c9cc94eec74731d8c83f45857f181e0f7c4d7081aca7dc3d96b65e2efa529a4f3a8ae16dcb270e073fac6b7de776ee5524b8f8a4971f19f753beb67a69267b296a63fef33c6ec8907d54a6ae8e3ba52d45aa5a7a5aa849c4b4d33416169efc84fde2b0c9e07fc7ab74f63ae36dd9de296d355a85d072c2d9e63e4be103a65dcdd490b2a7d8ae33387fe2434f4171db6d7b63ba5639a1ee61904724448ead00f538ecaf2cad2e72c501f1b5e0b3c3d71731dcb5068db7d36d96bc6b5cf7d5430b43a77e3f69a7000cac4ab89ff0006ae2e3877ba5dab2c3a4aab5ad8e99ee7c35d6b0f9660d07ef16b4602fa3689a8ea590b5b254300fe527e43d7ebf15c75d45497b89f46fa0a3a8a3e5e57b9c400f1f36951971caae5c72be62db17c707183c20ea16d3698d57aced13d3c8d15b6ebab1cd6bb97b37decf2fe0b201e1d7ed29c79b6593884db9a61361ac7dc6db23e4909f8e3a059006faf875f085c42c55747acb6cad42e4e0e135551523609398fa9781ef2b286fafd9a3d05a8a2aeafd93dc9669b692e7474b511991e0fc32a970ca78cee194bd2e89b59e29fc00f1016ea8b6ea4d6967b43ab19cad8751b626e723b00fcaf3fdcbf0e4f0e6e2ce0aaaeb10d30db94f92daeb6c8ce4693fb400202c5f376fc0678e6db1967add2fa4c6aeb45238f917015cc0e987c4464e42a44ba6d6f887f0fb52e1141bcf64962e8e8e826a8742d03e019d30972bf865977dc5fe77a3ecd2e9e73ea2af68372cdd875731b396347d3a12adafaf7ecff00f1a3a5259a5b45ab4b6a3b5b5d86b1952ee73f3c00a9e747f894f1f9b2f46d67f577ace0a86ff7bba534cf07ebccaa5f45fda1fe37f4db61a5d492582ef4e0805c291bce47d3baaef1da3736a37d69e133c6c691925e6d96bf57e3b1a086497f2e8bc5ae1c09f16d697986e7c3a6eb39e07df75b24000f97457c1b37da5bdd8a47402f3b6705e5dfdf39656c59fe85ecf49f69c34f4f1450dff86c92b6570c39ff00a4a3763f828f8c46a31aea8e11b88ba2c8a8da1d7d6dc7a496e7e47f0526770c3c488240da7d792b3d08b73fa8fc965256ff00b467c3e5c30ebd70c94a5e4750f918fc1fc94f47da14e17b196f0f9431b7e1cade9ff353e30b8cfa62a90f0a3c494af8cc9b33afa78cf52c65b5f977d3a2ec745c0ff1537b918db3f0f9b98798f77dba4fe859479fb441c33c31134fc3fd035edea086b41cfd7954149f694368ede7cdb370ef2d6bc766b6a5b1ff00a94cc67e9f09af58ed697f0bde38751bcc54fb0bad2dcd3fdf27a07b41fcc2aa8d07e03bc6d6b68627cfa52d16373bbfb74ce888fe0ae8fa97ed41d6d44069f4ff000cf556f737eebdf778f07f05e1fa87ed2d6f357d348db4e85a1d3b391ee091ec9f97f24b8e3f69f8e32a69b43f66a376ae0da21badae34c69c80bbf58da0a8133837fe57aabb06ccfd9fde0d76a994f57afebddb8152cc39c2b5c226e477ead3d963cdacfed03f1d3aae2969ecb78d336ca6764348b735af68fe72a47d63e215c76ef2b9e26d6faeaa267e72db5c930073f261538d89c72c675a67dba4adfc0b70a76f65069da9db7d0bc8de533bdd0b9adc74fbeeea1533ef978d4f045b2f4b5d4559af63d737460fd5bacae64f1b48ec0907a2c1b6d7b4dc756fdcaca3a7b26ed5f6391df76b24983093f1e6e8ab43687c07b8e0dc49692ab506968748e9e98874d5934ac91d193dbdcce4a99c97ea1fd2ef522bff0089dfb49dae2e74b5b68d8fd076da2b5bc18e2afa899cc980ec0f2818cab0a6eef14bc53f1597d86a7506b3d6da9ae352f229a8e0639d14409fba1a3a1fc564e3b0bf66a76fed525b2e1bf5ba0ebb45eeb8d1434ce8b98fc39bb2be26c2f86ff09bc3c9a78f49ed769fab9200d314b59132a5d211fb41c47b89acafab5995f583ff000b1e0c9c4ff11379b55c2bf4a54ede58e721d5355716ba292769ee58d3d0e7aacbbb822f07ee1b7845a1b4dee4d3b26aedc6f2c3a5a9af8416472fc475215d86aee7a5f4b5be79eb4d8b4d5ba16911099cd85918f93ce0056b7e2cbc60385ee172c5596f3a9e935eeb3607363b5d24fe6f9927a0f3c65b856d49dc5b19276ba55e2f962d1b66fd23aa25b5d92d548c32be40f11c3044dee4f61d02c3ff00c63bc622935ed16a5d87d80bd4379a22e7d2d5d7514996bdbd8f56fc95b478e4f19ae2478baac9f4a50545cf6db4439c6382cf6e79966a869e9cae923ee0fc0af28e0f3c2ab8a3e2f7545b2e341a42e5a3b46cb3092a6beabf565ed27a939c155cb2b66a2b967bea290f86ee1af73b8abdc9b66dc6d35ba7becb3ca05c5c5a49a7739dd5e48f82cad7653ecd76dadaecd68d4bba1ba5a82b35998dad968bd99858ccfecf3672af31c01f86e6cef03ba629a974cd05056ee0ced12d6dc8c40b9c71d407e15c36b5f0d3975307191d23f99efe5e623e8531c7f4c30ebb58bec9f67c7826b6c6d15b6099f58ef7a53927cd7fa9eebbd507813f031431861d032d560e7043867f8abd21869dcd88b44952ee518739dca47e6b63e9a5782238a41f4956bf19a6978fadad4b6ef068f0fba06c222d8d84d4b0005fe748398fc7baf72d05e1c3c22ed9de6d97fd1db70db05e295e24a6a8123cf96ef8f53855d4da02000679da4fa176568fb6c6e639b24f2b9beb92a6e316fe77f10d4c2db0454d65a785c616e1a1de8a6597c557ece4b4c7cb907d4aded653b7931e48e51d0f4ca86a86d3bc994d63e9a468c34b5bcd9f974492e969b898a29451cb506294e24a8767dd27dd51d4f24f2379a68db0bb3d83b2acd6672a251111611110111101111011110111101111011110111101111011110111106808391d56a8880888821aaa47c7049244cf32468e8dc772bce35b6b7d31b69639355ebebf0d396c682f71909c00bd2e663a489ec6bcc648eff05d135b688d29b91697e95d696b37ab716f2b83fa0705158f24fb5145f3c513825b046e9ee3c44d82da03cc6592177def8740bcb6ebe329c065ac3cbb7d6cf7323fc1b8f5fe0bd5751785e7065aa1cf82efb376fac8b9bcce63316e5df92f2dbaf82df009772ef3f65a962cfee55bc7f9967acb6c6cbb79b57f8e2702b453134fb971cdca338e7e8548aa3c7cf828a62ff2ef54f703f1eea7376f02ff000efa8aa2d1b5772824c63f5751239a3f15247f805f0255064750e8eafa488fc6678c14ef7a46b2de9d6a5fb411c18091e053cae1fbde8a5f27da11e0ca105cd8eac3c1fd8039bf0c95367fd9ede0b1d9c5b6e1ca7b032b8ffad41d47d9e6e0b1d139acb755c527a3b9ddd3f8a6b29f4b5c334b4fda1be0d867136a123ead5c8dfb427c1854b5cd99973971d8cd8e9f4c2e03f678b83723023a93ff00ea3973d3fd9e8e0ce0e6e7a0a8a9c81de5231fc527cb6aff00fa26947e3fbc16389736bea297d3071d1762a3f1e7e076b0b7cfd4629e53ddef70c0faa94537d9fbe0969d84cda4eaaa89ed89ddfd2bb1d17806f01f4c1aeaadbb8ea31dc3eb5e1df92aef2379ce9dcad9e36fc0c5c0b04bbc962a12e382c7b97a5597c5d3807bf87d2ffd90da4e85d1f5118e6f78fe4bcea83c0dbc3a28447ed1b36da993b0c56c9dd776a1f07ce01ac6e6434bb22ca3903816c82773cfe655edcbed3ff5f6addd99dfadb2dfcb58d47b6baaacba9ed8c77289a00ee63f9af7a072015e23b43b11b6db1b6b8b4f6dc69c6596d8074c761f25edc33819e8af1d1c7e3544452d05c33898b08a700cbe99f55ccb8a67b19197bda5ed1e83d5117c4ac4a6b44b4f2cafa2959f79cd5e07ad388cd8cdb9ab343ae771e9ec951012e0649002e3f0eaaa0276ba85c268a46474f28c3e377527fd6a8e777380ee1837c6f52def5ae90bade6e0f1ccff00ecd962683ea460aa6faff5cb73dba85dfc4c3826b1d43a5bcefd582daf6e473c92ff0042f30d45e2d9e1e9554d536aade24744d7c72b4b5ec39738b4fa1042eafa87c12f81ad46e709f6ee7801efcf7394ff009caf1db9f801702f5357cd4fa62b6867f4114ef7b73f5caad99446f251d7143ad3c11388eb6d5db6fd7fd0767d4131738dfad108655f311fbc7a77f92b126e4eddec86c85e5f76e12b8daa9b1c50bbcc8d92d696cce03a8039461650553f678b842a8e734b355d1fafbd21c85d79df67978432e25f72af2ecf720955b8ab71ab13ec078f97141b092d3e94d5775a3de8d3307eae6adad7ba498b47ab4f40af75b25f686784fd7b454149b876eacd157f7e049201cb1b5df52a7cdfb3cbc20b8f97edb5f2027ab725a1cbb05b3ecfbf04f6d958eaca0aeaa7e7386b9ca2636235945c5769bc44b84cdd892869f456f169bbc5d1e3a5379a1ae693d83b3eaaad2dda834fdceb3dbe2b8d99d23c659e554348767e855a574bf821705561a8135aed3a9a9656e0e22ad9612ec7cda42a97d31e1ebb63b7ed8dda06bb56699a86746d454dda79f1ff0025ee2169aad25baed5e12c70d512ea9a0f69f896fbcd2a4970d39a76f0043556eb33a9f05af64b4ed391eb9e8a5fb6da2751697b63edd5fa97f4d885bca27908cbc2eda699f0b667cf54c6971c67015aed69bfb537eace0e786cd773176a7d99dbfd494ee079bcca31ff00c952e6b6f089e03f553e6743b41a2f4c54bfbc9414a1b20fcce30ae8f0b191b5ad606818cf4f55b0d1d317733a18cbfe38eaa2e0b5e29676b0bea1fb3ffc13ea37d538cb79b697e71e435830bc0eeff665b84b9259a5b66b7dcaa40e3cc1b1ba2e559321a3a6ff0002c510000001d0049c73d2704629773fb32bb2ec94fe8add4d73460f51e6be3ebfc1481df665b43f31f2b76356be3f421ecebfc165a4e6871f780216e000181d027f3889ff009e312e8becca6867c81b2eebead0cf53cecfe853da5fb32db394f2305d77775d3633d3f54f8ffa16566ee6c1e46f3bbd02a6ddcfbf6f8dba473b43686b4dec83860a9a83183fc1572c229c9c78cf1626b3fd990e15192327baee9ee4d796e086bdd116ff0000bdcb4d7d9e8e0db4cd453c8f37dbe44cc67da1b19e655ad77dd1e3ee922c58b6176d26775f7a4bc16e47e4bc76f7b8fe2b1737ba2b1ecc6d252731c379af7dff00826b1fc47fcfe3b069af07ae0674854b2aa7d9fb6ea66340c475b4ed7444fe05551e97e0b7852d0d1c3369bd89daed22c182d7d351f2bff892adab7bb178ccea89e782960dafd2440f75915cdb2067e61793d770b1e323afaa64a0d59bf963d376e3dc5298dd86fc8a89a44d7e2fe3416cdbdd3317b3d15bf49d9e9c0eb238c4cc05e23b8bc5f70dfb3914cfd57bc9a2ac2587def36769637afa80ac7574f06fe2e373dfc9af78b8d734f093fad14f3399f961ca3acdf672b46564d11d79c426b7d5a7ef490d54ef735e7e64b8a9bbbdc2efd55beee78ea7047a0aaa6822d62fdc5ae8c1e465010e89e7e1d7aab4d6f5fda48d6172fd2b67d92da7a2b7521263649514f217c87d082d5741dbff00008e086cd345fd55d8eaf5355c1820995c39f1f305576eda78757083b60e6cba57662cd48299c302aa9db3f9b8f5f7c15125a892b0a2d57bd1e2a5c78577e8fb159b75aa34f55bbdda4a47ba3a320fa104038eaaa0b63becf37163baf5d4b77de7d47fd6f6dee21f251cd2b8ccf19ebc99cf5faace5ad7a4745db5b10d37a5ac5a7248400c6d3d1c717fd1017728db34c192d635af9c1c0fa29fe72fabce1b563ee14bc11f84be1c5b6fbc57589fb9fac985a648eed1364f29c3f6c631d077578ab3e8fb2e97b7d2d9ec561a4b45a5800f22df1063577c14f1799e7358d121eee1dcae6c0f800af31d349c3244aaaa56d240616c2cfd1f1b3cc737f6db8f53f254c5ab38c7e1c36f6aaa28b5aee3daf4b4f192089640305550dca93dae09e94b991c5330c5292704b4f70150b6e27875f093b8d5f515dae36cef7a96e350e2e7ca2b656b493f4384c95ca59d3addd7c547809b3c8e65cb886d233d48ea39e43968f8745d0ee1e32bc015bcb9ade20b471c7a071fe85d12fde077c03dd2775445b5370a4f30648f6d91c413f52bcd2efe003c0dd6b9ae8acb596a0eec3cc71c7e6a9baa5cb2f23d8cf8d670059206f65b9df36bba1fa2d8ff001aae000e1afdecb535a7d6477bbf8e153d9fb3cfc15924b696b1c3d0f9a51df679382f78c3286adeef83a677553bc8de7f6a9ab678cbf87dd5118df3d1a33d3ef1ff005af43b478b0700f7c788a8b881d2303860e18f239bf82a3cb5fd9f2e0968395f57a72aaa797ae1b33bafe4bd1ed1e05fc035aaa22965db0ba5c40fbdfd992331f4c1512e47fd4577e84e30f873ddeaf86d3a0773a86f73bcf2b7c890124aaa8a3a46d2c2d8d953254b3a39af77721506ed3f870f0adb2178a4bfed6e80bbe9db842439af96ae47b323ea557c405e628849ca5cd1ca397b602be36fdb4e29df6e7031f12880e7e21159d022220222202222022220222202222022220222202222022220222202222022220e29b9cc6e119024f4cf6cae111c924059544977fdece0a8b4445c52b2e7bc360a486aa9ddeaf95dcc3f25cb1b2bdbcbcf2c0f00f5f77aa8f451a56611072b6b0b8185d0b5b8ec429648247925f0d6b9df276029fa2588cb8f69735b70e51caf84371d011d571cb255c0de7a9969fcace08e5eff0025355c33414f337152c32c5dcb7e28658f5d20e2929a499d11a50cc0cf3168c2867545b5e4f9b433bda3a02cf772b91d254cd48ca8b835e2dce7f971361fbc3eab5a97dbe89eda79eb6aa28b943a26b8855bf959e57ad2229cc459984be11d8073ba850924f4d1c8e6cb13aa2518e67e3395a3a7b43435de7dba579efe64a067f8a84f6bb3c6f7b85de8699c7bb193b703f32a6a6fba4d18f3302d81b1c51fed65b83f82829a3a68d861845c2797b891d51950c2f36803debe53f263af34ac00fd7aa87fd2d626383a2ba69f71f406707f0eea77a454d68a0a98792496a8988fecb8e7f8a9b1763af7c0ea575f8af31c986bdd6196203a72ce327f8a8be6fd28c698ea45272fecc6f0517996ba4c63984c4f207340e8496ae719c75c6542523def0f64867739a71978ea7f2517d0a9957c6ee2026af86194b391f23b1fb2b655d53db1b4431c82470c8e9d9216ba91d2bfd95b3f31e859d4850becf2be592a9d35ca3633a96b797f82adacb2cef8e4aa9609a38257c2f9ea074c7600ad4cb58d7f9aca9a66c7803cbe5ce143bea23782e70aa9a3f8485a3f3c28796b45034c80dba91aec0e674a3f2eea2567be9172561e622aa26d40ff0015b8c7e6a32989c34c2d86083f708f79495d7ba07b0b6aaf5688987b812b738fcd73c370b1b621ecf596faa8fd5fe7b3bfe69315e5fd4da6884bff006b893e61c140472cd2c8638d94c0fc0c7dbf150dfd50daa2cb1b5346d6fca767f4a47a8ec3138ba5d476a2d3fb26a19eeff156d4a9ca4caed30922a8e5ccd152ba31d486b7195c403c10e81b4b037d03ba90a125d51a7260e8997db2389fdea9663fcea14ddb4fff00f9c69b3ff8d33fa5575af117193c4ef95b28cd5c913dcdede59e53f9ae37c70c803637d50c75689e6e76fe4a51fa5ec1eb78d37fff0096dfe94fd2f603def1a6cffe36cfe94b0d54da9a9a5861a90258c17f60c38017248c60a26b1f187cbf0e61d0a93fe9db4001acaeb048d1d88aa675fe2b43a82d20122aec47e954cfe953517289c36e9131ad698a418185cf0dc2299c5807263d495288352d8aa486fe90b69c7a99d871fc5443ee3a7e460cdcaca083d3350d03f8149b69bbeca9d89632406b83b3f02b8df3c51b8b5ce7077af452665c6db190ea5afb03b193fcb83feb5b7f4b52cd835776b75249d836295a410a65da6726fc4f45442403e6347d5719aa8cd432947986470c8c34e31f552c6d55ae6c65efae19ee1c0e3e8b9e966f69a69a0a5a9ada1803b3e6c98f77e40fc14ed5bcae733c154ea8a46be68df18cb88f748fa1501cd346036265ce5c7632499c2e789d356c6da6a86c72c50bb2c9dbddff00553504f5c904fc157d3e3f2ed2c84d77346d2d8e57bff609c72ad3c98241248d85cd959d1c01c63f15adca26b6035197891b801c3f67afaae274cea47d35be222e324c399ec69c9014ab659d388cf512b431a21a700f477265dfe523a26796d6c934f3bbe2c93970a35cd8064c32d550c4de8622460152b92e9a7222ff0068aba52fcf5e790673f9aaeff4f3d473c54021d1d6c6d6e3b15b0c5e6873269a104f5e60debf9a82173d36f243aaa869dbfbce9db8ff003a8737cd363f531ea4b34873fc9bea998ff3a946d398a4a48c98cd1bf98741235c02e169a97ca5f0d4be2603f765767994b0ddec1e979d378ff75b7fa56d7ddeca0662b869c98fc455b7a1fcd4765da6955138be396a0f9aeedcb18eff008a98c750d6c065731cc2067949eabaf0d4768c08df75a1a770f58a76107f8ae5a8bbd23cd3cb4f2d0cf1f43e67980b8ff149afa31ca4bb89b8b835d8e5827c67e0a640e402a455529a8642fa3a9a93920b9ac208c67d4a9e37b0568d70cadf509534d1d572b64c8c75690a123f6ba36b98e9aaaa2177a31c410a6e8a6a72c36933194cc27ca86ec3273974bcca2cd397b5ae6868e99c3dbcc428e4512231e3d3ae48caa6bdcd34b13b07b867428c6cd2bdad9699cd66704b1b823f15d8d147c51fcbbda59fa3c01faaa8a96bbbe4bb2b81f4ef2432add5d5033d0c4fe5c7d54e914dc62d708968a6aa638442b6a1f499c16bdc49c28c8a18a0608e305adcff0015cc8926933190041ea11114ac222202222022220222202222022220222202222022220222202222022220222202222022220222202e0a89191b0ba507cbec71dd73ad8ee9d701df2288ca75d299788ad29bc7ad74147a7f6275d8dbfbdc52799ed725389f98fc30e567fdc0e18bc5ef5055ba4b5f11d66ab635bca0cd47153e47a63aac82ea20a60e3299cd3bbfc538cfe0a00494f572345456c9306760f6f4c2a591cd71efb6299acb816f1a1b93a530ef159ab81c9fd5d6323ff339787d6f87378d64f2c95035fd148d3fb5fa640cfe1ccb3308616b49752ba10df421ab827755890e2ba28c0fd90d549842f1cf6b0ad9fc3b7c6d43ff0057ad28b973d737b1dbfca53fb7f87bf8d8c6e619b5e5b59820826eededfe52cca84b21eaeb840f776ea32b9fda249439b254c2d1dbee1ca5efed498c623163e02bc69a09a9e47ee6dba3883b24b6e2d90fe5ccaaab45f09de2f16baca0f6fdfca5b1b1a5bcff00a864b9fccac8fa9a99b1b9cf8ab1fcc0672ce871f55cb07355bdc5d256bc37ae5ceee55a61fab4c36a7de18b4a6fde92d173dbb7ff005d53ebdd4a640e86a63a76c3c91e3ee90deeaa5fb77030170c7379808f2df1f2f4ebd57375c7724abc9a8e8e3debb758b8beb859eef43a66a4d2de256b8c7348ce611bbe382ad19ba9b21e26951a8ae55bb7dc4a515b2cf338f970496b89c2304f419255e02a9f561d20860746cf57347572d63e6e41cd572cd311d23ce327e1d556b0ce6eb1e8d49c30f8be5e18f8e0e24ecf5beb8652451e07e05785def81ef18bade8ddedb6543739f7aa58dffda59444b1cf9699ed5353bb1d9af00e14386c0d2008a68cfa195d91fc156cfbaadc34c4b6f5c0478d2c9cc297746cf55f03edec1feb5e6377f0eaf1afab7c9349af28e4ce3f93bd8603f8072ccd606c8e66629206b7e21ab74af95a70eaa85bf1f754fc269378e6984457f871f8d8b43b9358425bf017f39ffa4ba7d5f86df8c80cb8ea4ad74a7a93fa75d8cff94b3a113b0e1afaaa67927f7570c91b6524ba96b5de8087051f045e3ebaac0fab7c37fc64a664b1cda86e4e8cf42197d7e4fe4e523ff633bc603ffce6ff00ff009fa5ff00de59ecc748c0f69653d6c2ecfde2e1d14c852b88cfb4cdf9a4e3d18f0560212786a78bec58e7bd5fff00f3f4bffbcb67fb1b3e2f83ff00df1a887fe5d97ff7967d7344d696871aa97e6deab8795be91d68fc3ff925e3ff0051fc7fd60916ff000d6f1843491399a8ef31b71d01d42f1ffb4a35be1b1e314d7031ea6bb07fa736a17e33fe52ce9cc2d7124d2573b3ebccb43033d692b437d497764f87e23f9d60f149e1bbe349cedc6ae6f2fa9fea80e40ff29774b67872f8d3d14c25a6d61035e7a65f7ee61f9172cd523f6385e097d3601f8755306555183864b10fa04b84fb5a71c93d61dd62f0fbf1aa0079db816c89bf1fd2cde87fca5e936ae05fc66ed9246c76ef592949ebef564727f1cacb1a79a07c6e6b2a59093d338503153bfa882a292667c5cdc953f1fa8b5e3ef518dae9de103c6428e36897880d3d4c47704c4eff005aae4e183673c45ac7ace86ab7db7ce83546938086c9411d0471878fe783d55dacd24c4e646523ba7c3d170189d50e2c65648d19c018207e09f03e1a44cbecd0cd030b9f1b4300f2db9c67e2a6a00ee3d54ac1142c6c52b1d505c7efa993493927b2b62d78eebaa83b8b8ba8e7843c61c074c77c152ba8a7743415772b3c2682f1ecce8a37b8f3729f47614d658617d542f7bdbccd0486a85b854d4c53c46169f27d71d7993ffea2cfbab23ef370fde27b7dd457fa9db4e23ecd49a62795d25352cf47131f10273cb9272adedaf7815f1a4bdd44b2d16ee592e8d3939655b23e9f405658f340daa31cf152d134168c92d39fc5423e3a888b5827a6a719cfbad2abf167fcd853ea0f0ebf1a09d92b65d5cd7839ea2fd8cfe4e5e2375f0d7f18ce691d517ead92327def2b50bc9cfc8072cf58b27931cc69dfd07ec286344c8cf3ba3613f16370efc145e397d56f0d602a7c367c5ec77bcea1c7fbfb2ffef29adb7c34bc60267f3457fbc46e07fbe6a291bffb4b3d32d67f83ac23f0fe85b1d48660d7318c6e3fc30ebf828fe7fea31e1dfdb0a2d2fe1cbe3494ac89b43ac69a107d26bff363f372a9ed09c0cf8d0d91911baeef59edd1018c0ae8e52cfcdcb2b67fb1c5cc2a2401c3fc1348c2e6929fcc646ea5b3554ac3fdf7cc039ff029f1d26e1aed65ce1b3613c4bb4a6a2b2546e2710b435f618ea237d6d20a08dc658411ccc0ecf4c8cf557bf66791bcc72ec0ca92be07d0b016b66a779701cbcc0a9db4e5ad3f25a62df8a35444566a2222022220222202222022220222202222022220222202222022220222202222022220222202222022220222202222022220222202da7973d7badc8825c6dd4ee7173c49927d5d9516d86360c3636000601c2e6451a56631a000003a7442d6bbb8056a8a5670f9101c1f263fc9727237f75bf92dc888d36e307dd01bf30b4e5c34867af55bd112878e06c5cc58d0d2e392a211124246c2093f77a7d7bae09e99953cbce0823d41514888b36979b6d39c02653f5765724145040e73981c49f8a8c4512444c27ad841e4c0c0fa2d9144236966091f3395cc8a5643494d03da4be26b9df2eeb8a8e492a294d35052cc2a1b9f7a5e81463b3d3eaa93f8a1e2874a70d96486fba8ecbac350c8eebe55aa8a498e3e6180a8b7ed9725d76aa1120923961ad7182661f78b4e07e6b64461883db49389a53d70e7e55936f1e335b45414d4f516eda3ddbab12759192d9e7041f9e5aba45778e76dadb9bfa9d96dc885ddb2eb6cbd3fe6aa7ca33fe937b5f9e492e8e03cb81bd075c1ce56c152d840f6a35ec71efca02c79ae1e3eba2a0c8a7d95d7f58e19cff62c91f2ff00cdeaba9d47da14d354c1cc6f0f5ad656f63cec7ffada9339fa4cff00d64a14b1b0833c524b231ddb9cf50a2dc5b9c158c6d47da2db1533006f0efab08ed82e70c7f05d5eabed19d8592bdcde1f356b31d7f95777fc94fce2ff00da48ca60c1093931464fd16a2184768a307e4162b7ff00d246a1ee787ed438ff00c29fe85bc7da44a279f7387cd427ff00d63fd09f388fed8fe32a27451b861cc691f30a0bf47530e7f70f377ce7b7d162d87ed2052fa70f9a8bff00ef1fe851d4df68e2cd3b49aae1f354f3e7a72caefe84b9cfb45e5c7ee327f929abd87f5552e737d33dd44b6a5ed6b5869e6327a9c772b194a7fb45f6394f28e1db55363f53ceefe8534a6fb415a4e6734bf61b5e191dd79407e07f055f9cfa45cf19dcac95896c8e0e7d2bdc411ef1f45132cd0c43f58f6c60f4eab1cea2f1f3d2733980ec56be89a7bbbca91d8fc30bbddb3c73f6f6e0e0c9f673712569ed8b6ca48ff9aa6f245a72cdafb859406789edaa91c41cf4391f9a8f967af8cf3c5491cd4d9c7335dd7f0564ba4f1a2dac9a09239765b74e36cbee97476a99c40fc1abd774478a76cbeadafb4e9bb56dd6f2535c2a646b0be6b3d408d99f892dc04994aa4ca2ec114ae95ae3e4be139ece0b98b5a7b8054934fde68afb69a2b9500a914f2c6d7812b0b5cdc8ce083d72a78b48e9c7c111112285a8a68aa0b1cf2f0474e870a2910b1b431b80300f4507250c724be638c99ce7ef28e4445c65f5c3244c918637648eeb94760b5444e844440444404444044440444404444044440444404444044440444404444044440444404444044440444404444044440444404444044440444404444044440444404444044440444404444044441a120772bae57d9edb74120ae8e3b8003ab1cd0ecfc9763209c8e9850eda689be6188063ddd0909a5729b79ad46dbe87a8638cda1ad7519eb97c0d232a4353b27b4d5ece5addb3d3d313dcfb3357af49453c8d7466b6423be3185c0ca19e11eeb5939f8b9c46152b1f8ddbc32a386ad8994fbfb49a7e43d41cd337b293d4f09fc38ce079bb3fa68f5ec699bdd5491f6de5e4f678cb718e8ff45c06d8d9980ca5f0bbae47364259f4afc37d45351e0f7865a96f23f63746cb8ebceea56e4a8777045c304a0bdfb17a21cccf5cd2b48fc555347430c6006c0d7b71dcbcf55ccd898dc34c0d683db0f3d14fc5371bbf1498782ae13c67ff00d87eda11fee243c15f0a1d0b363f6d0ffe24155bf90dff0017fc90b4f29c09f2e46b1dfcd56abde35247fd851c2977feb1bb69f4f625b9bc12f0b64f345b19a0797e31d2000aab6f2e7f4a868ff90a1278277bbac51d474fbdcdcbfc156c45c2a9ae0e0e386181a18362f448f8ff0063354733846e1b2121d4fb3da518ff00dd14ed18fa15506da4ce03e9837e8f2a21b434e093cae27be398f451f144e3dbc0a9f864d8481cd10ed1e9c88f607d99beefcd4fa9f61b68280bbd8f6db4eb08ec7c8685ed01ac634346437f35c1251d3bf24c6e27e4e39498ad38b5e3cd62db7d056f21e345d9a9c1e83c985abb35bb4b69ea6e575269fa3a66fa3bcb682bb253d1c54ee7398643918f78e5435450cb2b8bdb552347c3b614cda271ebb47c51323680c63631f0030b954152533e08dcd7ca6524e413e8a3559b4f044444888880888808888088880888808888088880888808888088880888808888088880888808888088880888808888088880888808888088880888808888088880888808888088880888808888088880888808888088880888808888088880888808888088880888808888088880888808888088880888808888088880888808888088880888808888088880888808888088883fffd9, '0771503898', 'nistharsln@ymail.com', 'Hairath Road Valaichenai', '', '', '', 'Thank you Come Again.', 5);

-- --------------------------------------------------------

--
-- Table structure for table `tbl_sold_items`
--

CREATE TABLE `tbl_sold_items` (
  `id` int(11) NOT NULL,
  `invoice_id` int(11) NOT NULL,
  `item_id` int(11) NOT NULL,
  `batch_no` varchar(50) NOT NULL,
  `retail_price` double NOT NULL,
  `item_cost` double NOT NULL,
  `indirect_cost` double NOT NULL DEFAULT 0,
  `item_price` double NOT NULL,
  `item_discount` double NOT NULL,
  `item_quantity` double NOT NULL,
  `return_quantity` double NOT NULL DEFAULT 0,
  `note` varchar(150) DEFAULT NULL
) ENGINE=InnoDB DEFAULT CHARSET=utf8mb4;

--
-- Dumping data for table `tbl_sold_items`
--

INSERT INTO `tbl_sold_items` (`id`, `invoice_id`, `item_id`, `batch_no`, `retail_price`, `item_cost`, `indirect_cost`, `item_price`, `item_discount`, `item_quantity`, `return_quantity`, `note`) VALUES
(8, 4, 111, '', 0, 40, 0, 100, 0, 2, 0, NULL),
(15, 6, 156, '', 0, 150, 0, 170, 0, 1, 0, NULL),
(16, 7, 43, '', 0, 850, 0, 950, 0, 2, 0, NULL),
(17, 8, 188, '', 0, 85, 0, 100, 0, 1, 0, NULL),
(18, 9, 175, '', 0, 560, 0, 700, 40, 1, 0, NULL),
(19, 9, 70, '', 0, 10, 0, 20, 5, 2, 0, NULL),
(21, 10, 31, '', 0, 90, 0, 125, 0, 12, 0, NULL),
(22, 11, 31, '', 0, 90, 0, 125, 0, 4, 0, NULL),
(23, 11, 160, '', 0, 435, 0, 550, 0, 1, 0, NULL),
(25, 12, 31, '', 0, 90, 0, 125, 0, 4, 0, NULL),
(26, 13, 97, '', 0, 1200, 0, 1500, 50, 1, 0, NULL),
(27, 13, 147, '', 0, 400, 0, 550, 0, 1, 0, NULL),
(29, 14, 150, '', 0, 160, 0, 170, 0, 1, 0, NULL),
(30, 15, 128, '', 0, 50, 0, 80, 0, 5, 0, NULL),
(31, 16, 174, '', 0, 25, 0, 40, 0, 1, 0, NULL),
(32, 17, 247, '', 0, 25, 0, 30, 0, 2, 0, NULL),
(33, 18, 70, '', 0, 10, 0, 20, 0, 1, 0, NULL),
(34, 19, 70, '', 0, 10, 0, 20, 0, -1, 0, NULL),
(35, 20, 247, '', 0, 25, 0, 30, 0, 1, 0, NULL),
(36, 21, 100, '', 0, 375, 0, 450, 0, 400, 0, NULL),
(37, 22, 100, '', 0, 375, 0, 450, 0, -400, 0, NULL),
(38, 23, 349, '', 0, 4, 0, 5, 0, 6, 0, NULL),
(39, 23, 326, '', 0, 20, 0, 25, 0, 2, 0, NULL),
(40, 23, 323, '', 0, 25, 0, 30, 0, 2, 0, NULL),
(41, 23, 351, '', 0, 225, 0, 300, 0, 2, 0, NULL),
(45, 24, 156, '', 0, 150, 0, 170, 10, 10, 0, NULL),
(46, 25, 118, '', 0, 10, 0, 20, 0, 2, 0, NULL),
(47, 25, 25, '', 0, 170, 0, 200, 0, 1, 0, NULL),
(49, 26, 103, '', 0, 1700, 0, 3000, 0, 0.05, 0, NULL),
(53, 30, 423, '', 0, 60, 0, 80, 0, 2, 0, NULL),
(54, 30, 424, '', 0, 950, 0, 1100, 0, 1, 0, NULL),
(56, 31, 38, '', 0, 340, 0, 400, 0, 1, 0, NULL),
(57, 32, 147, '', 0, 400, 0, 550, 0, 1, 0, NULL),
(58, 33, 147, '', 0, 400, 0, 550, 0, 1, 0, NULL),
(59, 34, 58, '', 0, 230, 0, 300, 0, 1, 0, NULL),
(60, 35, 467, '', 0, 150, 0, 250, 0, 0.4, 0, NULL),
(61, 36, 100, '', 0, 375, 0, 450, 20, 3, 0, NULL),
(62, 36, 72, '', 0, 330, 0, 420, 0, 2.85, 0, NULL),
(63, 36, 29, '', 0, 70, 0, 100, 0, 1.5, 0, NULL),
(64, 36, 429, '', 0, 250, 0, 450, 100, 3, 0, NULL),
(68, 37, 100, '', 0, 375, 0, 450, 20, 3, 0, NULL),
(69, 37, 72, '', 0, 330, 0, 420, 0, 2.85, 0, NULL),
(70, 37, 29, '', 0, 70, 0, 100, 0, 1.5, 0, NULL),
(71, 38, 429, '', 0, 250, 0, 450, 100, -3, 0, NULL),
(72, 38, 29, '', 0, 70, 0, 100, 0, -1.5, 0, NULL),
(73, 38, 72, '', 0, 330, 0, 420, 0, -2.85, 0, NULL),
(74, 38, 100, '', 0, 375, 0, 450, 20, -3, 0, NULL),
(78, 39, 402, '', 0, 45, 0, 50, 0, 20, 0, NULL),
(79, 40, 31, '', 0, 90, 0, 150, 0, 1, 0, NULL),
(80, 41, 424, '', 0, 950, 0, 1100, 0, 1, 0, NULL),
(81, 42, 100, '', 0, 375, 0, 450, 20, 3, 0, NULL),
(82, 42, 29, '', 0, 70, 0, 100, 0, 1.5, 0, NULL),
(83, 42, 111, '', 0, 40, 0, 100, 0, 2, 0, NULL),
(84, 42, 103, '', 0, 1700, 0, 3000, 0, 0.1, 0, NULL),
(88, 43, 100, '', 0, 375, 0, 450, 20, 3, 0, NULL),
(89, 44, 100, '', 0, 375, 0, 450, 20, -3, 0, NULL),
(90, 45, 110, '', 0, 1700, 0, 3000, 0, 1, 0, NULL),
(91, 46, 110, '', 0, 1700, 0, 3000, 1000, 10, 0, NULL),
(92, 47, 110, '', 0, 1700, 0, 3000, 1000, -10, 0, NULL),
(93, 48, 58, '', 0, 230, 0, 300, 0, 1, 0, NULL),
(94, 49, 50, '', 0, 70, 0, 100, 0, 1, 0, NULL),
(95, 50, 100, '', 0, 375, 0, 450, 20, 3.4, 0, NULL),
(96, 51, 100, '', 0, 375, 0, 430, 0, 4, 0, NULL),
(97, 51, 29, '', 0, 70, 0, 100, 0, 2, 0, NULL),
(98, 51, 72, '', 0, 330, 0, 420, 0, 1.85, 0, NULL),
(99, 52, 111, '', 0, 40, 0, 100, 0, 1, 0, NULL),
(100, 53, 195, '', 0, 160, 0, 200, 0, 1, 0, NULL),
(101, 53, 190, '', 0, 95, 0, 125, 0, 2, 0, NULL),
(103, 54, 27, '', 0, 700, 0, 750, 0, 1, 0, NULL),
(104, 54, 474, '', 0, 1000, 0, 1100, 0, 1, 0, NULL),
(105, 54, 399, '', 0, 215, 0, 300, 0, 1, 0, NULL),
(106, 54, 119, '', 0, 95, 0, 125, 0, 4, 0, NULL),
(107, 54, 450, '', 0, 100, 0, 200, 0, 2, 0, NULL),
(108, 54, 100, '', 0, 375, 0, 425, 0, 1, 0, NULL),
(109, 54, 72, '', 0, 330, 0, 420, 0, 0.18, 0, NULL),
(110, 55, 498, '', 0, 80, 0, 100, 0, 2, 0, NULL),
(111, 55, 174, '', 0, 25, 0, 40, 0, 12, 0, NULL),
(112, 55, 172, '', 0, 85, 0, 100, 0, 6, 0, NULL),
(113, 55, 119, '', 0, 95, 0, 120, 0, 1, 0, NULL),
(123, 62, 57, '', 0, 35000, 0, 38000, 0, -1, 0, NULL),
(124, 63, 57, '', 0, 35000, 0, 44000, 4000, 1, 0, ''),
(125, 64, 57, '', 0, 35000, 0, 38000, 0, -1, 0, NULL),
(126, 65, 470, '', 0, 2, 0, 5, 0, 6, 0, NULL),
(127, 65, 492, '', 0, 25, 0, 40, 0, 1, 0, NULL),
(128, 65, 417, '', 0, 2, 0, 2, 0, 100, 0, NULL),
(129, 65, 162, '', 0, 160, 0, 180, 0, 1, 0, NULL),
(130, 65, 393, '', 0, 280, 0, 350, 0, 1, 0, NULL),
(131, 65, 147, '', 0, 400, 0, 550, 0, 1, 0, NULL),
(132, 65, 409, '', 0, 200, 0, 250, 20, 1, 0, NULL),
(133, 66, 550, '', 0, 950, 0, 1600, 0, 1, 0, NULL),
(134, 67, 545, '', 0, 2460, 0, 2750, 50, 3, 0, NULL),
(135, 68, 50, '', 0, 70, 0, 100, 0, 1, 0, NULL),
(136, 69, 145, '', 0, 690, 0, 950, 50, 1, 0, NULL),
(137, 69, 50, '', 0, 70, 0, 100, 0, 1, 0, NULL),
(138, 70, 172, '', 0, 85, 0, 100, 0, 1, 0, NULL),
(139, 71, 35, '', 0, 456, 0, 600, 0, 2, 0, NULL),
(140, 71, 26, '', 0, 475, 0, 600, 0, 1, 0, NULL),
(141, 71, 404, '', 0, 40, 0, 45, 0, 15, 0, NULL),
(142, 71, 38, '', 0, 340, 0, 400, 0, 1, 0, NULL),
(143, 71, 523, '', 0, 170, 0, 200, 0, 2, 0, NULL),
(144, 71, 475, '', 0, 750, 0, 800, 0, 1, 0, NULL),
(145, 71, 394, '', 0, 480, 0, 600, 0, 2, 0, NULL),
(146, 72, 475, '', 0, 750, 0, 800, 0, -1, 0, NULL),
(147, 72, 397, '', 0, 20, 0, 40, 0, 2, 0, NULL),
(149, 73, 38, '', 0, 340, 0, 400, 0, 1, 0, NULL),
(150, 73, 58, '', 0, 230, 0, 300, 0, 1, 0, NULL),
(152, 74, 394, '', 0, 480, 0, 600, 50, 3, 0, NULL),
(153, 74, 392, '', 0, 380, 0, 500, 20, 2, 0, NULL),
(154, 74, 413, '', 0, 26, 0, 50, 0, 1, 0, NULL),
(155, 75, 23, '', 0, 375, 0, 450, 0, 1, 0, NULL),
(156, 75, 35, '', 0, 456, 0, 600, 50, 1, 0, NULL),
(158, 76, 156, '', 0, 150, 0, 170, 0, 1, 0, NULL),
(159, 76, 434, '', 0, 50, 0, 100, 0, 1, 0, NULL),
(160, 76, 392, '', 0, 380, 0, 500, 0, 1, 0, NULL),
(161, 77, 37, '', 0, 84, 0, 100, 0, 6, 0, NULL),
(162, 77, 26, '', 0, 475, 0, 600, 0, 2, 0, NULL),
(164, 78, 23, '', 0, 375, 0, 450, 0, -1, 0, NULL),
(165, 79, 119, '', 0, 95, 0, 125, 0, 12, 0, NULL),
(166, 79, 417, '', 0, 2, 0, 2.5, 0, 10, 0, NULL),
(167, 79, 322, '', 0, 8, 0, 10, 0, 20, 0, NULL),
(168, 79, 430, '', 0, 3, 0, 5, 0, 20, 0, NULL),
(169, 79, 81, '', 0, 600, 0, 900, 50, 1, 0, NULL),
(170, 79, 474, '', 0, 1000, 0, 1100, 0, 1, 0, NULL),
(171, 79, 425, '', 0, 250, 0, 450, 50, 1, 0, NULL),
(172, 80, 430, '', 0, 3, 0, 5, 0, 20, 0, NULL),
(173, 81, 38, '', 0, 340, 0, 400, 0, 1, 0, NULL),
(174, 82, 147, '', 0, 400, 0, 550, 0, 2, 0, NULL),
(175, 83, 409, '', 0, 200, 0, 250, 0, 2, 0, NULL),
(176, 84, 552, '', 0, 1380, 0, 1550, 50, 6.35, 0, NULL),
(177, 85, 137, '', 0, 55, 0, 80, 0, 2, 0, NULL),
(178, 86, 35, '', 0, 456, 0, 600, 0, 1, 0, NULL),
(179, 86, 26, '', 0, 475, 0, 600, 0, 1, 0, NULL),
(181, 87, 552, '', 0, 1380, 0, 1550, 50, 2.16, 0, NULL),
(182, 88, 552, '', 0, 1380, 0, 1550, 50, -2.16, 0, NULL),
(183, 89, 552, '', 0, 1380, 0, 1550, 50, 2.16, 0, NULL),
(184, 89, 119, '', 0, 95, 0, 125, 0, 12, 0, NULL),
(185, 89, 142, '', 0, 650, 0, 750, 0, 1, 0, NULL),
(186, 89, 141, '', 0, 1200, 0, 1400, 0, 1, 0, NULL),
(190, 90, 299, '', 0, 25, 0, 40, 0, 4, 0, NULL),
(191, 90, 289, '', 0, 8, 0, 10, 0, 5, 0, NULL),
(192, 90, 305, '', 0, 220, 0, 250, 0, 1, 0, NULL),
(193, 90, 470, '', 0, 2, 0, 5, 0, 8, 0, NULL),
(194, 90, 361, '', 0, 50, 0, 70, 0, 1, 0, NULL),
(195, 90, 312, '', 0, 90, 0, 100, 0, 4, 0, NULL),
(197, 91, 290, '', 0, 10, 0, 15, 0, 2, 0, NULL),
(198, 92, 156, '', 0, 150, 0, 170, 0, 1, 0, NULL),
(199, 92, 19, '', 0, 822, 0, 1000, 0, 1, 0, NULL),
(201, 93, 510, '', 0, 15, 0, 25, 0, 2, 0, NULL),
(202, 94, 142, '', 0, 650, 0, 750, 0, -1, 0, NULL),
(203, 94, 141, '', 0, 1200, 0, 1400, 0, 1, 0, NULL),
(204, 94, 38, '', 0, 340, 0, 400, 0, 1, 0, NULL),
(205, 94, 504, '', 0, 80, 0, 100, 0, 1, 0, NULL),
(209, 95, 100, '', 0, 375, 0, 450, 45, 5.2, 0, NULL),
(210, 95, 72, '', 0, 330, 0, 420, 60, 1.25, 0, NULL),
(211, 95, 128, '', 0, 50, 0, 80, 5, 2, 0, NULL),
(212, 95, 532, '', 0, 110, 0, 130, 5, 1, 0, NULL),
(213, 95, 111, '', 0, 40, 0, 100, 25, 3, 0, NULL),
(216, 96, 458, '', 0, 10, 0, 20, 0, 1, 0, NULL),
(224, 98, 523, '', 0, 170, 0, 200, 0, 2, 0, NULL),
(232, 100, 100, '', 0, 375, 0, 450, 0, 5.2, 0, NULL),
(233, 100, 72, '', 0, 330, 0, 420, 0, 1.25, 0, NULL),
(234, 100, 128, '', 0, 50, 0, 80, 0, 2, 0, NULL),
(235, 100, 532, '', 0, 110, 0, 130, 0, 1, 0, NULL),
(236, 100, 111, '', 0, 40, 0, 100, 0, 3, 0, NULL),
(239, 101, 100, '', 0, 375, 0, 450, 45, -10.4, 0, NULL),
(240, 101, 72, '', 0, 330, 0, 420, 60, -2.5, 0, NULL),
(241, 101, 128, '', 0, 50, 0, 80, 5, -4, 0, NULL),
(242, 101, 111, '', 0, 40, 0, 100, 25, -6, 0, NULL),
(243, 101, 532, '', 0, 110, 0, 130, 5, -2, 0, NULL),
(246, 102, 50, '', 0, 70, 0, 100, 0, 1, 0, NULL),
(247, 103, 379, '', 0, 20, 0, 25, 0, 15, 0, NULL),
(248, 104, 119, '', 0, 95, 0, 125, 0, 2, 0, NULL),
(249, 104, 435, '', 0, 50, 0, 100, 0, 3, 0, NULL),
(251, 105, 59, '', 0, 210, 0, 250, 0, 1, 0, NULL),
(252, 106, 156, '', 0, 150, 0, 170, 10, 1, 0, NULL),
(253, 106, 424, '', 0, 950, 0, 1100, 0, 1, 0, NULL),
(255, 107, 22, '', 0, 1505, 0, 1700, 50, 3, 0, NULL),
(256, 108, 38, '', 0, 340, 0, 400, 0, 1, 0, NULL),
(257, 109, 118, '', 0, 10, 0, 20, 0, 5, 0, NULL),
(258, 110, 275, '', 0, 550, 0, 750, 0, 3, 0, NULL),
(259, 111, 467, '', 0, 150, 0, 250, 0, 0.98, 0, NULL),
(260, 112, 156, '', 0, 150, 0, 170, 0, 1, 0, NULL),
(261, 113, 393, '', 0, 280, 0, 350, 0, 2, 0, NULL),
(262, 113, 424, '', 0, 950, 0, 1100, 0, 1, 0, NULL),
(264, 114, 291, '', 0, 6, 0, 8, 0, 10, 0, NULL),
(265, 114, 286, '', 0, 0, 0, 25, 0, 6, 0, NULL),
(266, 114, 404, '', 0, 45, 0, 60, 0, 33, 0, NULL),
(267, 114, 303, '', 0, 230, 0, 250, 0, 1, 0, NULL),
(271, 115, 38, '', 0, 340, 0, 400, 0, 1, 0, NULL),
(272, 115, 291, '', 0, 6, 0, 8, 0, 4, 0, NULL),
(273, 115, 493, '', 0, 25, 0, 40, 0, 1, 0, NULL),
(274, 115, 286, '', 0, 0, 0, 25, 0, 4, 0, NULL),
(275, 115, 435, '', 0, 50, 0, 100, 0, 3, 0, NULL),
(276, 115, 417, '', 0, 2, 0, 2.5, 0, 10, 0, NULL),
(278, 116, 287, '', 0, 60, 0, 70, 0, 2, 0, NULL),
(279, 117, 426, '', 0, 25, 0, 50, 0, 2, 0, NULL),
(280, 118, 35, '', 0, 456, 0, 600, 50, 1, 0, NULL),
(281, 118, 37, '', 0, 84, 0, 100, 0, 6, 0, NULL),
(283, 119, 275, '', 0, 550, 0, 750, 250, 1, 0, NULL),
(284, 120, 411, '', 0, 120, 0, 150, 0, 2, 0, NULL),
(285, 121, 328, '', 0, 40, 0, 45, 0, 4, 0, NULL),
(286, 121, 97, '', 0, 1200, 0, 1500, 0, 1, 0, NULL),
(288, 122, 293, '', 0, 85, 0, 100, 0, 2, 0, NULL),
(289, 122, 310, '', 0, 130, 0, 150, 0, 2, 0, NULL),
(290, 122, 307, '', 0, 90, 0, 100, 0, 2, 0, NULL),
(291, 123, 546, '', 0, 495, 0, 550, 0, 1, 0, NULL),
(292, 124, 399, '', 0, 215, 0, 300, 0, 1, 0, NULL),
(293, 124, 141, '', 0, 1200, 0, 1400, 0, 1, 0, NULL),
(295, 125, 26, '', 0, 475, 0, 600, 0, 1, 0, NULL),
(296, 125, 320, '', 0, 8, 0, 10, 0, 15, 0, NULL),
(305, 127, 468, '', 0, 150, 0, 250, 0, 0.7, 0, NULL),
(306, 128, 31, '', 0, 90, 0, 150, 0, 1, 0, NULL),
(307, 129, 39, '', 0, 40, 0, 50, 0, 1, 0, NULL),
(308, 130, 467, '', 0, 150, 0, 250, 0, 0.4, 0, NULL),
(309, 131, 72, '', 0, 330, 0, 420, 20, 30, 0, NULL),
(310, 131, 100, '', 0, 375, 0, 450, 20, 40, 0, NULL),
(311, 131, 29, '', 0, 70, 0, 100, 0, 25, 0, NULL),
(312, 132, 328, '', 0, 40, 0, 45, 0, -4, 0, NULL),
(313, 133, 552, '', 0, 1380, 0, 1550, 50, 2.06, 0, NULL),
(314, 133, 404, '', 0, 45, 0, 60, 0, 10, 0, NULL),
(315, 133, 430, '', 0, 3, 0, 5, 0, 10, 0, NULL),
(316, 133, 368, '', 0, 50, 0, 80, 0, 5, 0, NULL),
(317, 133, 286, '', 0, 0, 0, 25, 0, 6, 0, NULL),
(318, 133, 523, '', 0, 170, 0, 200, 0, 2, 0, NULL),
(319, 133, 397, '', 0, 20, 0, 40, 0, 3, 0, NULL),
(320, 133, 38, '', 0, 340, 0, 400, 0, 1, 0, NULL),
(321, 133, 471, '', 0, 5, 0, 10, 0, 10, 0, NULL),
(322, 133, 413, '', 0, 26, 0, 50, 0, 1, 0, NULL),
(323, 133, 118, '', 0, 10, 0, 20, 0, 5, 0, NULL),
(328, 134, 145, '', 0, 690, 0, 950, 50, 1, 0, NULL),
(329, 134, 413, '', 0, 26, 0, 50, 0, 1, 0, NULL),
(330, 134, 426, '', 0, 25, 0, 50, 0, 2, 0, NULL),
(331, 134, 120, '', 0, 270, 0, 300, 0, 2, 0, NULL),
(335, 135, 111, '', 0, 40, 0, 100, 25, 5, 0, NULL),
(336, 136, 162, '', 0, 160, 0, 180, 0, 2, 0, NULL),
(337, 137, 50, '', 0, 70, 0, 100, 0, 2, 0, NULL),
(338, 138, 147, '', 0, 400, 0, 550, 0, 1, 0, NULL),
(339, 138, 424, '', 0, 950, 0, 1100, 0, 1, 0, NULL),
(341, 139, 552, '', 0, 1380, 0, 1500, 0, 12.3, 0, NULL),
(342, 139, 430, '', 0, 3, 0, 5, 0, 30, 0, NULL),
(343, 140, 147, '', 0, 400, 0, 550, 0, 2, 0, NULL),
(344, 140, 413, '', 0, 26, 0, 50, 0, 1, 0, NULL),
(345, 140, 154, '', 0, 160, 0, 170, 0, 2, 0, NULL),
(346, 140, 416, '', 0, 80, 0, 100, 0, 1, 0, NULL),
(347, 140, 397, '', 0, 20, 0, 40, 0, 1, 0, NULL),
(348, 140, 68, '', 0, 180, 0, 200, 0, 2, 0, NULL),
(349, 140, 426, '', 0, 25, 0, 50, 0, 2, 0, NULL),
(350, 140, 120, '', 0, 270, 0, 300, 0, 1, 0, NULL),
(361, 142, 495, '', 0, 550, 0, 800, 100, 1, 0, NULL),
(362, 142, 545, '', 0, 2460, 0, 2750, 0, 1, 0, NULL),
(364, 143, 405, '', 0, 8600, 0, 10000, 600, 1, 0, NULL),
(365, 144, 499, '', 0, 280, 0, 300, 0, 1, 0, NULL),
(366, 144, 213, '', 0, 35, 0, 40, 0, 1, 0, NULL),
(368, 145, 147, '', 0, 400, 0, 550, 0, 1, 0, NULL),
(369, 145, 119, '', 0, 95, 0, 125, 0, 3, 0, NULL),
(371, 146, 409, '', 0, 200, 0, 250, 0, 1, 0, NULL),
(372, 147, 351, '', 0, 225, 0, 300, 0, 2, 0, NULL),
(373, 147, 31, '', 0, 90, 0, 150, 25, 12, 0, NULL),
(375, 148, 298, '', 0, 200, 0, 220, 0, 1, 0, NULL),
(376, 148, 426, '', 0, 25, 0, 50, 0, 2, 0, NULL),
(378, 149, 395, '', 0, 720, 0, 750, 0, 2, 0, NULL),
(379, 150, 119, '', 0, 95, 0, 125, 0, 3, 0, NULL),
(380, 150, 552, '', 0, 1380, 0, 1550, 50, 2.05, 0, NULL),
(382, 151, 39, '', 0, 40, 0, 50, 0, 1, 0, NULL),
(383, 152, 31, '', 0, 90, 0, 150, 0, 6, 0, NULL),
(384, 153, 35, '', 0, 456, 0, 600, 50, 1, 0, NULL),
(385, 153, 38, '', 0, 340, 0, 400, 0, 1, 0, NULL),
(387, 154, 119, '', 0, 95, 0, 125, 0, 1, 0, NULL),
(388, 154, 118, '', 0, 10, 0, 20, 0, 1, 0, NULL),
(390, 155, 276, '', 0, 500, 0, 650, 0, 2, 0, NULL),
(391, 156, 118, '', 0, 10, 0, 20, 0, 1, 0, NULL),
(392, 157, 468, '', 0, 150, 0, 250, 0, 0.38, 0, NULL),
(393, 158, 111, '', 0, 40, 0, 100, 25, 2, 0, NULL),
(394, 159, 118, '', 0, 10, 0, 20, 0, 1, 0, NULL),
(395, 160, 50, '', 0, 70, 0, 100, 0, 1, 0, NULL),
(396, 161, 275, '', 0, 550, 0, 750, 220, 3, 0, ''),
(399, 162, 493, '', 0, 25, 0, 40, 0, 1, 0, NULL),
(400, 162, 291, '', 0, 6, 0, 8, 0, 5, 0, NULL),
(402, 162, 417, '', 0, 2, 0, 2.5, 0, 10, 0, NULL),
(403, 162, 286, '', 0, 20, 0, 25, 0, 4, 0, NULL),
(404, 134, 156, '', 0, 150, 0, 170, 0, 20, 0, NULL),
(405, 134, 118, '', 0, 10, 0, 20, 0, 4, 0, NULL),
(406, 163, 31, '', 0, 90, 0, 150, 25, 8, 0, NULL),
(407, 163, 477, '', 0, 300, 0, 350, 0, 1, 0, NULL),
(408, 163, 426, '', 0, 25, 0, 50, 0, 2, 0, NULL),
(409, 164, 31, '', 0, 90, 0, 150, 25, 6, 0, NULL),
(410, 165, 147, '', 0, 400, 0, 550, 0, 1, 0, NULL),
(411, 165, 50, '', 0, 70, 0, 100, 0, 1, 0, NULL),
(412, 166, 435, '', 0, 50, 0, 100, 0, 6, 0, NULL),
(413, 166, 147, '', 0, 400, 0, 550, 0, 1, 0, NULL),
(414, 166, 38, '', 0, 340, 0, 400, 0, 1, 0, NULL),
(415, 166, 434, '', 0, 50, 0, 100, 0, 1, 0, NULL),
(416, 166, 53, '', 0, 1225, 0, 1600, 0, 1, 0, NULL),
(417, 166, 399, '', 0, 215, 0, 300, 0, 1, 0, NULL),
(418, 166, 394, '', 0, 480, 0, 600, 50, 1, 0, NULL),
(419, 166, 426, '', 0, 25, 0, 50, 0, 1, 0, NULL),
(427, 167, 413, '', 0, 26, 0, 50, 0, 1, 0, NULL),
(428, 168, 33, '', 0, 65, 0, 80, 0, 10, 0, NULL),
(429, 169, 35, '', 0, 456, 0, 600, 50, 1, 0, NULL),
(430, 170, 29, '', 0, 70, 0, 100, 0, 0.5, 0, NULL),
(431, 171, 275, '', 0, 550, 0, 750, 0, 2, 0, NULL),
(432, 172, 213, '', 0, 35, 0, 40, 0, 2, 0, NULL),
(433, 173, 422, '', 0, 1.5, 0, 2.5, 0, 8, 0, NULL),
(434, 174, 397, '', 0, 20, 0, 40, 0, 2, 0, '11.01.2021'),
(435, 174, 555, '', 0, 1310, 0, 1550, 0, 26.35, 0, '11.01.2021'),
(436, 174, 552, '', 0, 1380, 0, 1550, 0, 12.4, 0, '11.01.2021'),
(437, 174, 401, '', 0, 40, 0, 45, 0, 150, 0, '11.01.2021'),
(438, 174, 430, '', 0, 3, 0, 5, 0, 100, 0, '11.01.2021'),
(439, 174, 390, '', 0, 3, 0, 5, 0, 100, 0, '11.01.2021'),
(440, 174, 26, '', 0, 595, 0, 675, 0, 3, 0, '11.01.2021'),
(441, 174, 23, '', 0, 375, 0, 450, 0, 4, 0, '11.01.2021'),
(442, 174, 35, '', 0, 456, 0, 600, 0, 4, 0, '11.01.2021'),
(443, 174, 37, '', 0, 84, 0, 100, 0, 10, 0, '11.01.2021'),
(444, 174, 147, '', 0, 400, 0, 550, 0, 2, 0, '11.01.2021'),
(445, 174, 402, '', 0, 45, 0, 50, 0, 150, 0, '11.01.2021'),
(446, 174, 559, '', 0, 45, 0, 60, 0, 150, 0, '11.01.2021'),
(447, 174, 560, '', 0, 45, 0, 50, 0, 6, 0, '11.01.2021'),
(449, 175, 29, '', 0, 70, 0, 100, 0, 1, 0, NULL),
(450, 175, 111, '', 0, 40, 0, 100, 0, 2, 0, NULL),
(451, 175, 72, '', 0, 330, 0, 420, 0, 1.06, 0, NULL),
(452, 175, 100, '', 0, 375, 0, 450, 20, 3, 0, NULL),
(453, 175, 71, '', 0, 850, 0, 2000, 0, 0.05, 0, NULL),
(456, 176, 114, '', 0, 250, 0, 270, 0, 1, 0, NULL),
(458, 178, 29, '', 0, 70, 0, 100, 0, 1, 0, NULL),
(459, 178, 103, '', 0, 1700, 0, 3000, 0, 0.05, 0, NULL),
(460, 178, 72, '', 0, 330, 0, 420, 0, 0.5, 0, NULL),
(461, 178, 100, '', 0, 375, 0, 450, 0, 2.48, 0, NULL),
(465, 179, 71, '', 0, 850, 0, 2000, 0, 0.1, 0, NULL),
(466, 180, 111, '', 0, 40, 0, 100, 0, 1, 0, NULL),
(467, 180, 100, '', 0, 375, 0, 450, 20, 3.05, 0, NULL),
(469, 181, 546, '', 0, 495, 0, 550, 0, 10, 0, NULL),
(470, 182, 31, '', 0, 90, 0, 150, 0, 1, 0, NULL),
(471, 183, 424, '', 0, 950, 0, 1100, 0, 1, 0, ''),
(472, 184, 424, '', 0, 950, 0, 1100, 0, 1, 0, ''),
(473, 184, 148, '', 0, 160, 0, 170, 0, 1, 0, ''),
(475, 185, 100, '', 0, 375, 0, 450, 0, 5.5, 0, ''),
(476, 185, 29, '', 0, 70, 0, 100, 0, 5, 0, ''),
(477, 185, 72, '', 0, 330, 0, 420, 0, 1.09, 0, ''),
(478, 185, 71, '', 0, 850, 0, 2000, 0, 0.1, 0, ''),
(479, 185, 114, '', 0, 250, 0, 270, 0, 1, 0, ''),
(482, 174, 19, '', 0, 822, 0, 1000, 0, 1, 0, '12.01.2021'),
(483, 186, 532, '', 0, 110, 0, 130, 0, 1, 0, ''),
(484, 187, 118, '', 0, 10, 0, 20, 0, 5, 0, ''),
(485, 188, 100, '', 0, 375, 0, 450, 0, 1, 0, ''),
(486, 188, 111, '', 0, 40, 0, 100, 0, 1, 0, ''),
(487, 188, 29, '', 0, 70, 0, 100, 0, 0.25, 0, ''),
(488, 188, 72, '', 0, 330, 0, 420, 0, 0.22, 0, ''),
(489, 188, 71, '', 0, 850, 0, 2000, 0, 0.05, 0, ''),
(490, 188, 347, '', 0, 5, 0, 7, 0, 3, 0, ''),
(492, 189, 100, '', 0, 375, 0, 450, 0, -0.4, 0, ''),
(493, 190, 72, '', 0, 330, 0, 420, 0, 0.42, 0, ''),
(494, 191, 100, '', 0, 375, 0, 450, 0, 8.8, 0, ''),
(495, 191, 72, '', 0, 330, 0, 420, 0, 6.9, 0, ''),
(496, 191, 29, '', 0, 70, 0, 100, 0, 2, 0, ''),
(497, 191, 127, '', 0, 50, 0, 80, 0, 1, 0, ''),
(498, 191, 71, '', 0, 850, 0, 2000, 0, 0.25, 0, ''),
(501, 192, 374, '', 0, 215, 0, 300, 0, 2, 0, ''),
(502, 193, 563, '', 0, 200, 0, 350, 0, 1, 0, ''),
(504, 195, 50, '', 0, 70, 0, 100, 0, 1, 0, ''),
(506, 177, 387, '', 0, 2023, 0, 2500, 150, 1, 0, '12.01.2021'),
(507, 174, 119, '', 0, 95, 0, 125, 0, 1, 0, '12.01.2020'),
(508, 196, 333, '', 0, 8, 0, 10, 0, 2, 0, ''),
(509, 197, 50, '', 0, 70, 0, 100, 0, 1, 0, ''),
(510, 198, 468, '', 0, 150, 0, 250, 0, 1.6, 0, ''),
(511, 199, 236, '', 0, 550, 0, 600, 0, 1, 0, ''),
(512, 200, 564, '', 0, 1350, 0, 1500, 0, 2, 0, ''),
(513, 200, 374, '', 0, 215, 0, 300, 0, 4, 0, ''),
(514, 200, 377, '', 0, 125, 0, 150, 0, 4, 0, ''),
(515, 200, 375, '', 0, 250, 0, 300, 0, 4, 0, ''),
(516, 200, 376, '', 0, 25, 0, 30, 0, 4, 0, ''),
(517, 201, 316, '', 0, 10, 0, 12, 0, 5, 0, ''),
(518, 201, 300, '', 0, 20, 0, 25, 0, 2, 0, ''),
(519, 201, 470, '', 0, 2, 0, 5, 0, 1, 0, ''),
(520, 201, 399, '', 0, 215, 0, 300, 0, 1, 0, ''),
(521, 201, 397, '', 0, 20, 0, 40, 0, 1, 0, ''),
(522, 201, 118, '', 0, 10, 0, 20, 0, 1, 0, ''),
(524, 201, 156, '', 0, 150, 0, 170, 15, 10, 0, ''),
(525, 201, 551, '', 0, 258, 0, 300, 0, 1, 0, NULL),
(526, 202, 404, '', 0, 45, 0, 60, 0, 30, 0, ''),
(527, 202, 430, '', 0, 3, 0, 5, 0, 50, 0, ''),
(528, 202, 553, '', 0, 1410, 0, 1550, 0, 4.28, 0, ''),
(529, 203, 413, '', 0, 26, 0, 50, 0, 1, 0, ''),
(530, 177, 100, '', 0, 375, 0, 450, 40, 15, 0, '13..01.2021'),
(531, 177, 72, '', 0, 330, 0, 420, 60, 4.5, 0, '13.01.2021'),
(532, 177, 71, '', 0, 850, 0, 2000, 0, 0.15, 0, '12.01.2021'),
(533, 177, 111, '', 0, 40, 0, 100, 25, 5, 0, '13.01.2021'),
(534, 177, 532, '', 0, 110, 0, 130, 5, 2, 0, '13.01.2021'),
(535, 204, 553, '', 0, 1410, 0, 1550, 0, 2.15, 0, ''),
(536, 204, 559, '', 0, 40, 0, 55, 0, 20, 0, ''),
(537, 204, 401, '', 0, 40, 0, 50, 0, 20, 0, ''),
(538, 204, 430, '', 0, 3, 0, 5, 0, 30, 0, ''),
(539, 204, 390, '', 0, 3, 0, 5, 0, 10, 0, ''),
(542, 205, 100, '', 0, 375, 0, 450, 0, 0.23, 0, ''),
(543, 206, 71, '', 0, 850, 0, 2000, 0, 0.1, 0, ''),
(544, 207, 407, '', 0, 60, 0, 100, 0, -12, 0, ''),
(545, 208, 409, '', 0, 200, 0, 250, 30, 4, 0, ''),
(546, 209, 551, '', 0, 258, 0, 300, 40, 5, 0, ''),
(547, 134, 50, '', 0, 70, 0, 100, 0, 1, 0, '13.01.2021'),
(549, 210, 424, '', 0, 950, 0, 1100, 0, 1, 0, ''),
(551, 177, 71, '', 0, 850, 0, 2000, 0, 0.25, 0, '13.01.2021'),
(552, 177, 387, '', 0, 2023, 0, 2500, 150, 1, 0, '14.01.2021'),
(553, 211, 71, '', 0, 850, 0, 2000, 10, 0.08, 0, ''),
(554, 211, 333, '', 0, 8, 0, 10, 0, 2, 0, ''),
(555, 211, 150, '', 0, 160, 0, 170, 0, 2, 0, ''),
(556, 211, 148, '', 0, 160, 0, 170, 0, 1, 0, ''),
(560, 212, 147, '', 0, 400, 0, 550, 0, 1, 0, ''),
(561, 212, 37, '', 0, 84, 0, 100, 0, 3, 0, ''),
(563, 213, 111, '', 0, 40, 0, 100, 20, 6, 0, ''),
(564, 214, 100, '', 0, 375, 0, 450, 20, 40, 0, ''),
(565, 215, 193, '', 0, 70, 0, 80, 5, 2, 0, ''),
(566, 215, 195, '', 0, 160, 0, 200, 0, 2, 0, ''),
(567, 215, 451, '', 0, 65, 0, 125, 50, 2, 0, ''),
(568, 215, 450, '', 0, 100, 0, 200, 0, 2, 0, ''),
(572, 216, 424, '', 0, 950, 0, 1100, 0, 1, 0, ''),
(573, 217, 546, '', 0, 495, 0, 550, 0, 1, 0, ''),
(574, 218, 72, '', 0, 330, 0, 420, 0, 1.88, 0, ''),
(575, 218, 100, '', 0, 375, 0, 450, 20, 4, 0, ''),
(576, 218, 71, '', 0, 850, 0, 2000, 0, 0.15, 0, ''),
(577, 218, 111, '', 0, 40, 0, 100, 0, 3, 0, ''),
(581, 219, 467, '', 0, 150, 0, 250, 0, 0.65, 0, ''),
(582, 220, 156, '', 0, 150, 0, 170, 15, 10, 0, ''),
(583, 221, 100, '', 0, 375, 0, 450, 0, 4.68, 0, ''),
(584, 221, 72, '', 0, 330, 0, 420, 0, 0.92, 0, ''),
(585, 177, 198, '', 0, 480, 0, 600, 0, 2, 0, '14.01.2021'),
(586, 222, 554, '', 0, 1310, 0, 1550, 0, 2.09, 0, '14.01.2021'),
(587, 177, 29, '', 0, 70, 0, 100, 0, 3, 0, '14.01.2021'),
(588, 220, 25, '', 0, 170, 0, 200, 0, 1, 0, NULL),
(590, 222, 553, '', 0, 1410, 0, 1550, 0, 2.08, 0, '14.01.2021'),
(591, 222, 404, '', 0, 45, 0, 60, 0, 80, 0, '14.01.2021'),
(592, 222, 26, '', 0, 590, 0, 675, 0, 1, 0, '14.01.2021'),
(593, 222, 430, '', 0, 3, 0, 5, 0, 50, 0, '14.01.2021'),
(594, 223, 156, '', 0, 150, 0, 170, 0, 12, 0, ''),
(595, 221, 100, '', 0, 375, 0, 450, 0, 3.6, 0, ''),
(596, 222, 554, '', 0, 1310, 0, 1550, 0, 2.1, 0, '14.01.2021'),
(597, 217, 31, '', 0, 90, 0, 150, 0, 1, 0, NULL),
(598, 224, 72, '', 0, 330, 0, 420, 0, 10.08, 0, ''),
(599, 225, 570, '', 0, 220, 0, 280, 0, 15, 0, '01.01.2021'),
(600, 225, 571, '', 0, 104, 0, 110, 2, 210, 0, '01.01.2021'),
(602, 225, 570, '', 0, 220, 0, 280, 0, 20, 0, '07.01.2021'),
(603, 225, 571, '', 0, 104, 0, 110, 2, 210, 0, '07.01.2021'),
(604, 226, 156, '', 0, 150, 0, 170, 10, 2, 0, ''),
(605, 222, 550, '', 0, 950, 0, 1600, 0, 1, 0, '15.01.2021'),
(606, 226, 156, '', 0, 150, 0, 170, 10, 3, 0, ''),
(607, 227, 424, '', 0, 950, 0, 1100, 0, 1, 0, ''),
(608, 228, 468, '', 0, 150, 0, 250, 0, 1.9, 0, ''),
(609, 229, 401, '', 0, 40, 0, 50, 0, 150, 0, ''),
(610, 229, 26, '', 0, 590, 0, 675, 0, 3, 0, ''),
(612, 230, 51, '', 0, 2800, 0, 4200, 0, 1, 0, '02.01.2021'),
(613, 230, 572, '', 0, 3000, 0, 3300, 0, 1, 0, '02.01.2021'),
(614, 230, 550, '', 0, 950, 0, 1600, 0, 2, 0, '03.01.2021'),
(615, 225, 570, '', 0, 220, 0, 280, 0, 25, 0, '14.01.2021'),
(616, 225, 571, '', 0, 104, 0, 110, 2, 210, 0, '14.01.2021'),
(617, 231, 119, '', 0, 95, 0, 125, 0, 5, 0, ''),
(618, 231, 404, '', 0, 45, 0, 60, 0, 30, 0, ''),
(619, 231, 430, '', 0, 3, 0, 5, 0, 20, 0, ''),
(620, 231, 167, '', 0, 65, 0, 80, 0, 1, 0, ''),
(624, 232, 443, '', 0, 80, 0, 100, 0, 1, 0, ''),
(625, 232, 344, '', 0, 4, 0, 5, 0, 2, 0, ''),
(626, 232, 325, '', 0, 30, 0, 35, 0, 2, 0, ''),
(627, 232, 68, '', 0, 180, 0, 200, 0, 2, 0, ''),
(628, 232, 64, '', 0, 80, 0, 100, 0, 2, 0, ''),
(629, 232, 413, '', 0, 26, 0, 50, 0, 1, 0, ''),
(630, 232, 573, '', 0, 150, 0, 200, 0, 2, 0, ''),
(631, 231, 368, '', 0, 50, 0, 80, 0, 5, 0, NULL),
(633, 232, 325, '', 0, 30, 0, 35, 0, 1, 0, NULL),
(634, 232, 349, '', 0, 4, 0, 5, 0, 1, 0, NULL),
(635, 232, 344, '', 0, 4, 0, 5, 0, 1, 0, NULL),
(636, 231, 576, '', 0, 292, 0, 310, 0, 1, 0, NULL),
(637, 233, 100, '', 0, 375, 0, 450, 10, 0.62, 0, ''),
(638, 233, 71, '', 0, 850, 0, 2000, 0, 0.05, 0, ''),
(639, 233, 437, '', 0, 2750, 0, 3375, 0, 1, 0, ''),
(640, 233, 558, '', 0, 195, 0, 225, 0, 1, 0, ''),
(641, 233, 38, '', 0, 340, 0, 430, 0, 1, 0, ''),
(644, 234, 558, '', 0, 195, 0, 225, 0, 1, 0, ''),
(645, 235, 562, '', 0, 360, 0, 600, 100, 1, 0, ''),
(646, 235, 210, '', 0, 400, 0, 750, 150, 1, 0, ''),
(648, 236, 576, '', 0, 292, 0, 310, 0, 1, 0, ''),
(664, 237, 393, '', 0, 300, 0, 400, 50, 1, 0, ''),
(665, 237, 413, '', 0, 26, 0, 50, 0, 1, 0, NULL),
(666, 222, 474, '', 0, 1000, 0, 1100, 0, 1, 0, '15.01.2021'),
(667, 222, 394, '', 0, 500, 0, 600, 0, 1, 0, '15.01.2021'),
(668, 222, 131, '', 0, 45, 0, 120, 20, 1, 0, '15.01.2021'),
(669, 222, 421, '', 0, 2, 0, 2.5, 0, 10, 0, '15.01.2021'),
(670, 222, 417, '', 0, 2, 0, 2.5, 0, 10, 0, '15.01.2021'),
(671, 222, 294, '', 0, 140, 0, 150, 0, 1, 0, '15.01.2021'),
(672, 222, 380, '', 0, 120, 0, 120, 10, 2, 0, '15.01.2021'),
(673, 222, 493, '', 0, 25, 0, 40, 0, 1, 0, '15.01.2021'),
(674, 222, 516, '', 0, 25, 0, 50, 0, 1, 0, '15.01.2021'),
(675, 222, 410, '', 0, 13950, 0, 17000, 500, 1, 0, '15.01.2021'),
(676, 238, 417, '', 0, 2, 0, 2.5, 0, 20, 0, ''),
(677, 238, 557, '', 0, 125, 0, 150, 0, 2, 0, ''),
(678, 238, 286, '', 0, 20, 0, 25, 0, 5, 0, ''),
(679, 238, 291, '', 0, 6, 0, 8, 0, 10, 0, ''),
(680, 238, 164, '', 0, 80, 0, 180, 30, 1, 0, ''),
(683, 239, 275, '', 0, 550, 0, 750, 0, 3, 0, ''),
(684, 240, 212, '', 0, 10, 0, 15, 0, 5, 0, ''),
(685, 240, 213, '', 0, 35, 0, 40, 0, 3, 0, ''),
(687, 240, 424, '', 0, 950, 0, 1100, 0, 1, 0, NULL),
(688, 241, 277, '', 0, 1450, 0, 1700, 0, 3, 0, ''),
(689, 241, 214, '', 0, 180, 0, 200, 0, 3, 0, ''),
(691, 241, 255, '', 0, 15, 0, 20, 0, 6, 0, NULL),
(692, 241, 283, '', 0, 1100, 0, 1250, 0, 3, 0, ''),
(693, 242, 575, '', 0, 622, 0, 650, 0, 1, 0, ''),
(694, 243, 424, '', 0, 950, 0, 1100, 0, 1, 0, ''),
(695, 243, 118, '', 0, 10, 0, 20, 0, 5, 0, ''),
(697, 244, 368, '', 0, 50, 0, 80, 0, 2, 0, ''),
(698, 244, 320, '', 0, 8, 0, 10, 0, 8, 0, ''),
(699, 244, 321, '', 0, 18, 0, 20, 0, 10, 0, ''),
(700, 244, 365, '', 0, 50, 0, 70, 0, 1, 0, ''),
(701, 244, 361, '', 0, 50, 0, 70, 0, 1, 0, ''),
(702, 244, 359, '', 0, 60, 0, 75, 0, 1, 0, ''),
(703, 244, 470, '', 0, 2, 0, 5, 0, 2, 0, ''),
(704, 244, 492, '', 0, 25, 0, 40, 0, 1, 0, ''),
(705, 244, 417, '', 0, 2, 0, 2.5, 0, 10, 0, ''),
(706, 244, 421, '', 0, 2, 0, 2.5, 0, 20, 0, ''),
(712, 245, 574, '', 0, 1562, 0, 1600, 0, 1, 0, ''),
(713, 246, 477, '', 0, 300, 0, 350, 0, 1, 0, ''),
(714, 246, 409, '', 0, 200, 0, 250, 0, 2, 0, NULL),
(715, 246, 392, '', 0, 400, 0, 500, 0, 1, 0, NULL),
(716, 247, 31, '', 0, 90, 0, 150, 25, 4, 0, ''),
(717, 247, 492, '', 0, 25, 0, 40, 0, 1, 0, ''),
(718, 247, 174, '', 0, 25, 0, 40, 0, 1, 0, ''),
(719, 247, 421, '', 0, 2, 0, 2.5, 0, 10, 0, ''),
(720, 247, 417, '', 0, 2, 0, 2.5, 0, 10, 0, ''),
(721, 247, 291, '', 0, 6, 0, 8, 0, 5, 0, ''),
(722, 247, 470, '', 0, 2, 0, 5, 0, 1, 0, ''),
(723, 247, 286, '', 0, 20, 0, 25, 0, 1, 0, ''),
(731, 222, 577, '', 0, 380, 0, 450, 0, 19.95, 0, '16.01.2021'),
(732, 222, 575, '', 0, 622, 0, 650, 0, 1, 0, '16.01.2021'),
(733, 248, 411, '', 0, 100, 0, 125, 0, 1, 0, ''),
(734, 246, 166, '', 0, 40, 0, 50, 0, 2, 0, NULL),
(735, 249, 393, '', 0, 300, 0, 400, 0, 1, 0, ''),
(736, 249, 413, '', 0, 26, 0, 50, 0, 1, 0, ''),
(738, 250, 407, '', 0, 60, 0, 100, 0, 2, 0, ''),
(739, 250, 409, '', 0, 200, 0, 250, 0, 2, 0, ''),
(741, 222, 545, '', 0, 2460, 0, 2750, 50, 1, 0, '16.01.2021'),
(742, 251, 577, '', 0, 380, 0, 430, 0, 10.85, 0, ''),
(743, 252, 396, '', 0, 475, 0, 600, 0, 1, 0, ''),
(744, 252, 392, '', 0, 400, 0, 500, 0, 1, 0, ''),
(746, 253, 147, '', 0, 400, 0, 550, 0, 1, 0, ''),
(747, 253, 435, '', 0, 50, 0, 100, 0, 4, 0, ''),
(749, 254, 292, '', 0, 12, 0, 15, 0, 10, 0, ''),
(750, 254, 289, '', 0, 8, 0, 10, 0, 10, 0, ''),
(752, 255, 45, '', 0, 1.7, 0, 2, 0, 100, 0, ''),
(753, 250, 38, '', 0, 340, 0, 420, 0, 1, 0, NULL),
(754, 234, 137, '', 0, 55, 0, 80, 5, 1, 0, ''),
(755, 256, 480, '', 0, 250, 0, 300, 0, 1, 0, ''),
(756, 257, 575, '', 0, 622, 0, 650, 0, 2, 0, ''),
(757, 258, 53, '', 0, 1225, 0, 1600, 0, 1, 0, ''),
(758, 258, 476, '', 0, 250, 0, 300, 0, 2, 0, ''),
(759, 258, 576, '', 0, 292, 0, 310, 0, 1, 0, ''),
(760, 259, 576, '', 0, 292, 0, 310, 0, 1, 0, ''),
(761, 260, 43, '', 0, 850, 0, 950, 0, 1, 0, ''),
(764, 261, 58, '', 0, 230, 0, 300, 0, 1, 0, ''),
(765, 262, 196, '', 0, 65, 0, 75, 0, 2, 0, ''),
(766, 262, 193, '', 0, 70, 0, 80, 0, 2, 0, ''),
(768, 263, 25, '', 0, 170, 0, 200, 0, 1, 0, ''),
(769, 261, 563, '', 0, 200, 0, 350, 0, 1, 0, NULL),
(770, 264, 406, '', 0, 2100, 0, 3000, 100, 1, 0, ''),
(771, 264, 495, '', 0, 550, 0, 800, 0, -1, 0, NULL),
(772, 260, 148, '', 0, 160, 0, 170, 0, 1, 0, NULL),
(773, 191, 100, '', 0, 375, 0, 450, 0, 7.25, 0, '16.01.2021'),
(774, 191, 72, '', 0, 330, 0, 420, 0, 3, 0, '16.01.2021'),
(775, 191, 71, '', 0, 850, 0, 2000, 0, 0.1, 0, '16.01.2021'),
(776, 191, 100, '', 0, 375, 0, 450, 0, 7, 0, '16.01.2021'),
(777, 191, 71, '', 0, 850, 0, 2000, 0, 0.15, 0, '16.01.2021'),
(778, 191, 111, '', 0, 40, 0, 100, 0, 2, 0, '16.01.2021'),
(779, 191, 29, '', 0, 70, 0, 100, 0, 2, 0, '16.01.2021'),
(780, 191, 106, '', 0, 1700, 0, 3000, 0, 0.53, 0, '16.01.2021'),
(781, 174, 346, '', 0, 4, 0, 5, 0, 6, 0, '16.01.2021'),
(782, 174, 70, '', 0, 10, 0, 20, 0, 1, 0, '16.01.2021'),
(783, 134, 217, '', 0, 5, 0, 10, 0, 5, 0, '16.01.2021'),
(784, 223, 397, '', 0, 20, 0, 40, 0, 5, 0, '16.01.2021'),
(785, 265, 424, '', 0, 950, 0, 1100, 0, 2, 0, ''),
(787, 265, 148, '', 0, 160, 0, 170, 0, 1, 0, ''),
(788, 265, 411, '', 0, 100, 0, 125, 0, 1, 0, ''),
(789, 265, 29, '', 0, 70, 0, 100, 0, 0.5, 0, ''),
(790, 265, 71, '', 0, 850, 0, 2000, 0, 0.03, 0, ''),
(791, 265, 100, '', 0, 375, 0, 450, 0, 0.5, 0, ''),
(792, 265, 72, '', 0, 330, 0, 420, 0, 0.11, 0, ''),
(793, 265, 111, '', 0, 40, 0, 100, 0, 1, 0, ''),
(794, 265, 31, '', 0, 90, 0, 150, 0, 1, 0, ''),
(795, 265, 563, '', 0, 200, 0, 350, 50, 3, 0, ''),
(796, 265, 558, '', 0, 195, 0, 225, 0, 1, 0, ''),
(797, 265, 106, '', 0, 1700, 0, 3000, 0, 0.14, 0, ''),
(798, 265, 105, '', 0, 1700, 0, 3000, 0, 0.14, 0, ''),
(800, 265, 149, '', 0, 160, 0, 170, 0, 1, 0, NULL),
(801, 125, 390, '', 0, 3, 0, 5, 0, 20, 0, '16.01.2021'),
(802, 125, 565, '', 0, 1250, 0, 1550, 0, 2.03, 0, ''),
(803, 266, 562, '', 0, 360, 0, 600, 0, 1, 0, ''),
(804, 266, 141, '', 0, 1200, 0, 1400, 0, 1, 0, ''),
(807, 152, 58, '', 0, 230, 0, 300, 0, 1, 0, NULL),
(808, 152, 185, '', 0, 80, 0, 100, 0, 1, 0, NULL),
(809, 152, 27, '', 0, 700, 0, 800, 0, 1, 0, NULL),
(810, 152, 432, '', 0, 15, 0, 30, 0, 3, 0, NULL),
(811, 267, 111, '', 0, 40, 0, 100, 40, 10, 0, ''),
(812, 267, 467, '', 0, 150, 0, 250, 0, 0.5, 0, ''),
(814, 268, 566, '', 0, 475, 0, 600, 0, 1, 0, ''),
(815, 268, 406, '', 0, 2100, 0, 3000, 200, 1, 0, ''),
(817, 269, 177, '', 0, 170, 0, 180, 0, 1, 0, ''),
(818, 269, 518, '', 0, 5, 0, 10, 0, 1, 0, ''),
(820, 269, 111, '', 0, 40, 0, 100, 0, 5, 0, NULL),
(821, 269, 156, '', 0, 150, 0, 170, 10, 10, 0, ''),
(822, 269, 217, '', 0, 5, 0, 10, 0, 1, 0, NULL),
(823, 269, 275, '', 0, 550, 0, 750, 0, 0, 0, NULL),
(824, 269, 275, '', 0, 550, 0, 750, 15, 3, 0, ''),
(825, 269, 213, '', 0, 35, 0, 40, 0, 3, 0, NULL),
(826, 270, 435, '', 0, 50, 0, 100, 0, 3, 0, ''),
(827, 270, 289, '', 0, 8, 0, 10, 0, 5, 0, ''),
(828, 270, 286, '', 0, 20, 0, 25, 0, 5, 0, ''),
(829, 270, 417, '', 0, 2, 0, 2.5, 0, 10, 0, ''),
(833, 229, 402, '', 0, 46, 0, 55, 0, 50, 0, ''),
(834, 271, 548, '', 0, 750, 0, 950, 50, 1, 0, ''),
(835, 271, 119, '', 0, 95, 0, 125, 0, 2, 0, ''),
(836, 271, 430, '', 0, 3, 0, 5, 0, 10, 0, ''),
(837, 271, 557, '', 0, 125, 0, 150, 0, 1, 0, ''),
(838, 271, 291, '', 0, 6, 0, 8, 0, 10, 0, ''),
(841, 271, 516, '', 0, 25, 0, 50, 0, 2, 0, NULL),
(842, 272, 574, '', 0, 1562, 0, 1600, 0, 1, 0, ''),
(843, 272, 53, '', 0, 1225, 0, 1600, 0, 1, 0, ''),
(845, 273, 351, '', 0, 225, 0, 300, 0, 1, 0, ''),
(846, 273, 347, '', 0, 5, 0, 7, 0, 2, 0, NULL),
(847, 273, 324, '', 0, 20, 0, 25, 0, 1, 0, NULL),
(848, 273, 426, '', 0, 25, 0, 50, 0, 1, 0, NULL),
(849, 274, 155, '', 0, 150, 0, 170, 0, 1, 0, ''),
(850, 274, 154, '', 0, 160, 0, 170, 0, 1, 0, ''),
(851, 274, 576, '', 0, 292, 0, 310, 0, 1, 0, ''),
(852, 275, 166, '', 0, 40, 0, 50, 0, 3, 0, ''),
(853, 276, 31, '', 0, 90, 0, 150, 25, 10, 0, ''),
(854, 277, 545, '', 0, 2460, 0, 2750, 250, 20, 0, ''),
(855, 277, 546, '', 0, 495, 0, 550, 50, 20, 0, ''),
(857, 274, 413, '', 0, 26, 0, 50, 0, 1, 0, NULL),
(858, 278, 351, '', 0, 225, 0, 300, 0, 2, 0, ''),
(859, 279, 31, '', 0, 90, 0, 150, 25, 16, 0, ''),
(860, 280, 31, '', 0, 90, 0, 150, 25, 4, 0, ''),
(861, 281, 460, '', 0, 145, 0, 200, 0, 1, 0, ''),
(862, 282, 306, '', 0, 150, 0, 170, 0, 2, 0, ''),
(863, 282, 309, '', 0, 80, 0, 100, 0, 4, 0, ''),
(864, 282, 299, '', 0, 25, 0, 40, 0, 3, 0, ''),
(865, 282, 284, '', 0, 15, 0, 30, 0, 2, 0, ''),
(866, 282, 292, '', 0, 12, 0, 15, 0, 5, 0, ''),
(867, 282, 470, '', 0, 2, 0, 5, 0, 4, 0, ''),
(868, 282, 141, '', 0, 1200, 0, 1400, 0, 1, 0, ''),
(869, 283, 147, '', 0, 400, 0, 550, 0, 1, 0, ''),
(870, 284, 575, '', 0, 622, 0, 650, 0, 1, 0, ''),
(871, 285, 58, '', 0, 230, 0, 300, 0, 1, 0, ''),
(872, 285, 575, '', 0, 622, 0, 650, 0, 1, 0, ''),
(874, 286, 405, '', 0, 8500, 0, 10000, 600, 1, 0, ''),
(875, 287, 552, '', 0, 1380, 0, 1550, 0, 2.1, 0, ''),
(876, 287, 404, '', 0, 45, 0, 60, 0, 50, 0, ''),
(878, 288, 275, '', 0, 550, 0, 750, 50, 2, 0, ''),
(879, 289, 374, '', 0, 215, 0, 300, 0, 5, 0, ''),
(880, 289, 327, '', 0, 30, 0, 35, 0, 6, 0, ''),
(881, 289, 348, '', 0, 8, 0, 10, 0, 10, 0, ''),
(882, 289, 346, '', 0, 4, 0, 5, 0, 12, 0, ''),
(883, 289, 379, '', 0, 20, 0, 25, 0, 65, 0, ''),
(884, 289, 383, '', 0, 250, 0, 300, 0, 20, 0, ''),
(885, 289, 377, '', 0, 125, 0, 150, 0, 6, 0, ''),
(886, 289, 376, '', 0, 25, 0, 30, 0, 11, 0, ''),
(887, 289, 338, '', 0, 20, 0, 30, 0, 10, 0, ''),
(894, 288, 50, '', 0, 70, 0, 100, 0, 1, 0, NULL),
(895, 288, 368, '', 0, 50, 0, 80, 25, 2, 0, ''),
(896, 290, 467, '', 0, 150, 0, 250, 0, 0.2, 0, 'Return change'),
(897, 290, 156, '', 0, 150, 0, 170, 0, 1, 0, ''),
(899, 290, 424, '', 0, 950, 0, 1100, 0, 1, 0, NULL),
(901, 291, 219, '', 0, 350, 0, 750, 100, 2, 0, ''),
(902, 291, 186, '', 0, 40, 0, 100, 0, 2, 0, ''),
(904, 290, 563, '', 0, 200, 0, 350, 0, 1, 0, NULL),
(905, 292, 384, '', 0, 1250, 0, 1500, 0, 2, 0, ''),
(906, 293, 424, '', 0, 950, 0, 1100, 0, 1, 0, ''),
(907, 294, 120, '', 0, 270, 0, 300, 0, 1, 0, ''),
(908, 295, 100, '', 0, 375, 0, 450, 20, 40, 0, ''),
(909, 295, 111, '', 0, 40, 0, 100, 25, 10, 0, ''),
(910, 295, 72, '', 0, 350, 0, 420, 60, 30, 0, ''),
(911, 295, 29, '', 0, 70, 0, 100, 0, 7, 0, ''),
(912, 295, 106, '', 0, 1700, 0, 3000, 500, 1, 0, ''),
(913, 295, 71, '', 0, 850, 0, 2000, 500, 0.57, 0, ''),
(914, 295, 128, '', 0, 50, 0, 80, 0, 3, 0, ''),
(915, 295, 50, '', 0, 70, 0, 100, 0, 1, 0, NULL),
(916, 295, 118, '', 0, 10, 0, 20, 0, 2, 0, NULL),
(917, 296, 119, '', 0, 95, 0, 125, 0, 2, 0, ''),
(918, 297, 26, '', 0, 590, 0, 675, 0, 10, 0, '');

-- --------------------------------------------------------

--
-- Table structure for table `tbl_stock_adjustment`
--

CREATE TABLE `tbl_stock_adjustment` (
  `id` int(11) NOT NULL,
  `item_id` int(11) NOT NULL,
  `batch_no` varchar(50) NOT NULL,
  `quantity` decimal(10,2) NOT NULL,
  `description` varchar(200) NOT NULL,
  `created_by` int(11) NOT NULL,
  `created_at` timestamp NOT NULL DEFAULT current_timestamp()
) ENGINE=InnoDB DEFAULT CHARSET=utf8mb4;

--
-- Dumping data for table `tbl_stock_adjustment`
--

INSERT INTO `tbl_stock_adjustment` (`id`, `item_id`, `batch_no`, `quantity`, `description`, `created_by`, `created_at`) VALUES
(1, 7, '', '-74.00', '', 1, '2020-10-09 15:22:30'),
(2, 9, '', '-88.00', '', 1, '2020-10-09 15:26:05'),
(3, 9, '', '88.00', '', 1, '2020-10-09 15:26:32'),
(4, 15, '', '10.00', '', 1, '2020-10-09 15:34:22'),
(5, 390, '', '500.00', 'Purchase', 1, '2021-01-24 07:34:03'),
(6, 390, '', '500.00', 'Purchase', 1, '2021-01-24 07:56:47'),
(7, 390, '', '-500.00', 'Reverse Quantity', 1, '2021-01-24 08:04:45'),
(8, 318, '', '4.00', 'Stock Entry', 1, '2021-01-24 08:35:24');

-- --------------------------------------------------------

--
-- Table structure for table `tbl_unit`
--

CREATE TABLE `tbl_unit` (
  `unit_id` int(11) NOT NULL,
  `unit_type` varchar(50) NOT NULL
) ENGINE=InnoDB DEFAULT CHARSET=utf8mb4;

--
-- Dumping data for table `tbl_unit`
--

INSERT INTO `tbl_unit` (`unit_id`, `unit_type`) VALUES
(1, 'PCS'),
(5, 'KG'),
(6, 'L'),
(7, 'Yart');

-- --------------------------------------------------------

--
-- Table structure for table `tbl_user`
--

CREATE TABLE `tbl_user` (
  `user_id` int(11) NOT NULL,
  `user_name` varchar(150) NOT NULL,
  `user_username` varchar(20) NOT NULL,
  `user_password` varchar(20) NOT NULL,
  `user_role` int(11) NOT NULL,
  `email` varchar(50) NOT NULL,
  `contact` varchar(12) NOT NULL,
  `nic` varchar(15) NOT NULL,
  `user_question` varchar(250) NOT NULL,
  `user_answer` varchar(20) NOT NULL,
  `is_active` tinyint(1) NOT NULL DEFAULT 1,
  `created_at` timestamp NOT NULL DEFAULT current_timestamp()
) ENGINE=InnoDB DEFAULT CHARSET=utf8mb4;

--
-- Dumping data for table `tbl_user`
--

INSERT INTO `tbl_user` (`user_id`, `user_name`, `user_username`, `user_password`, `user_role`, `email`, `contact`, `nic`, `user_question`, `user_answer`, `is_active`, `created_at`) VALUES
(1, 'Admin', 'admin', '1993', 1, '', '', '', 'What is your Pet Name?', 'John', 1, '2020-08-02 00:00:00'),
(2, 'Fazil', 'fasil', 'manager', 3, '', '', '', 'Where were you born?', 'Batticaloa', 1, '2020-08-07 00:00:00'),
(3, 'FAZIL', 'fazil', '1997', 2, '', '0757479767', '', 'What is your Pet Name?', '', 1, '2021-01-06 15:26:44');

-- --------------------------------------------------------

--
-- Table structure for table `tbl_user_log`
--

CREATE TABLE `tbl_user_log` (
  `id` int(11) NOT NULL,
  `user_id` int(11) NOT NULL,
  `log_type` tinyint(1) NOT NULL,
  `log_time` timestamp NOT NULL DEFAULT current_timestamp()
) ENGINE=InnoDB DEFAULT CHARSET=utf8mb4;

--
-- Dumping data for table `tbl_user_log`
--

INSERT INTO `tbl_user_log` (`id`, `user_id`, `log_type`, `log_time`) VALUES
(1, 0, 0, '2021-01-19 14:58:46'),
(2, 1, 1, '2021-01-19 15:19:55'),
(3, 1, 1, '2021-01-19 15:21:25'),
(4, 1, 1, '2021-01-19 15:22:28'),
(5, 1, 1, '2021-01-19 15:23:14'),
(6, 1, 1, '2021-01-19 15:24:11'),
(7, 1, 2, '2021-01-19 15:27:01'),
(8, 1, 1, '2021-01-19 15:27:07'),
(9, 1, 1, '2021-01-21 12:17:37'),
(10, 1, 1, '2021-01-21 12:56:42'),
(11, 1, 1, '2021-01-21 12:57:45'),
(12, 1, 1, '2021-01-21 13:01:22'),
(13, 2, 1, '2021-01-21 13:03:53'),
(14, 1, 1, '2021-01-21 13:04:09'),
(15, 1, 1, '2021-01-21 13:04:54'),
(16, 2, 1, '2021-01-21 13:05:00'),
(17, 1, 1, '2021-01-21 13:06:25'),
(18, 2, 2, '2021-01-21 13:06:37'),
(19, 2, 1, '2021-01-21 13:06:41'),
(20, 3, 2, '2021-01-21 13:07:47'),
(21, 1, 1, '2021-01-21 13:07:55'),
(22, 3, 1, '2021-01-21 13:08:14'),
(23, 1, 1, '2021-01-23 06:18:51'),
(24, 1, 1, '2021-01-23 06:31:01'),
(25, 1, 1, '2021-01-23 06:32:49'),
(26, 1, 1, '2021-01-23 06:51:36'),
(27, 1, 1, '2021-01-23 06:55:04'),
(28, 1, 1, '2021-01-23 07:04:26'),
(29, 1, 1, '2021-01-24 07:32:15'),
(30, 1, 1, '2021-01-24 07:33:47'),
(31, 1, 1, '2021-01-24 07:56:31'),
(32, 1, 1, '2021-01-24 08:04:22'),
(33, 1, 2, '2021-01-24 08:29:50'),
(34, 1, 2, '2021-01-24 08:29:53'),
(35, 1, 1, '2021-01-24 08:29:56'),
(36, 1, 1, '2021-01-24 08:31:03'),
(37, 1, 1, '2021-01-24 08:33:11'),
(38, 1, 1, '2021-01-24 08:34:54'),
(39, 1, 1, '2021-01-24 08:57:01'),
(40, 1, 1, '2021-02-04 11:42:30');

-- --------------------------------------------------------

--
-- Table structure for table `tbl_user_role`
--

CREATE TABLE `tbl_user_role` (
  `id` int(11) NOT NULL,
  `role` varchar(50) NOT NULL,
  `permission` varchar(250) NOT NULL
) ENGINE=InnoDB DEFAULT CHARSET=utf8mb4;

--
-- Dumping data for table `tbl_user_role`
--

INSERT INTO `tbl_user_role` (`id`, `role`, `permission`) VALUES
(1, 'Admin', 'All'),
(2, 'Cashier', 'Etc.,Purchase,Cheque,Supplier,Stock'),
(3, 'Manager', 'Etc.,Contact,Payment Log,Sales Log,Stock');

-- --------------------------------------------------------

--
-- Structure for view `paymenthistory`
--
DROP TABLE IF EXISTS `paymenthistory`;

CREATE ALGORITHM=UNDEFINED DEFINER=`root`@`localhost` SQL SECURITY DEFINER VIEW `paymenthistory`  AS  select `tbl_purchase_payment`.`payment_type` AS `description`,`tbl_purchase_payment`.`amount` AS `credit`,0 AS `debit`,`tbl_purchase_payment`.`created_at` AS `date` from `tbl_purchase_payment` where `tbl_purchase_payment`.`payment_type` <> 'Account' union select `tbl_sales_payment`.`payment_type` AS `description`,0 AS `0`,`tbl_sales_payment`.`amount` AS `debit`,`tbl_sales_payment`.`created_at` AS `created_at` from `tbl_sales_payment` where `tbl_sales_payment`.`payment_type` <> 'Account' union select `tbl_expences`.`discription` AS `description`,0 AS `credit`,`tbl_expences`.`amount` AS `debit`,`tbl_expences`.`Date` AS `date` from `tbl_expences` ;

--
-- Indexes for dumped tables
--

--
-- Indexes for table `tbl_bank_account`
--
ALTER TABLE `tbl_bank_account`
  ADD PRIMARY KEY (`id`);

--
-- Indexes for table `tbl_bank_transaction`
--
ALTER TABLE `tbl_bank_transaction`
  ADD PRIMARY KEY (`id`);

--
-- Indexes for table `tbl_brand`
--
ALTER TABLE `tbl_brand`
  ADD PRIMARY KEY (`brand_id`),
  ADD UNIQUE KEY `brand_code` (`brand_code`),
  ADD UNIQUE KEY `brand_name` (`brand_name`);

--
-- Indexes for table `tbl_cart`
--
ALTER TABLE `tbl_cart`
  ADD PRIMARY KEY (`cart_id`);

--
-- Indexes for table `tbl_category`
--
ALTER TABLE `tbl_category`
  ADD PRIMARY KEY (`category_id`),
  ADD UNIQUE KEY `category_code` (`category_code`),
  ADD UNIQUE KEY `category_name` (`category_name`);

--
-- Indexes for table `tbl_expences`
--
ALTER TABLE `tbl_expences`
  ADD PRIMARY KEY (`expences_id`),
  ADD KEY `Date` (`Date`);

--
-- Indexes for table `tbl_invoice`
--
ALTER TABLE `tbl_invoice`
  ADD PRIMARY KEY (`id`),
  ADD KEY `people_id` (`people_id`),
  ADD KEY `paid_amount` (`paid_amount`),
  ADD KEY `total` (`total`);

--
-- Indexes for table `tbl_item`
--
ALTER TABLE `tbl_item`
  ADD PRIMARY KEY (`itm_id`),
  ADD UNIQUE KEY `itm_code` (`itm_code`),
  ADD KEY `itm_barcode` (`itm_barcode`);

--
-- Indexes for table `tbl_item_location`
--
ALTER TABLE `tbl_item_location`
  ADD PRIMARY KEY (`id`);

--
-- Indexes for table `tbl_item_suspended`
--
ALTER TABLE `tbl_item_suspended`
  ADD PRIMARY KEY (`id`);

--
-- Indexes for table `tbl_item_transfer`
--
ALTER TABLE `tbl_item_transfer`
  ADD PRIMARY KEY (`id`);

--
-- Indexes for table `tbl_master_data`
--
ALTER TABLE `tbl_master_data`
  ADD PRIMARY KEY (`id`);

--
-- Indexes for table `tbl_people`
--
ALTER TABLE `tbl_people`
  ADD PRIMARY KEY (`people_id`),
  ADD KEY `is_supplier` (`is_supplier`);

--
-- Indexes for table `tbl_purchase`
--
ALTER TABLE `tbl_purchase`
  ADD PRIMARY KEY (`id`);

--
-- Indexes for table `tbl_purchase_items`
--
ALTER TABLE `tbl_purchase_items`
  ADD PRIMARY KEY (`cart_id`),
  ADD KEY `storage_id` (`storage_id`),
  ADD KEY `batch_no` (`batch_no`);

--
-- Indexes for table `tbl_purchase_order`
--
ALTER TABLE `tbl_purchase_order`
  ADD PRIMARY KEY (`id`);

--
-- Indexes for table `tbl_purchase_order_cart`
--
ALTER TABLE `tbl_purchase_order_cart`
  ADD PRIMARY KEY (`id`);

--
-- Indexes for table `tbl_purchase_payment`
--
ALTER TABLE `tbl_purchase_payment`
  ADD PRIMARY KEY (`payment_id`),
  ADD KEY `people_id` (`people_id`),
  ADD KEY `amount` (`amount`),
  ADD KEY `payment_type` (`payment_type`),
  ADD KEY `cheque_no` (`cheque_no`),
  ADD KEY `cheque_status` (`cheque_status`),
  ADD KEY `created_at` (`created_at`),
  ADD KEY `invoiceid` (`refrence_id`);

--
-- Indexes for table `tbl_purchase_return`
--
ALTER TABLE `tbl_purchase_return`
  ADD PRIMARY KEY (`id`);

--
-- Indexes for table `tbl_register`
--
ALTER TABLE `tbl_register`
  ADD PRIMARY KEY (`id`);

--
-- Indexes for table `tbl_register_end`
--
ALTER TABLE `tbl_register_end`
  ADD PRIMARY KEY (`id`);

--
-- Indexes for table `tbl_register_transaction`
--
ALTER TABLE `tbl_register_transaction`
  ADD PRIMARY KEY (`id`);

--
-- Indexes for table `tbl_return`
--
ALTER TABLE `tbl_return`
  ADD PRIMARY KEY (`id`);

--
-- Indexes for table `tbl_sales_payment`
--
ALTER TABLE `tbl_sales_payment`
  ADD PRIMARY KEY (`payment_id`),
  ADD KEY `people_id` (`people_id`),
  ADD KEY `amount` (`amount`),
  ADD KEY `payment_type` (`payment_type`),
  ADD KEY `cheque_no` (`cheque_no`),
  ADD KEY `cheque_status` (`cheque_status`),
  ADD KEY `created_at` (`created_at`),
  ADD KEY `invoiceid` (`refrence_id`);

--
-- Indexes for table `tbl_setting`
--
ALTER TABLE `tbl_setting`
  ADD PRIMARY KEY (`setting_id`);

--
-- Indexes for table `tbl_sold_items`
--
ALTER TABLE `tbl_sold_items`
  ADD PRIMARY KEY (`id`),
  ADD KEY `item_id` (`item_id`),
  ADD KEY `tbl_sold_items_ibfk_1` (`invoice_id`);

--
-- Indexes for table `tbl_stock_adjustment`
--
ALTER TABLE `tbl_stock_adjustment`
  ADD PRIMARY KEY (`id`);

--
-- Indexes for table `tbl_unit`
--
ALTER TABLE `tbl_unit`
  ADD PRIMARY KEY (`unit_id`);

--
-- Indexes for table `tbl_user`
--
ALTER TABLE `tbl_user`
  ADD PRIMARY KEY (`user_id`),
  ADD UNIQUE KEY `user_username` (`user_username`);

--
-- Indexes for table `tbl_user_log`
--
ALTER TABLE `tbl_user_log`
  ADD PRIMARY KEY (`id`);

--
-- Indexes for table `tbl_user_role`
--
ALTER TABLE `tbl_user_role`
  ADD PRIMARY KEY (`id`),
  ADD UNIQUE KEY `role` (`role`);

--
-- AUTO_INCREMENT for dumped tables
--

--
-- AUTO_INCREMENT for table `tbl_bank_account`
--
ALTER TABLE `tbl_bank_account`
  MODIFY `id` int(11) NOT NULL AUTO_INCREMENT, AUTO_INCREMENT=2;

--
-- AUTO_INCREMENT for table `tbl_bank_transaction`
--
ALTER TABLE `tbl_bank_transaction`
  MODIFY `id` int(11) NOT NULL AUTO_INCREMENT, AUTO_INCREMENT=3;

--
-- AUTO_INCREMENT for table `tbl_brand`
--
ALTER TABLE `tbl_brand`
  MODIFY `brand_id` int(10) NOT NULL AUTO_INCREMENT, AUTO_INCREMENT=62;

--
-- AUTO_INCREMENT for table `tbl_cart`
--
ALTER TABLE `tbl_cart`
  MODIFY `cart_id` int(11) NOT NULL AUTO_INCREMENT, AUTO_INCREMENT=2;

--
-- AUTO_INCREMENT for table `tbl_category`
--
ALTER TABLE `tbl_category`
  MODIFY `category_id` int(10) NOT NULL AUTO_INCREMENT, AUTO_INCREMENT=117;

--
-- AUTO_INCREMENT for table `tbl_expences`
--
ALTER TABLE `tbl_expences`
  MODIFY `expences_id` int(11) NOT NULL AUTO_INCREMENT, AUTO_INCREMENT=12;

--
-- AUTO_INCREMENT for table `tbl_invoice`
--
ALTER TABLE `tbl_invoice`
  MODIFY `id` int(11) NOT NULL AUTO_INCREMENT, AUTO_INCREMENT=298;

--
-- AUTO_INCREMENT for table `tbl_item`
--
ALTER TABLE `tbl_item`
  MODIFY `itm_id` int(10) NOT NULL AUTO_INCREMENT, AUTO_INCREMENT=579;

--
-- AUTO_INCREMENT for table `tbl_item_location`
--
ALTER TABLE `tbl_item_location`
  MODIFY `id` int(11) NOT NULL AUTO_INCREMENT, AUTO_INCREMENT=3;

--
-- AUTO_INCREMENT for table `tbl_item_suspended`
--
ALTER TABLE `tbl_item_suspended`
  MODIFY `id` int(11) NOT NULL AUTO_INCREMENT;

--
-- AUTO_INCREMENT for table `tbl_item_transfer`
--
ALTER TABLE `tbl_item_transfer`
  MODIFY `id` int(11) NOT NULL AUTO_INCREMENT, AUTO_INCREMENT=8;

--
-- AUTO_INCREMENT for table `tbl_master_data`
--
ALTER TABLE `tbl_master_data`
  MODIFY `id` int(11) NOT NULL AUTO_INCREMENT, AUTO_INCREMENT=6;

--
-- AUTO_INCREMENT for table `tbl_people`
--
ALTER TABLE `tbl_people`
  MODIFY `people_id` int(10) NOT NULL AUTO_INCREMENT, AUTO_INCREMENT=51;

--
-- AUTO_INCREMENT for table `tbl_purchase`
--
ALTER TABLE `tbl_purchase`
  MODIFY `id` int(11) NOT NULL AUTO_INCREMENT;

--
-- AUTO_INCREMENT for table `tbl_purchase_items`
--
ALTER TABLE `tbl_purchase_items`
  MODIFY `cart_id` int(11) NOT NULL AUTO_INCREMENT;

--
-- AUTO_INCREMENT for table `tbl_purchase_order`
--
ALTER TABLE `tbl_purchase_order`
  MODIFY `id` int(11) NOT NULL AUTO_INCREMENT;

--
-- AUTO_INCREMENT for table `tbl_purchase_order_cart`
--
ALTER TABLE `tbl_purchase_order_cart`
  MODIFY `id` int(11) NOT NULL AUTO_INCREMENT;

--
-- AUTO_INCREMENT for table `tbl_purchase_payment`
--
ALTER TABLE `tbl_purchase_payment`
  MODIFY `payment_id` int(10) NOT NULL AUTO_INCREMENT, AUTO_INCREMENT=6;

--
-- AUTO_INCREMENT for table `tbl_purchase_return`
--
ALTER TABLE `tbl_purchase_return`
  MODIFY `id` int(11) NOT NULL AUTO_INCREMENT, AUTO_INCREMENT=10;

--
-- AUTO_INCREMENT for table `tbl_register`
--
ALTER TABLE `tbl_register`
  MODIFY `id` int(11) NOT NULL AUTO_INCREMENT, AUTO_INCREMENT=3;

--
-- AUTO_INCREMENT for table `tbl_register_end`
--
ALTER TABLE `tbl_register_end`
  MODIFY `id` int(11) NOT NULL AUTO_INCREMENT, AUTO_INCREMENT=6;

--
-- AUTO_INCREMENT for table `tbl_register_transaction`
--
ALTER TABLE `tbl_register_transaction`
  MODIFY `id` int(11) NOT NULL AUTO_INCREMENT, AUTO_INCREMENT=10;

--
-- AUTO_INCREMENT for table `tbl_return`
--
ALTER TABLE `tbl_return`
  MODIFY `id` int(11) NOT NULL AUTO_INCREMENT, AUTO_INCREMENT=21;

--
-- AUTO_INCREMENT for table `tbl_sales_payment`
--
ALTER TABLE `tbl_sales_payment`
  MODIFY `payment_id` int(10) NOT NULL AUTO_INCREMENT, AUTO_INCREMENT=284;

--
-- AUTO_INCREMENT for table `tbl_setting`
--
ALTER TABLE `tbl_setting`
  MODIFY `setting_id` int(10) NOT NULL AUTO_INCREMENT, AUTO_INCREMENT=2;

--
-- AUTO_INCREMENT for table `tbl_sold_items`
--
ALTER TABLE `tbl_sold_items`
  MODIFY `id` int(11) NOT NULL AUTO_INCREMENT, AUTO_INCREMENT=919;

--
-- AUTO_INCREMENT for table `tbl_stock_adjustment`
--
ALTER TABLE `tbl_stock_adjustment`
  MODIFY `id` int(11) NOT NULL AUTO_INCREMENT, AUTO_INCREMENT=9;

--
-- AUTO_INCREMENT for table `tbl_unit`
--
ALTER TABLE `tbl_unit`
  MODIFY `unit_id` int(11) NOT NULL AUTO_INCREMENT, AUTO_INCREMENT=8;

--
-- AUTO_INCREMENT for table `tbl_user`
--
ALTER TABLE `tbl_user`
  MODIFY `user_id` int(11) NOT NULL AUTO_INCREMENT, AUTO_INCREMENT=4;

--
-- AUTO_INCREMENT for table `tbl_user_log`
--
ALTER TABLE `tbl_user_log`
  MODIFY `id` int(11) NOT NULL AUTO_INCREMENT, AUTO_INCREMENT=41;

--
-- AUTO_INCREMENT for table `tbl_user_role`
--
ALTER TABLE `tbl_user_role`
  MODIFY `id` int(11) NOT NULL AUTO_INCREMENT, AUTO_INCREMENT=4;

--
-- Constraints for dumped tables
--

--
-- Constraints for table `tbl_invoice`
--
ALTER TABLE `tbl_invoice`
  ADD CONSTRAINT `tbl_invoice_ibfk_1` FOREIGN KEY (`people_id`) REFERENCES `tbl_people` (`people_id`) ON UPDATE NO ACTION;

--
-- Constraints for table `tbl_purchase_items`
--
ALTER TABLE `tbl_purchase_items`
  ADD CONSTRAINT `tbl_purchase_items_ibfk_1` FOREIGN KEY (`storage_id`) REFERENCES `tbl_item_location` (`id`);

--
-- Constraints for table `tbl_sales_payment`
--
ALTER TABLE `tbl_sales_payment`
  ADD CONSTRAINT `tbl_sales_payment_ibfk_1` FOREIGN KEY (`people_id`) REFERENCES `tbl_people` (`people_id`) ON UPDATE NO ACTION;

--
-- Constraints for table `tbl_sold_items`
--
ALTER TABLE `tbl_sold_items`
  ADD CONSTRAINT `tbl_sold_items_ibfk_1` FOREIGN KEY (`invoice_id`) REFERENCES `tbl_invoice` (`id`),
  ADD CONSTRAINT `tbl_sold_items_ibfk_2` FOREIGN KEY (`item_id`) REFERENCES `tbl_item` (`itm_id`);
COMMIT;

/*!40101 SET CHARACTER_SET_CLIENT=@OLD_CHARACTER_SET_CLIENT */;
/*!40101 SET CHARACTER_SET_RESULTS=@OLD_CHARACTER_SET_RESULTS */;
/*!40101 SET COLLATION_CONNECTION=@OLD_COLLATION_CONNECTION */;
